"Marca temporal","Ocupación actual","¿En qué distrito vives?","¿Cuántas personas utilizan el internet en casa?","¿Cuántos dispositivos se conectan a la red de internet en tu domicilio?","¿Con qué tipo de servicio de internet cuentas?","¿Cuál es la empresa proveedora de tu servicio de internet?","¿Cuál es la empresa proveedora de tu servicio de internet?","¿Cuál es la empresa proveedora de tu servicio de internet?","¿Cuál es la empresa proveedora de tu servicio de internet?","¿Con cuántos Mbps cuenta el plan de internet que contratas?","¿Cuál es el costo mensual en soles de tu plan de internet?","Del 1 al 5, ¿Qué tan satisfecho te encuentras con la estabilidad de conexión que cuentas?","Megas de descarga (Mbps)","Megas de carga (Mbps)","PING (ms)"
"2021/09/27 7:00:46 p. m. GMT-5","Estudiante","Santiago de Surco","4","10","Internet inalámbrico","","","Telesistemas Perú","","120 de descarga y 20 de carga","Sin conocimiento","4","120","20","70"
"2021/09/27 7:09:39 p. m. GMT-5","Estudiante","Puente Piedra","7","8","Internet inalámbrico","","","Claro","","34.21","100","3","34.21","16.58","11"
"2021/09/27 7:09:52 p. m. GMT-5","Estudiante","Barranco","4","3","Fibra óptica","Telefónica","","","","180","265","4","180.90","179.72","19"
"2021/09/27 7:18:53 p. m. GMT-5","Estudiante","Cercado de Lima","12","17","Fibra óptica","Win","","","","150","179","4","93.48","87.54","2"
"2021/09/27 7:25:27 p. m. GMT-5","Trabajador","Chorrillos","3","7","Internet inalámbrico","","","Movistar","","120","99","4","94.27","80","14"
"2021/09/27 7:33:39 p. m. GMT-5","Estudiante","San Juan de Miraflores","4","6","Internet inalámbrico","","","Movistar","","50","80","4","50.31","17.02","11"
"2021/09/27 7:36:58 p. m. GMT-5","Estudiante","Barranco","4","7","Internet inalámbrico","","","Movistar","","10","50","3","8","4","35"
"2021/09/27 7:38:05 p. m. GMT-5","Estudiante","Barranco","3","5","Internet inalámbrico","","","Claro","","30","70","4","30","10","100"
"2021/09/27 7:40:19 p. m. GMT-5","Estudiante","San Miguel","5","5","Internet inalámbrico","","","Movistar","","220","240","3","220","15","10"
"2021/09/27 7:47:49 p. m. GMT-5","Estudiante","Barranco","4","4","Fibra óptica","Telefónica","","","","200","165","5","239.83","155.85","14"
"2021/09/27 7:49:41 p. m. GMT-5","Estudiante","Comas","6","8","Internet inalámbrico","","","Telesistemas Perú","","2","80","2","2","2","4"
"2021/09/27 7:55:01 p. m. GMT-5","Estudiante","Pueblo Libre","4","12","Internet inalámbrico","","","Movistar","","100","100","2","38.73","21.86","13"
"2021/09/27 7:55:20 p. m. GMT-5","Trabajador","Santiago de Surco","5","4","Internet inalámbrico","","","Movistar","","60 ","200","3","56.74","12.61","37"
"2021/09/27 7:56:15 p. m. GMT-5","Estudiante","Barranco","4","4","Fibra óptica","Movistar","","","","200","165","5","545.23","410.34","12"
"2021/09/27 7:56:22 p. m. GMT-5","Estudiante","San Juan de Lurigancho","3","8","Fibra óptica","Win","","","","70","99","5","50","49","19"
"2021/09/27 7:59:29 p. m. GMT-5","Estudiante","Lince","6","8","Fibra óptica","Cable Visión","","","","6000","40","3","8","5","5"
"2021/09/27 8:02:02 p. m. GMT-5","Trabajador","San Juan de Lurigancho","3","8","Fibra óptica","Claro","","","","20","70","2","20","4","20 "
"2021/09/27 8:06:58 p. m. GMT-5","Estudiante","Chorrillos","3","3","Fibra óptica","Claro","","","","50","70","4","50","15","7"
"2021/09/27 8:06:58 p. m. GMT-5","Estudiante","La Victoria","5","4","Internet inalámbrico","","","Movistar","","8","50","3","29.37","11.01","25"
"2021/09/27 8:07:59 p. m. GMT-5","Estudiante","San Miguel","5","5","Internet inalámbrico","","","Movistar","","150","242.90","3","28.71","28.71","109"
"2021/09/27 8:08:04 p. m. GMT-5","Estudiante","Carabayllo","6","9","Fibra óptica","Movistar","","","","40","40","3","4","5","4"
"2021/09/27 8:08:19 p. m. GMT-5","Estudiante","San Isidro","5","8 ","Internet inalámbrico","","","Movistar","","50","100","4","46","40","6"
"2021/09/27 8:11:07 p. m. GMT-5","Estudiante","Punta Negra","4","10","Internet inalámbrico","","","Entel","","30000","50","4","600","3000","00000"
"2021/09/27 8:14:06 p. m. GMT-5","Estudiante","Chosica","10","8","Internet inalámbrico","","","Movistar","","20","35","1","10","10","1"
"2021/09/27 8:14:09 p. m. GMT-5","Estudiante","Callao","7","15","Fibra óptica","Claro","","","","14","80","3","12","16","0000"
"2021/09/27 8:19:10 p. m. GMT-5","Estudiante","San Juan de Lurigancho","6","10","Internet inalámbrico","","","Movistar","","40","170","4","40","15","19"
"2021/09/27 8:19:13 p. m. GMT-5","Estudiante","Jesús María","3","6","Internet inalámbrico","","","Movistar","","100","75.9","4","72.18","33.28","13"
"2021/09/27 8:20:03 p. m. GMT-5","Estudiante","San Juan de Lurigancho","6","9","Fibra óptica","Ultra","","","","30","69","5","50","40","3"
"2021/09/27 8:20:29 p. m. GMT-5","Estudiante","San Miguel","4","9","Internet inalámbrico","","","Movistar","","57","210","2","54.36","9.79","25"
"2021/09/27 8:21:38 p. m. GMT-5","Estudiante","Chosica","3","3","Fibra óptica","Claro","","","","20","80 ","4","18","21","20"
"2021/09/27 8:23:08 p. m. GMT-5","Estudiante","Puente Piedra","2","4","Fibra óptica","Claro","","","","8","80","3","8","8","5"
"2021/09/27 8:25:29 p. m. GMT-5","Estudiante","San Miguel","15","7","Internet Satelital","","Hughesnet","","","40","300","2","48","58","57"
"2021/09/27 8:26:17 p. m. GMT-5","Estudiante","Ate","4","5","Internet inalámbrico","","","Movistar","","50","75.90","4","52","20","11"
"2021/09/27 8:30:19 p. m. GMT-5","Estudiante","San Martin de Porres","10","100","Internet inalámbrico","","","Movistar","","10","80","4","15.94","17.24","13"
"2021/09/27 8:33:55 p. m. GMT-5","Trabajador","San Martin de Porres","10","8","Internet inalámbrico","","","Movistar","","10","80","5","15.94","17.15","14"
"2021/09/27 8:35:42 p. m. GMT-5","Estudiante","San Juan de Lurigancho","5","7","Internet inalámbrico","","","Movistar","","20","90","3","20","20","15"
"2021/09/27 8:38:56 p. m. GMT-5","Estudiante","San Miguel","2","10","Internet 5G","","","","Claro","100","100","1","12","12","8"
"2021/09/27 8:39:09 p. m. GMT-5","Estudiante","Ate","2","3","Internet inalámbrico","","","Olo","","60","100","5","60","60","10"
"2021/09/27 8:40:12 p. m. GMT-5","Estudiante","San Juan de Lurigancho","5","6","Internet inalámbrico","","","Claro","","50","80","4","0.93","0.22","26"
"2021/09/27 8:40:38 p. m. GMT-5","Estudiante","Los Olivos","4","4","Internet 5G","","","","Claro","50","40","2","2","2","3"
"2021/09/27 8:42:53 p. m. GMT-5","Estudiante","Santa Anita","4","6","Internet inalámbrico","","","Claro","","20","65","4","0.91","0.21","27"
"2021/09/27 8:45:55 p. m. GMT-5","Estudiante","Los Olivos","3","5","Internet inalámbrico","","","Claro","","20","80","4","0.94","0.24","28"
"2021/09/27 8:47:44 p. m. GMT-5","Estudiante","Comas","12","4","Internet inalámbrico","","","Movistar","","50","80","4","39.06","39.06","17"
"2021/09/27 8:50:50 p. m. GMT-5","Estudiante","San Juan de Miraflores","4","4","Fibra óptica","Claro","","","","23","120","4","123","121","8"
"2021/09/27 8:51:17 p. m. GMT-5","Estudiante","Barranco","2","3","Internet inalámbrico","","","Movistar","","30","120","3","30.71","11.06","14"
"2021/09/27 9:12:46 p. m. GMT-5","Estudiante","Miraflores","3","5","Internet inalámbrico","","","Claro","","10","50","2","3","2","240"
"2021/09/27 9:15:31 p. m. GMT-5","Estudiante","San Miguel","4","7","Internet inalámbrico","","","Movistar","","60","80","2","23.5","16.8","21"
"2021/09/27 9:19:56 p. m. GMT-5","Estudiante","Pueblo Libre","5","9","Fibra óptica","Movistar","","","","60","150","3","83.46","24.94","9"
"2021/09/27 9:24:14 p. m. GMT-5","Estudiante","San Miguel","5","20","Internet inalámbrico","","","Movistar","","5","160","5","100","100","100"
"2021/09/27 9:27:27 p. m. GMT-5","Estudiante","San Juan de Lurigancho","4","5","Internet inalámbrico","","","Movistar","","20","120","2","35","0","10"
"2021/09/27 9:48:24 p. m. GMT-5","Estudiante","Pachacamac","4","7","Internet inalámbrico","","","Movistar","","54","85","3","18.79","18.79","21"
"2021/09/27 9:54:03 p. m. GMT-5","Estudiante","San Juan de Lurigancho","3","5","Internet inalámbrico","","","Claro","","200","69.90","4","18","23","12"
"2021/09/27 10:03:52 p. m. GMT-5","Trabajador","San Martin de Porres","7","10","Internet inalámbrico","","","Movistar","","10","80","5","15.94","17.15","13"
"2021/09/27 10:09:34 p. m. GMT-5","Estudiante","Independencia","4","20","Fibra óptica","Movistar","","","","120","80","2","120","72","140"
"2021/09/27 10:19:12 p. m. GMT-5","Estudiante","Surquillo","2","4","Internet inalámbrico","","","Claro","","30","120","3","21.18","20","13"
"2021/09/27 10:20:02 p. m. GMT-5","Estudiante","Comas","5","4","Internet inalámbrico","","","Movistar","","70","124","2","12.80","0.84","18"
"2021/09/27 10:33:37 p. m. GMT-5","Estudiante","Chorrillos","5","5","Fibra óptica","Movistar","","","","50","160","3","39.85","50","15"
"2021/09/27 10:43:28 p. m. GMT-5","Estudiante","Comas","4","7","Internet inalámbrico","","","Movistar","","40","150","3","40","50","16"
"2021/09/27 11:07:51 p. m. GMT-5","Estudiante","Callao","4","8","Internet inalámbrico","","","Movistar","","30","62","2","7.81","2.52","26"
"2021/09/27 11:31:14 p. m. GMT-5","Estudiante","San Juan de Lurigancho","3","5","Fibra óptica","Movistar","","","","20","100","3","21.77","11.10","9"
"2021/09/27 11:31:42 p. m. GMT-5","Estudiante","Comas","2","5","Internet inalámbrico","","","Movistar","","25","90","2","22","22","16"
"2021/09/27 11:35:43 p. m. GMT-5","Estudiante","Santa Anita","2 ","3","Internet inalámbrico","","","Entel","","15","60","3","12","4","20"
"2021/09/27 11:38:51 p. m. GMT-5","Estudiante","Ancón","10","15","Fibra óptica","Movistar","","","","12","89","3","5","4","234"
"2021/09/27 11:42:11 p. m. GMT-5","Estudiante","Barranco","1","5","Internet inalámbrico","","","Movistar","","15","60","2","10","5","140"
"2021/09/27 11:44:04 p. m. GMT-5","Estudiante","Puente Piedra","8","7","Internet inalámbrico","","","Entel","","1000","100","4","688","685","434"
"2021/09/27 11:49:37 p. m. GMT-5","Estudiante","Miraflores","6","12","Internet inalámbrico","","","Movistar","","25","55","3","30","12","34"
"2021/09/27 11:49:51 p. m. GMT-5","Estudiante","Villa Maria del Triunfo","5","5","Internet inalámbrico","","","Movistar","","40","200","3","2.79","5.31","10"
"2021/09/27 11:52:13 p. m. GMT-5","Estudiante","San Juan de Lurigancho","5","5","Internet inalámbrico","","","Entel","","15","30","3","15","15","20"
"2021/09/27 11:56:24 p. m. GMT-5","Estudiante","Villa el Salvador","3","4","Fibra óptica","Movistar","","","","100","50","3","12.7","16.9","4"
"2021/09/28 12:50:30 a. m. GMT-5","Estudiante","Puente Piedra","7","10","Internet inalámbrico","","","Movistar","","16.65","150","4","42.29","16.74","11"
"2021/09/28 12:57:51 a. m. GMT-5","Estudiante","Callao","4","6","Internet Satelital","","Hypernet","","","4","50","3","4.52","3.67","14"
"2021/09/28 7:53:48 a. m. GMT-5","Estudiante","Ate","3","6","Fibra óptica","Movistar","","","","8","125","3","18.69","12.40","32"
"2021/09/28 9:14:45 a. m. GMT-5","Estudiante","San Juan de Lurigancho","3","5","Internet inalámbrico","","","Movistar","","30","62","3","31.27","31.27","14"
"2021/09/28 9:21:53 a. m. GMT-5","Estudiante","Los Olivos","4","6","Internet inalámbrico","","","Telesistemas Perú","","10","50","3","10","10","150"
"2021/09/28 11:36:59 a. m. GMT-5","Estudiante","Callao","5","6","Fibra óptica","Claro","","","","50","80","4","54.25","6.47","9"
"2021/09/28 12:27:25 p. m. GMT-5","Estudiante","Cercado de Lima","5","13","Fibra óptica","Win","","","","200","75","4","25.97","11.59","3"
"2021/09/28 12:32:07 p. m. GMT-5","Estudiante","San Juan de Lurigancho","3","8","Fibra óptica","Win","","","","70","99","4","60","68","19"
"2021/09/28 12:33:13 p. m. GMT-5","Estudiante","Miraflores","4","3","Internet inalámbrico","","","Entel","","20","70","2","15","10","75"
"2021/09/28 12:39:40 p. m. GMT-5","Estudiante","San Juan de Lurigancho","5","9","Fibra óptica","Claro","","","","15","50","2","15","10","10"
"2021/09/28 12:41:51 p. m. GMT-5","Estudiante","Villa Maria del Triunfo","5","5","Internet inalámbrico","","","Movistar","","40","200","2","11","1.97","6.99"
"2021/09/28 12:53:18 p. m. GMT-5","Estudiante","San Juan de Lurigancho","8","15","Internet inalámbrico","","","Movistar","","50","75","3","30.01","29.27","10"
"2021/09/28 12:58:08 p. m. GMT-5","Estudiante","San Juan de Lurigancho","6","7","Internet inalámbrico","","","Movistar","","40","75","4","30.18","23.45","10"
"2021/09/28 12:59:18 p. m. GMT-5","Estudiante","Villa Maria del Triunfo","8","10","Fibra óptica","Claro","","","","20","100","4","20","20","20"
"2021/09/28 1:04:24 p. m. GMT-5","Estudiante","Barranco","4","6","Fibra óptica","Cable Visión","","","","100","95","4","100","100","20"
"2021/09/28 1:42:17 p. m. GMT-5","Estudiante","Ate","5","3","Fibra óptica","Movistar","","","","35.28","75","3","36.77","21.29","9"
"2021/09/28 1:53:48 p. m. GMT-5","Estudiante","Callao","8","11","Fibra óptica","Claro","","","","90","120","4","90","90","7"
"2021/09/28 2:24:27 p. m. GMT-5","Estudiante","Cercado de Lima","4","8","Fibra óptica","Movistar","","","","100","190","4","104.1","32.5","14"
"2021/09/28 2:27:31 p. m. GMT-5","Estudiante","La Molina","3","10","Internet inalámbrico","","","Claro","","125","80","3","30.45","28.47","2"
"2021/09/28 2:37:13 p. m. GMT-5","Estudiante","Miraflores","4","10","Fibra óptica","Nubyx","","","","100","100","5","99","100","3"
"2021/09/28 2:45:34 p. m. GMT-5","Estudiante","Jesús María","4","6","Internet inalámbrico","","","Movistar","","100","70","5","239.82","171.56","6"
"2021/09/28 2:50:13 p. m. GMT-5","Estudiante","San Borja","3","9","Internet inalámbrico","","","Movistar","","250","200","4","27.84","12.86","1"
"2021/09/28 3:15:09 p. m. GMT-5","Estudiante","Barranco","1","4","Internet inalámbrico","","","Claro","","100","65","4","24.61","20.41","2"
"2021/09/28 3:25:43 p. m. GMT-5","Estudiante","Comas","4","8","Internet inalámbrico","","","Entel","","100","80","3","15.47","10.36","3"
"2021/09/28 3:27:52 p. m. GMT-5","Estudiante","Jesús María","3","8","Internet inalámbrico","","","Movistar","","30","62.90","3","25.12","6.45","21"
"2021/09/28 4:09:48 p. m. GMT-5","Estudiante","Los Olivos","3","5","Fibra óptica","Win","","","","100","120","4","90","100","70"
"2021/09/28 5:36:31 p. m. GMT-5","Estudiante","Jesús María","3","6","Internet inalámbrico","","","Claro","","150","120","4","30.37","20.41","1"
"2021/09/28 5:44:28 p. m. GMT-5","Estudiante","Miraflores","4","10","Internet inalámbrico","","","Movistar","","100","100","2","81.03","19.17","9"
"2021/09/28 6:00:26 p. m. GMT-5","Estudiante","San Juan de Lurigancho","4","9","Fibra óptica","Win","","","","100","75","5","25.94","17.58","1"
"2021/09/28 6:15:53 p. m. GMT-5","Estudiante","Villa el Salvador","3","5","Internet inalámbrico","","","Claro","","100","79","4","23.82","16.72","4"
"2021/09/28 6:18:52 p. m. GMT-5","Estudiante","Miraflores","2","7","Fibra óptica","Claro","","","","200","150","5","30.47","28.16","1"
"2021/09/28 6:21:41 p. m. GMT-5","Trabajador","Breña","12","14","Internet 5G","","","","Otro","200","300","5","200","300","40"
"2021/09/28 6:28:26 p. m. GMT-5","Estudiante","San Martin de Porres","4","6","Internet inalámbrico","","","Movistar","","100","70","4","24.78","11.45","2"
"2021/09/28 8:03:44 p. m. GMT-5","Estudiante","Rímac","4","6","Internet inalámbrico","","","Movistar","","150","120","4","29.49","11.59","3"
"2021/09/28 8:41:28 p. m. GMT-5","Estudiante","San Juan de Lurigancho","3","9","Internet inalámbrico","","","Claro","","40","120","3","34.73","4.44","13"
"2021/09/28 10:03:53 p. m. GMT-5","Estudiante","Santiago de Surco","4","4","Fibra óptica","Otro","","","","30","35","4","20","20","20"
"2021/09/28 10:40:58 p. m. GMT-5","Estudiante","Santiago de Surco","5","21","Fibra óptica","Movistar","","","","350","400","5","350","350","7"
"2021/09/28 10:46:16 p. m. GMT-5","Estudiante","Chorrillos","4","15","Fibra óptica","Movistar","","","","50","75","2","16","14","15"
"2021/09/28 10:50:21 p. m. GMT-5","Estudiante","Comas","2","3","Internet inalámbrico","","","Claro","","100","75","4","25.36","17.84","1"
"2021/09/28 10:52:09 p. m. GMT-5","Estudiante","Lince","3","5","Internet inalámbrico","","","Entel","","150","115","5","29.46","20.41","1"
"2021/09/28 10:53:47 p. m. GMT-5","Estudiante","Pueblo Libre","4","8","Internet inalámbrico","","","Movistar","","150","120","4","23.91","19.46","2"
"2021/09/29 9:11:14 a. m. GMT-5","Trabajador","Ate","4","6","Fibra óptica","Cable Visión","","","","20","80","5","20","20","80"
"2021/09/29 4:39:37 p. m. GMT-5","Estudiante","San Juan de Miraflores","5","13","Fibra óptica","Otro","","","","100","120","4","38","64","5"
"2021/09/29 6:07:12 p. m. GMT-5","Estudiante","La Molina","4","12","Internet inalámbrico","","","Claro","","80","159","4","80.36","16.39","11"
"2021/09/29 7:27:17 p. m. GMT-5","Estudiante","San Juan de Lurigancho","7","8","Internet inalámbrico","","","Movistar","","100","75","3","100","200","100"
"2021/10/25 5:50:27 p. m. GMT-5","Estudiante","Chorrillos","3","8","Fibra óptica","Nubyx","","","","150","149","4","22.45","22.45","11"
"2021/10/25 5:50:50 p. m. GMT-5","Estudiante","Chorrillos","3","8","Internet inalámbrico","","","Movistar","","80","179.80","4","57.16","16.83","8"
"2021/10/27 11:21:28 a. m. GMT-5","Estudiante","Los Olivos","2","2","Fibra óptica","Otro","","","","50","70","4","45","46","10"
"2021/10/27 11:26:39 a. m. GMT-5","Estudiante","Callao","9","12","Fibra óptica","Claro","","","","100","100","4","97.78","37.72","11"
"2021/10/27 11:31:42 a. m. GMT-5","Estudiante","Barranco","4","10","Internet inalámbrico","","","Movistar","","100","280","3","16.98","14.97","16"
"2021/10/27 11:51:32 a. m. GMT-5","Trabajador","Pueblo Libre","3","3","Fibra óptica","Win","","","","150","159","5","163","163","3"
"2021/10/27 12:08:08 p. m. GMT-5","Estudiante","Santiago de Surco","4","10","Fibra óptica","Movistar","","","","18","100","4","94.04","19.32","10"
"2021/10/27 12:47:55 p. m. GMT-5","Trabajador","Miraflores","3","7","Internet 5G","","","","Otro","  61 ","300 ","4","25","16","273"
"2021/10/27 12:53:01 p. m. GMT-5","Estudiante","Chorrillos","4","25","Fibra óptica","Nubyx","","","","109","99","5","83.87","81.78","3"
"2021/10/27 3:13:41 p. m. GMT-5","Trabajador","Comas","2","3","Fibra óptica","Movistar","","","","100","170","4","100.23","32.84","8"
"2021/10/27 4:33:40 p. m. GMT-5","Estudiante","Jesús María","5","11","Internet inalámbrico","","","Movistar","","131150","150","3","150","40","80"
"2021/10/27 7:52:13 p. m. GMT-5","Estudiante","Santiago de Surco","5","8","Internet inalámbrico","","","Movistar","","125","120.50","4","35.19","16.52","11"
"2021/10/27 7:57:10 p. m. GMT-5","Estudiante","Chorrillos","4","6","Fibra óptica","Win","","","","100","119","5","92.30","85.13","5"
"2021/10/29 7:45:23 p. m. GMT-5","Trabajador","Jesús María","4","6","Fibra óptica","Win","","","","30","79","5","33.95","33.90","1"
"2021/10/29 11:59:57 p. m. GMT-5","Trabajador","Villa Maria del Triunfo","9","7","Fibra óptica","Claro","","","","50","155","4","50.85","17.07","5"
"2021/10/30 12:13:25 p. m. GMT-5","Estudiante","Callao","5","8","Internet Satelital","","Otro","","","10","30","3","8.82","6.23","20"
"2021/10/30 12:14:21 p. m. GMT-5","Estudiante","San Martin de Porres","4","6","Fibra óptica","Movistar","","","","240","120","4","118","31.66","8"
"2021/10/30 12:22:16 p. m. GMT-5","Estudiante","Chosica","4","8","Internet inalámbrico","","","Movistar","","300","52","2","250","300","16"
"2021/10/30 12:32:31 p. m. GMT-5","Estudiante","San Martin de Porres","4","5","Internet inalámbrico","","","Claro","","100","100","5","107.77","32.49","9"
"2021/10/30 12:33:15 p. m. GMT-5","Estudiante","Callao","6","10","Fibra óptica","Win","","","","70","100","5","70.70","70.35","2"
"2021/10/30 12:36:25 p. m. GMT-5","Estudiante","Ate","4","7","Fibra óptica","Movistar","","","","60","109","2","20","30","25"
"2021/10/30 12:36:40 p. m. GMT-5","Estudiante","Los Olivos","2","5","Fibra óptica","América Móvil","","","","80","134","3","78.62","33.22","9"
"2021/10/30 12:37:28 p. m. GMT-5","Estudiante","Los Olivos","4","5","Internet inalámbrico","","","Claro","","50","60","4","25.22","9.76","11"
"2021/10/31 11:09:27 p. m. GMT-5","Estudiante","Surquillo","4","8","Fibra óptica","Movistar","","","","20","140","4","16.36","93.89","3"
"2021/11/01 6:05:01 p. m. GMT-5","Estudiante","Callao","3","5","Fibra óptica","Claro","","","","50","70","4","43.56","10.12","11"
"2021/11/01 6:09:17 p. m. GMT-5","Estudiante","Pueblo Libre","5","5","Internet inalámbrico","","","Movistar","","120","150","4","25","120","12"
"2021/11/01 6:10:24 p. m. GMT-5","Estudiante","Independencia","2","4","Fibra óptica","Movistar","","","","40","180","4","38","15","101"
"2021/11/01 6:12:53 p. m. GMT-5","Estudiante","San Juan de Lurigancho","6","6","Internet inalámbrico","","","Otro","","4","60","3","102","100","2"
"2021/11/01 6:13:21 p. m. GMT-5","Estudiante","Barranco","5","9","Internet inalámbrico","","","Movistar","","40","140","3","34.69","16.52","51"
"2021/11/01 6:15:10 p. m. GMT-5","Estudiante","San Juan de Lurigancho","6","5","Fibra óptica","Claro","","","","100","90","4","38.73","32.06","10"
"2021/11/01 6:17:21 p. m. GMT-5","Estudiante","Lince","5","6","Internet inalámbrico","","","Claro","","40","99","3","22.9","12.13","14"
"2021/11/02 2:50:22 p. m. GMT-5","Estudiante","Miraflores","4","6","Internet inalámbrico","","","Claro","","100","150","4","120","20","10"
"2021/11/02 3:58:07 p. m. GMT-5","Estudiante","Barranco","4","4","Fibra óptica","Movistar","","","","230","165","5","230","220","2"
"2021/11/02 5:08:05 p. m. GMT-5","Estudiante","Callao","4","5","Fibra óptica","Movistar","","","","30","40","3","3.50","0","22"
"2021/11/02 5:15:27 p. m. GMT-5","Estudiante","Santiago de Surco","5","8","Fibra óptica","Movistar","","","","50","70","4","16.23","5.34","9"
"2021/11/02 5:17:27 p. m. GMT-5","Estudiante","Cercado de Lima","3","6","Internet inalámbrico","","","Movistar","","50","84","4","13.44","13.44","12"
"2021/11/02 5:25:11 p. m. GMT-5","Estudiante","San Juan de Miraflores","5","5","Fibra óptica","Claro","","","","72","70","4","100","100","100"
"2021/11/02 9:35:01 p. m. GMT-5","Estudiante","El agustino","5","10","Fibra óptica","Win","","","","113","100","4","113","113","1"
"2021/11/02 9:39:01 p. m. GMT-5","Estudiante","Santiago de Surco","8","13","Fibra óptica","Movistar","","","","80","200","3","40","20","18"
"2021/11/02 9:43:34 p. m. GMT-5","Estudiante","Independencia","4","7","Internet inalámbrico","","","Otro","","30","100","4","30","30","16"
"2021/11/03 3:06:36 p. m. GMT-5","Estudiante","Barranco","4","7","Internet inalámbrico","","","Claro","","300","200","4","137","34.09","16"