{"chunk_definitions":[{"row":16,"row_count":1,"visible":true,"expansion_state":0,"options":{"engine":"r","label":"setup","include":false},"document_id":"A9E372DA","chunk_id":"csetup_chunk","chunk_label":"setup"},{"row":225,"row_count":1,"visible":true,"expansion_state":0,"options":{"engine":"r","echo":false,"label":"unnamed-chunk-1"},"document_id":"A9E372DA","chunk_id":"cpob8b8wt0w65","chunk_label":"unnamed-chunk-21"},{"row":237,"row_count":1,"visible":true,"expansion_state":0,"options":{"engine":"r","echo":false,"label":"unnamed-chunk-2"},"document_id":"A9E372DA","chunk_id":"c49lfrfz6fik5","chunk_label":"unnamed-chunk-22"},{"row":254,"row_count":1,"visible":true,"expansion_state":0,"options":{"engine":"r","echo":false,"label":"unnamed-chunk-3"},"document_id":"A9E372DA","chunk_id":"cwwc6nnbq7bd6","chunk_label":"unnamed-chunk-23"},{"row":268,"row_count":1,"visible":true,"expansion_state":0,"options":{"engine":"r","echo":false,"label":"unnamed-chunk-4"},"document_id":"A9E372DA","chunk_id":"cf21fx5t3ddob","chunk_label":"unnamed-chunk-24"},{"row":283,"row_count":1,"visible":true,"expansion_state":0,"options":{"engine":"r","echo":false,"label":"unnamed-chunk-5"},"document_id":"A9E372DA","chunk_id":"cpqt92cma02n9","chunk_label":"unnamed-chunk-25"},{"row":444,"row_count":1,"visible":true,"expansion_state":0,"options":{"engine":"r","eval":true,"echo":false,"message":false,"warning":false,"label":"unnamed-chunk-9"},"document_id":"A9E372DA","chunk_id":"cinz3vsj07l0g","chunk_label":"unnamed-chunk-29"},{"row":448,"row_count":1,"visible":true,"expansion_state":0,"options":{"engine":"r","eval":true,"echo":false,"message":false,"warning":false,"label":"unnamed-chunk-10"},"document_id":"A9E372DA","chunk_id":"clia8g0hd848w","chunk_label":"unnamed-chunk-30"},{"row":583,"row_count":1,"visible":true,"expansion_state":0,"options":{"engine":"r","eval":false,"echo":false,"message":false,"warning":false,"label":"unnamed-chunk-9"},"document_id":"A9E372DA","chunk_id":"chxiwykehk7ju","chunk_label":"unnamed-chunk-35"},{"row":623,"row_count":1,"visible":true,"expansion_state":0,"options":{"engine":"r","eval":true,"echo":false,"message":false,"warning":false,"label":"unnamed-chunk-11"},"document_id":"A9E372DA","chunk_id":"c47tms2g84nq7","chunk_label":"unnamed-chunk-36"},{"row":633,"row_count":1,"visible":true,"expansion_state":0,"options":{"engine":"r","label":"unnamed-chunk-11"},"document_id":"A9E372DA","chunk_id":"cgisv1lnzec5g","chunk_label":"unnamed-chunk-37"},{"row":639,"row_count":1,"visible":true,"expansion_state":0,"options":{"engine":"r","label":"unnamed-chunk-12"},"document_id":"A9E372DA","chunk_id":"c2p2bxy5w6edq","chunk_label":"unnamed-chunk-38"},{"row":659,"row_count":1,"visible":true,"expansion_state":0,"options":{"engine":"r","label":"unnamed-chunk-14"},"document_id":"A9E372DA","chunk_id":"cpteax4u5uj2b","chunk_label":"unnamed-chunk-40"},{"row":664,"row_count":1,"visible":true,"expansion_state":0,"options":{"engine":"r","label":"unnamed-chunk-16"},"document_id":"A9E372DA","chunk_id":"cbh0fug4aryxm","chunk_label":"unnamed-chunk-41"},{"row":672,"row_count":1,"visible":true,"expansion_state":0,"options":{"engine":"r","label":"unnamed-chunk-17"},"document_id":"A9E372DA","chunk_id":"cqu8salt8ep2q","chunk_label":"unnamed-chunk-42"},{"row":736,"row_count":1,"visible":true,"expansion_state":0,"options":{"engine":"r","eval":true,"echo":false,"message":false,"warning":false,"label":"unnamed-chunk-6"},"document_id":"A9E372DA","chunk_id":"c4equzvib2lnn","chunk_label":"unnamed-chunk-44"},{"row":765,"row_count":1,"visible":true,"expansion_state":0,"options":{"engine":"r","eval":true,"echo":false,"message":false,"warning":false,"label":"unnamed-chunk-8"},"document_id":"A9E372DA","chunk_id":"cd6q99jvvv26b","chunk_label":"unnamed-chunk-45"}],"doc_write_time":1638562464,"chunk_rendered_width":700}