Marca temporal,Dirección de correo electrónico,¿Eres estudiante becado?,Ingresa tu código,Seleccione su sexo,Seleccione su tipo de beca,Selecciona la carrera a que perteneces,Selecione su ciclo actual,"Seleccione su región de procedencia
Nota: Al momento de postular a la beca",¿Tu puntaje al momento de obtener la beca te condicionó a la elección de tu carrera?,Selecciona el distrito de Lima donde reside actualmente,Ingrese la cantidad de minutos que demoras en llegar a la universidad,Selecciona la cantidad de cursos que llevas actualmente,Cantidad de cursos que llevaste el ciclo anterior,Selecciona la cantidad cursos reprobados hasta el momento,"¿Cuál fue tú promedio ponderado del primer ciclo?
Si no sabes como visualizar tu promedio sigues los pasos descritos en la imagen
NOTA: Tomar el promedio ponderado por periodo no el acumulado
Aqui puedes ingresar a tu sistema académico","¿Cuál fue tú promedio ponderado general en el último ciclo?
Puedes guiarte de la imagen de la pregunta anterior para responder esta pregunta
Aqui puedes ingresar a tu sistema académico  
NOTA: Tomar el promedio ponderado por periodo no el acumulado. ",¿Cuentas con espacios adecuados de estudio?,¿Cuántas horas al día estudias? a parte de las clases de la universidad,¿Realizas alguna actividad física ?,¿Consideras que llevas una alimentación adecuada?,Ingresa la cantidad en soles de tu subvención 
25/04/2023 17:17:35,ingrid.jaque@utec.edu.pe,SI,202120300,Femenino,Beca subvencionada por el Estado (Pronabec),Ingeniería Química,4° ciclo,Lima Metropolitana,Si,Puente piedra,120,5,6,2,17,17,Sí,7,Sí,Sí,920
25/04/2023 17:42:03,isai.torres@utec.edu.pe,SI,202120572,Masculino,Beca subvencionada por el Estado (Pronabec),Ingeniería Civil,4° ciclo,Ayacucho,Si,Ate,5.24,6,8,6,14.5,13,No,12,No,No sé,500
25/04/2023 18:14:03,antony.paredes@utec.edu.pe,SI,202020119,Masculino,Beca subvencionada por el Estado (Pronabec),Ingeniería Química,6° ciclo,Callao,No,Villa María del Triunfo,60,5,5,2,14,14,Sí,3,No,Sí,920
25/04/2023 18:16:14,jareson.estrada@utec.edu.pe,SI,202220298,Masculino,Beca subvencionada por el Estado (Pronabec),Ingeniería Mecánica,2° ciclo,Junín,Si,San Juan de Lurigancho,60,8,6,0,13,13,Sí,2,Sí,Sí,900
25/04/2023 18:18:23,nicole.mendoza@utec.edu.pe,SI,202120367,Femenino,Beca subvencionada por el Estado (Pronabec),Ingeniería Industrial,4° ciclo,Lima,Si,Puente piedra,180,6,6,7,18,15,No,4,Sí,Sí,920
25/04/2023 18:26:36,robi.mejia@utec.edu.pe,SI,202210364,Masculino,Beca subvencionada por el Estado (Pronabec),Ingeniería Electrónica,3° ciclo,Piura,No,Barranco,10,6,6,0,16.45,15.40,Sí,8,No,No,920
25/04/2023 18:37:19,jose.paye@utec.edu.pe,SI,202110624,Masculino,Beca subvencionada por el Estado (Pronabec),Ingeniería Mecánicatronica,5° ciclo,Cusco,Si,Chorrillos,60,4,5,5,15,13,No,4,No,No sé,920
25/04/2023 19:06:10,valeria.miranda@utec.edu.pe,SI,202120374,Femenino,Beca subvencionada por el Estado (Pronabec),Ciencia de la computación,4° ciclo,Callao,Si,Surquillo,30,4,4,3,15,15,No,8,Sí,No,1260
25/04/2023 20:40:19,maria.claudio@utec.edu.pe,SI,202110533,Femenino,Beca subvencionada por el Estado (Pronabec),Ingeniería Química,5° ciclo,Lima,No,San Juan de Miraflores,120,6,6,2,11.79,10.64,No,4,No,No,920
25/04/2023 22:07:44,leydy.carhuamaca@utec.edu.pe,NO,,,,,,,,,,,,,,,,,,,
25/04/2023 22:12:37,margot.ramos@utec.edu.pe,SI,202120644,Femenino,Beca subvencionada por el Estado (Pronabec),Ingeniería Civil,4° ciclo,Ayacucho,Si,San Juan de Miraflores,90,6,7,1,16.64,14.40,No,3,A veces,No sé,920
25/04/2023 22:20:06,yare.horna@utec.edu.pe,SI,202120265,Femenino,Beca subvencionada por el Estado (Pronabec),Ingeniería Industrial,4° ciclo,Lima Metropolitana,Si,San Juan de Lurigancho,120,6,5,1,17.67,14.74,Sí,3.5,No,No sé,920
25/04/2023 22:22:59,carlos.alejandro@utec.edu.pe,NO,,,,,,,,,,,,,,,,,,,
25/04/2023 22:25:58,heydi.mendoza@utec.edu.pe,SI,202110604,Femenino,Beca subvencionada por el Estado (Pronabec),Ingeniería Química,5° ciclo,Lima,Si,Carabayllo,150,6,6,5,15,13,No,2,A veces,Sí,920
25/04/2023 23:03:01,edith.pena@utec.edu.pe,SI,202120437,Femenino,Beca subvencionada por el Estado (Pronabec),Ingeniería Ambiental,4° ciclo,Apurímac,Si,Barranco,20,7,6,2,16,14,Sí,6,No,No,1200
25/04/2023 23:04:49,jhoan.huamani@utec.edu.pe,SI,202120272,Masculino,Beca subvencionada por el Estado (Pronabec),Ingeniería Civil,4° ciclo,Ayacucho,No,Barranco,20,7,6,1,15,12,Sí,6,A veces,Sí,1260
25/04/2023 23:07:18,flavia.palacios@utec.edu.pe,NO,,,,,,,,,,,,,,,,,,,
25/04/2023 23:07:44,marjorie.leon@utec.edu.pe,SI,202120318,Femenino,Beca subvencionada por el Estado (Pronabec),Ingeniería Industrial,4° ciclo,Lima Metropolitana,Si,El agustino,120,7,6,1,16.45,14.94,Sí,6,No,No sé,920
25/04/2023 23:13:46,carlos.santiesteban@utec.edu.pe,SI,202120529,Masculino,Beca subvencionada por el Estado (Pronabec),Ingeniería Civil,4° ciclo,Lambayeque,Si,San Juan de Miraflores,40,6,6,0,17.8,15.63,Sí,5,A veces,Sí,920
25/04/2023 23:13:56,yamileth.rincon@utec.edu.pe,SI,202110638,Femenino,Beca subvencionada por el Estado (Pronabec),Ciencia de la computación,5° ciclo,Lima,No,Barranco,10,6,5,2,13,13,No,3,No,No,1200
25/04/2023 23:14:11,luis.cupe@utec.edu.pe,SI,202120188,Masculino,Beca subvencionada por el Estado (Pronabec),Ingeniería Ambiental,4° ciclo,Ayacucho,Si,Barranco,30,5,5,1,13.56,14.58,Sí,4,No,No sé,1260
25/04/2023 23:15:45,daniela.tito@utec.edu.pe,SI,202120567,Femenino,Beca subvencionada por el Estado (Pronabec),Ingeniería Electrónica,4° ciclo,Lima,No,La molina,120,5,6,3,14.48,14.38,Sí,2,Sí,Sí,920
25/04/2023 23:17:33,julia.ortega@utec.edu.pe,SI,202120409,Femenino,Beca subvencionada por el Estado (Pronabec),Ingeniería Civil,4° ciclo,Lima,No,Villa el Salvador,120,6,6,0,16.5,13.05,Sí,7,A veces,No sé,920
25/04/2023 23:18:23,lidia.basilio@utec.edu.pe,SI,202110505,Femenino,Beca subvencionada por el Estado (Pronabec),Ingeniería Civil,5° ciclo,Lima,Si,San Juan de Lurigancho,90,6,6,1,13,13,Sí,6,No,No sé,920
25/04/2023 23:19:21,michael.silvera@utec.edu.pe,SI,202120543,Masculino,Beca subvencionada por el Estado (Pronabec),Ingeniería Civil,4° ciclo,Huánuco,No,Independecia,60,5,6,3,13,10,Sí,3,A veces,No sé,920
25/04/2023 23:19:22,yhan.gonzales@utec.edu.pe,SI,202110571,Masculino,Beca subvencionada por el Estado (Pronabec),Ingeniería Civil,4° ciclo,Pasco,No,Surquillo,40,5,6,1,13,12,Sí,7,A veces,No sé,1200
25/04/2023 23:19:56,cinthia.fanante@utec.edu.pe,SI,202120212,Femenino,Beca subvencionada por el Estado (Pronabec),Ingeniería Civil,4° ciclo,Huánuco,Si,Barranco,6,5,7,1,14.1,15.59,Sí,6,A veces,No sé,1200
25/04/2023 23:24:09,alan.garcia@utec.edu.pe,SI,202120693,Masculino,Beca subvencionada por el Estado (Pronabec),Ingeniería Civil,4° ciclo,Huancavelica,Si,Barranco,7,6,6,0,16.4,13.9,Sí,2,A veces,No sé,700
25/04/2023 23:25:02,wilman.baldeon@utec.edu.pe,SI,202120628,Masculino,Beca subvencionada por el Estado (Pronabec),Ingeniería Civil,4° ciclo,Ayacucho,Si,Barranco,30,6,6,0,16,16.33,Sí,6,Sí,Sí,1260
25/04/2023 23:32:26,jhon.colque@utec.edu.pe,SI,202120169,Masculino,Beca subvencionada por el Estado (Pronabec),Ingeniería Civil,4° ciclo,Tacna,Si,Barranco,30,4,7,3,14,15,No,3,No,No,1200
25/04/2023 23:49:25,eilson.ccaccro@utec.edu.pe,SI,202120145,Masculino,Beca subvencionada por el Estado (Pronabec),Ingeniería Civil,4° ciclo,Ayacucho,Si,Santiago de Surco,15,6,6,2,14.17,14.17,Sí,5,Sí,No sé,1260
25/04/2023 23:52:49,anayeli.quispe@utec.edu.pe,SI,202120474,Femenino,Beca subvencionada por el Estado (Pronabec),Ingeniería Civil,4° ciclo,Apurímac,No,Santiago de Surco,60,6,6,1,15.63,14.8,Sí,3,A veces,Sí,1260
26/04/2023 0:28:39,arnold.orado@utec.edu.pe,SI,202120403,Masculino,Beca subvencionada por el Estado (Pronabec),Ingeniería Mecatrónica,4° ciclo,Apurímac,No,Villa el Salvador,60,8,6,2,13,13,Sí,5,A veces,No sé,920
26/04/2023 1:28:28,milagros.cruzado@utec.edu.pe,SI,202120182,Femenino,Beca subvencionada por el Estado (Pronabec),Ingeniería Ambiental,4° ciclo,La Libertad,No,Barranco,20,6,7,3,15,14,No,4,A veces,No,1260
26/04/2023 7:09:18,aracely.huarcaya@utec.edu.pe,SI,202120283,Femenino,Beca subvencionada por el Estado (Pronabec),Ingeniería Civil,4° ciclo,Lima,Si,San Juan de Lurigancho,120,6,6,0,16.89,15.03,No,4,No,No,920
26/04/2023 7:26:13,eduardo.palomino@utec.edu.pe,NO,,,,,,,,,,,,,,,,,,,
26/04/2023 7:50:44,denilson.molina@utec.edu.pe,SI,202020108,Masculino,Beca subvencionada por el Estado (Pronabec),Ingeniería Civil,5° ciclo,Puno,No,Breña,60,6,6,1,13.5,15.5,No,4,A veces,No sé,920
26/04/2023 8:05:00,luis.lizana.t@utec.edu.pe,NO,,,,,,,,,,,,,,,,,,,
26/04/2023 8:13:59,fiorela.arizaca@utec.edu.pe,SI,202120092,Femenino,Beca subvencionada por el Estado (Pronabec),Ingeniería Civil,4° ciclo,Puno,Si,Santiago de Surco,25,6,6,0,15,16,Sí,6,Sí,No,1260
26/04/2023 9:15:07,jose.soca@utec.edu.pe,SI,202142345,Masculino,Beca subvencionada por el Estado (Pronabec),Ingeniería Civil,3° ciclo,Ica,Si,Barranco,6,5,6,0,16.2,15.7,No,3,A veces,No sé,920
26/04/2023 9:20:13,anadeyvi.florian@utec.edu.pe,SI,202110558,Femenino,Beca subvencionada por el Estado (Pronabec),Ingeniería Civil,5° ciclo,Lima Metropolitana,No,Chorrillos,30,5,5,2,14,13,Sí,2,No,No sé,920
26/04/2023 9:34:58,abel.sanchez@utec.edu.pe,SI,202120520,Masculino,Beca subvencionada por el Estado (Pronabec),Ingeniería Civil,4° ciclo,Lima,No,Chaclacayo,180,6,6,0,18,14,Sí,10,A veces,No sé,920
26/04/2023 11:04:41,ruben.cruz@utec.edu.pe,SI,202120658,Masculino,Beca subvencionada por el Estado (Pronabec),Ingeniería Civil,4° ciclo,Lima,No,Santiago de Surco,30,7,7,1,15.97,13.98,No,2,No,Sí,920
26/04/2023 11:12:04,javier.maravi@utec.edu.pe,SI,202120352,Masculino,Beca subvencionada por el Estado (Pronabec),Ingeniería Civil,4° ciclo,Lima,Si,Lurigancho,100,7,6,0,15.45,14.95,Sí,4,A veces,Sí,920
26/04/2023 13:02:57,jatzumi.velazco@utec.edu.pe,SI,201910329,Femenino,Beca subvencionada por una entidad privada,Ingeniería Civil,8° ciclo,Cusco,No,Miraflores,20,7,6,0,17.18,17.34,Sí,4,A veces,Sí,180
26/04/2023 13:20:09,jean.rios@utec.edu.pe,NO,,,,,,,,,,,,,,,,,,,
26/04/2023 17:20:11,maria.quinte@utec.edu.pe,SI,202120459,Femenino,Beca subvencionada por el Estado (Pronabec),Ingeniería Civil,4° ciclo,Callao,Si,Puente piedra,180,5,5,1,15.52,14.52,Sí,8,A veces,Sí,920
26/04/2023 17:24:37,veronica.montani@utec.edu.pe,SI,202120379,Femenino,Beca subvencionada por el Estado (Pronabec),Ingeniería Civil,4° ciclo,Lima,Si,San Juan de Lurigancho,120,6,6,2,13.65,11.74,No,6,A veces,No,920
26/04/2023 20:18:51,daniela.carhuaricra@utec.edu.pe,SI,202120133,Femenino,Beca subvencionada por el Estado (Pronabec),Ingeniería Industrial,4° ciclo,Pasco,No,Jesús maría,45,6,6,0,17.85,16.87,Sí,6,A veces,Sí,920
26/04/2023 23:31:57,hayfa.yalle@utec.edu.pe,SI,202120611,Femenino,Beca subvencionada por el Estado (Pronabec),Ingeniería Química,4° ciclo,Lima,No,San Juan de Lurigancho,150,6,5,2,12.94,13.24,Sí,6,No,Sí,920
26/04/2023 23:33:45,araceli.cunza@utec.edu.pe,SI,202120187,Femenino,Beca subvencionada por el Estado (Pronabec),Ingeniería Química,4° ciclo,Lima,Si,Puente piedra,100,6,6,0,17,17,Sí,3,A veces,Sí,960
26/04/2023 23:35:07,nayeli.navarro@utec.edu.pe,NO,,,,,,,,,,,,,,,,,,,
26/04/2023 23:38:35,suemy.castro@utec.edu.pe,SI,202110060,Femenino,Beca subvencionada por una entidad privada,Ingeniería Química,5° ciclo,Lima Metropolitana,Si,Lurigancho,130,5,5,0,17.25,15,Sí,2,A veces,Sí,2
26/04/2023 23:40:43,rosmelia.montes@utec.edu.pe,SI,202120380,Femenino,Beca subvencionada por el Estado (Pronabec),Ingeniería Química,4° ciclo,Áncash,Si,Barranco,20,6,6,1,13,12,Sí,5,No,No,1260
26/04/2023 23:41:38,kilder.cardenas@utec.edu.pe,SI,201920109,Masculino,Beca subvencionada por el Estado (Pronabec),Ingeniería Ambiental,7° ciclo,Lima Metropolitana,No,Los olivos,90,6,6,0,13.94,17.15,Sí,6,No,Sí,920
26/04/2023 23:42:34,judith.carlos@utec.edu.pe,SI,202220278,Femenino,Beca subvencionada por el Estado (Pronabec),Ingeniería Ambiental,2° ciclo,Callao,Si,Lurigancho,120,6,7,1,14,14,Sí,6,No,Sí,920
26/04/2023 23:44:15,rodrigo.mandujano@utec.edu.pe,SI,202120349,Masculino,Beca subvencionada por el Estado (Pronabec),Ingeniería Mecatrónica,4° ciclo,Lima,No,San Juan de Miraflores,80,7,7,2,16,16,No,3,No,No,920
26/04/2023 23:49:22,emerson.canchis@utec.edu.pe,SI,201910097,Masculino,Beca subvencionada por una entidad privada,Ingeniería Química,7° ciclo,Junín,Si,Los olivos,70,5,6,3,13,15,No,4,A veces,Sí,1000
26/04/2023 23:51:25,jose.zuniga@utec.edu.pe,NO,,,,,,,,,,,,,,,,,,,
27/04/2023 0:05:42,joaquin.huaman@utec.edu.pe,NO,,,,,,,,,,,,,,,,,,,
27/04/2023 0:29:37,enma.huayllaquispe@utec.edu.pe,SI,202120278,Femenino,Beca subvencionada por el Estado (Pronabec),Ingeniería Industrial,4° ciclo,Ayacucho,Si,Barranco,15,6,6,0,15,15,No,5,No,No,1260
27/04/2023 0:49:43,luz.llico@utec.edu.pe,SI,202220311,Femenino,Beca subvencionada por el Estado (Pronabec),Ingeniería Ambiental,2° ciclo,Lima,No,Puente piedra,200,6,7,0,14.6,14.6,Sí,4,No,No sé,920
27/04/2023 1:19:44,ariana.munoz@utec.edu.pe,SI,202120389,Femenino,Beca subvencionada por el Estado (Pronabec),Ingeniería Química,4° ciclo,La Libertad,Si,Barranco,15,6,6,0,14.96,13.52,Sí,5,A veces,No,1260
27/04/2023 5:44:37,claudia.pacori@utec.edu.pe,SI,201910250,Femenino,Beca subvencionada por una entidad privada,Ingeniería Electrónica,9° ciclo,Lima Metropolitana,No,Jesús maría,45,3,5,0,18,19,Sí,1,No,No sé,1
27/04/2023 6:44:42,maritza.jimenez@utec.edu.pe,SI,202210406,Femenino,Beca subvencionada por el Estado (Pronabec),Bioingenieria,3° ciclo,Áncash,Si,Barranco,15,5,6,0,15.67,14,Sí,4,Sí,Sí,1020
27/04/2023 7:51:13,arleth.gomez@utec.edu.pe,SI,202110570,Femenino,Beca subvencionada por el Estado (Pronabec),Ingeniería Mecánica,5° ciclo,Lima,No,Cercado de Lima,120,6,5,0,16,16.5,Sí,18,Sí,Sí,920
27/04/2023 8:25:14,joriel.rios@utec.edu.pe,SI,202120511,Femenino,Beca subvencionada por el Estado (Pronabec),Ingeniería Ambiental,4° ciclo,Lima Metropolitana,No,Cercado de Lima,120,6,5,2,14.2,11.64,No,8,No,No,900
27/04/2023 9:18:59,esmeralda.ccorisoncc@utec.edu.pe,SI,202120151,Femenino,Beca subvencionada por el Estado (Pronabec),Ingeniería Industrial,4° ciclo,Junín,Si,Barranco,15,6,6,1,15,14,Sí,6,Sí,No sé,1260
27/04/2023 9:53:01,alexandra.ugarte@utec.edu.pe,SI,202120581,Femenino,Beca subvencionada por el Estado (Pronabec),Ingeniería Ambiental,4° ciclo,Callao,Si,San Martin de Porres,90,6,5,1,15,15,Sí,2,No,No,920
27/04/2023 10:08:40,katia.galindo@utec.edu.pe,SI,202220303,Femenino,Beca subvencionada por el Estado (Pronabec),Ingeniería Ambiental,2° ciclo,Lima,Si,Ate,135,6,7,0,14.65,14.65,Sí,4,No,No,920
27/04/2023 10:15:10,alisson.rojas@utec.edu.pe,SI,202120501,Femenino,Beca subvencionada por el Estado (Pronabec),Ingeniería Ambiental,4° ciclo,Lima,Si,San Juan de Lurigancho,150,7,6,2,16,15,Sí,5,No,Sí,900
27/04/2023 10:55:54,luis.huaman@utec.edu.pe,SI,202120711,Masculino,Beca subvencionada por el Estado (Pronabec),Ingeniería Química,4° ciclo,Cajamarca,No,Chorrillos,40,6,6,0,16.05,15.95,Sí,4,Sí,No,1050
27/04/2023 12:00:31,yajhaira.quiroz@utec.edu.pe,SI,202120461,Femenino,Beca subvencionada por el Estado (Pronabec),Ingeniería Ambiental,4° ciclo,Lima,Si,Barranco,10,6,5,2,14,14,Sí,2,A veces,Sí,1260
27/04/2023 12:29:09,camila.pichihua@utec.edu.pe,SI,202120439,Femenino,Beca subvencionada por el Estado (Pronabec),Ingeniería Ambiental,4° ciclo,Lima,Si,Chorrillos,60,6,6,1,14,14,Sí,6,No,No,920
27/04/2023 13:11:30,axel.matos@utec.edu.pe,NO,,,,,,,,,,,,,,,,,,,
27/04/2023 14:18:58,leyla.condori@utec.edu.pe,SI,202120175,Femenino,Beca subvencionada por el Estado (Pronabec),Bioingenieria,4° ciclo,Lima,No,San Juan de Miraflores,75,6,6,2,15.03,14.75,Sí,8,A veces,No sé,920
27/04/2023 19:22:35,jose.rodas@utec.edu.pe,SI,202110311,Masculino,Beca subvencionada por una entidad privada,Ingeniería Química,5° ciclo,Lima Metropolitana,No,San Juan de Lurigancho,90,7,4,0,18.5,16.27,Sí,2,A veces,Sí,1
27/04/2023 20:05:33,joel.ramos@utec.edu.pe,SI,202120480,Masculino,Beca subvencionada por el Estado (Pronabec),Ingeniería Civil,4° ciclo,Arequipa,Si,Barranco,10,7,5,0,15.84,15.4,Sí,5,Sí,Sí,1260
27/04/2023 20:07:16,melany.vera@utec.edu.pe,SI,202120652,Femenino,Beca subvencionada por el Estado (Pronabec),Ingeniería Química,4° ciclo,Lima,Si,Santiago de Surco,40,6,5,0,18.5,16.7,Sí,3,No,No,920
27/04/2023 21:12:04,daniel.villanueva.p@utec.edu.pe,SI,202120605,Masculino,Beca subvencionada por el Estado (Pronabec),Ingeniería Industrial,4° ciclo,Lima,Si,San Juan de Lurigancho,100,6,6,0,17.25,16.95,Sí,3,No,Sí,920
27/04/2023 23:04:38,benjamin.monterrey@utec.edu.pe,NO,,,,,,,,,,,,,,,,,,,
27/04/2023 23:04:55,adrian.roncallo@utec.edu.pe,NO,,,,,,,,,,,,,,,,,,,
28/04/2023 0:44:06,christoffer.vasquez@utec.edu.pe,SI,201910325,Masculino,Beca subvencionada por una entidad privada,Ingeniería Mecatrónica,9° ciclo,Lima,No,Surquillo,30,4,6,0,17.6,16.4,No,5,A veces,No,0
28/04/2023 1:05:03,matias.gutierrez@utec.edu.pe,NO,,,,,,,,,,,,,,,,,,,
28/04/2023 8:38:35,lider.acaro@utec.edu.pe,SI,202120049,Masculino,Beca subvencionada por el Estado (Pronabec),Ingeniería Civil,4° ciclo,Piura,No,Surquillo,30,6,6,0,15.9,14.2,Sí,3,Sí,Sí,1260
28/04/2023 9:25:16,gabriela.maguina@utec.edu.pe,NO,,,,,,,,,,,,,,,,,,,
28/04/2023 9:43:47,camila.siesquen@utec.edu.pe,NO,,,,,,,,,,,,,,,,,,,
28/04/2023 9:53:53,jhon.castro@utec.edu.pe,SI,202110524,Masculino,Beca subvencionada por el Estado (Pronabec),Ingeniería Civil,5° ciclo,Cajamarca,Si,Barranco,10,7,6,5,13.78,15.83,No,0.5,A veces,No sé,900
28/04/2023 10:08:06,cesar.perales@utec.edu.pe,NO,,,,,,,,,,,,,,,,,,,
28/04/2023 10:09:39,aaron.navarro@utec.edu.pe,NO,,,,,,,,,,,,,,,,,,,
28/04/2023 10:51:12,dana.lopez@utec.edu.pe,NO,,,,,,,,,,,,,,,,,,,
28/04/2023 11:04:57,leonel.iguavil@utec.edu.pe,SI,202120291,Masculino,Beca subvencionada por el Estado (Pronabec),Ingeniería Civil,4° ciclo,Huancavelica,Si,Barranco,10,6,7,0,17,16.83,Sí,6,No,Sí,1260
28/04/2023 11:20:20,diego.teodoro@utec.edu.pe,SI,202120565,Masculino,Beca subvencionada por el Estado (Pronabec),Ingeniería Civil,4° ciclo,Lima Metropolitana,Si,Carabayllo,120,6,6,1,15.34,14.35,No,6,A veces,No sé,920
28/04/2023 13:30:03,alessandro.cartagena@utec.edu.pe,NO,,,,,,,,,,,,,,,,,,,
28/04/2023 13:30:37,alvaro.gonzalez.l@utec.edu.pe,NO,,,,,,,,,,,,,,,,,,,
28/04/2023 14:06:29,sarai.sullon@utec.edu.pe,SI,202110357,Femenino,Beca subvencionada por el Estado (Pronabec),Ingeniería Industrial,5° ciclo,Piura,Si,Barranco,5.1,6,6,0,14.78,14.8,Sí,6,No,Sí,1260
28/04/2023 14:11:01,greis.roman@utec.edu.pe,SI,202110644,Femenino,Beca subvencionada por el Estado (Pronabec),Ingeniería Química,4° ciclo,Apurímac,Si,Barranco,6,6,5,2,16,14,No,3,No,No,1200
28/04/2023 15:28:27,jimmy.porras@utec.edu.pe,SI,202220099,Masculino,Beca subvencionada por el Estado (Pronabec),Ingeniería Mecatrónica,2° ciclo,Junín,No,Santiago de Surco,18,6,7,0,16.32,16.32,Sí,3,No,No sé,1240
28/04/2023 15:28:52,geraldine.victorio@utec.edu.pe,SI,202220177,Femenino,Beca subvencionada por el Estado (Pronabec),Ingeniería Mecatrónica,2° ciclo,Lima,Si,Santa Anita,120,6,7,7,14,13,Sí,3,No,No sé,920
28/04/2023 15:29:26,mefy.carranza@utec.edu.pe,SI,202220185,Masculino,Beca subvencionada por el Estado (Pronabec),Ingeniería Mecatrónica,2° ciclo,Lima,Si,San Juan de Lurigancho,75,6,7,0,16,16,Sí,4,Sí,Sí,920
28/04/2023 15:30:32,kenny.flores@utec.edu.pe,SI,202220302,Masculino,Beca subvencionada por el Estado (Pronabec),Ingeniería Industrial,2° ciclo,Apurímac,No,Santiago de Surco,25,6,7,1,13.45,13.45,Sí,2,A veces,No sé,1260
28/04/2023 15:34:06,katherine.lopez.v@utec.edu.pe,SI,202220312,Femenino,Beca subvencionada por el Estado (Pronabec),Ingeniería Industrial,2° ciclo,Apurímac,No,Santiago de Surco,30,6,7,1,14.1,14.1,Sí,3,No,No sé,1260
28/04/2023 15:37:39,cristihan.chavez@utec.edu.pe,SI,202220283,Masculino,Beca subvencionada por el Estado (Pronabec),Ingeniería Industrial,2° ciclo,Callao,No,Cercado de Lima,40,6,7,0,16.25,16.25,Sí,2,A veces,No sé,920
28/04/2023 17:48:07,roxana.ccochachi@utec.edu.pe,SI,202120150,Femenino,Beca subvencionada por el Estado (Pronabec),Ingeniería Industrial,3° ciclo,Ayacucho,Si,Santiago de Surco,15,5,5,1,14,14,Sí,6,A veces,Sí,1260
28/04/2023 18:19:01,luz.yaranga@utec.edu.pe,SI,202220180,Femenino,Beca subvencionada por el Estado (Pronabec),Ingeniería Industrial,2° ciclo,Junín,Si,Barranco,15,6,7,0,16.9,16.9,Sí,6,A veces,No sé,1260
28/04/2023 20:32:28,xiomara.silva@utec.edu.pe,SI,202120542,Femenino,Beca subvencionada por el Estado (Pronabec),Ingeniería Ambiental,4° ciclo,Piura,No,Chorrillos,30,5,6,1,15.35,13.4,Sí,4,No,No sé,920
28/04/2023 20:59:19,maylin.gutierrez@utec.edu.pe,SI,2021205616,Femenino,Beca subvencionada por el Estado (Pronabec),Ingeniería Civil,4° ciclo,Ayacucho,No,Barranco,15,7,6,2,13.45,11,No,5,No,No sé,1200
28/04/2023 21:47:22,jose.ostos@utec.edu.pe,SI,202120415,Masculino,Beca subvencionada por el Estado (Pronabec),Ingeniería Electrónica,4° ciclo,Áncash,Si,San isidro,40,7,6,3,18.4,13.3,No,4,No,Sí,920
29/04/2023 15:07:13,ananias.paredes@utec.edu.pe,SI,202120423,Masculino,Beca subvencionada por el Estado (Pronabec),Ciencia de la computación,4° ciclo,Cajamarca,No,Barranco,30,6,5,2,13,14,No,4,No,No,1000
29/04/2023 15:08:58,evelyn.ventocilla@utec.edu.pe,SI,202120596,Femenino,Beca subvencionada por el Estado (Pronabec),Ingeniería Industrial,4° ciclo,Lima Metropolitana,Si,Comas,134577899876436999876443455,6,6,0,16.89,8.4,Sí,6,No,No sé,920
29/04/2023 15:10:24,mitsuo.murakami@utec.edu.pe,SI,202110237,Masculino,Beca subvencionada por una entidad privada,Ciencia de la computación,4° ciclo,Lima,No,San Juan de Lurigancho,150,6,5,1,15,15,No,24,A veces,No sé,1000
29/04/2023 16:26:33,rafael.solier@utec.edu.pe,SI,202120648,Masculino,Beca subvencionada por el Estado (Pronabec),Ingeniería Electrónica,4° ciclo,Huancavelica,No,Santiago de Surco,20,5,6,0,17.45,16,Sí,3,No,Sí,1260
30/04/2023 18:00:10,fatima.cabezas@utec.edu.pe,SI,202120117,Femenino,Beca subvencionada por el Estado (Pronabec),Ingeniería Civil,4° ciclo,Lima Metropolitana,Si,Independecia,120,7,5,3,15,13.89,Sí,4,Sí,Sí,920
30/04/2023 19:26:04,lucila.condezo@utec.edu.pe,SI,202120171,Femenino,Beca subvencionada por el Estado (Pronabec),Ingeniería Ambiental,4° ciclo,Huánuco,No,Barranco,15,7,6,1,14,14,Sí,10,No,No,920
30/04/2023 20:24:07,maria.tarazona@utec.edu.pe,SI,202220043,Femenino,Beca subvencionada por el Estado (Pronabec),Ingeniería Civil,2° ciclo,Lima,Si,Ancón,180,6,7,0,16.82,16.82,Sí,2,Sí,Sí,920
30/04/2023 20:33:10,adrian.sandoval@utec.edu.pe,SI,202120522,Masculino,Beca subvencionada por el Estado (Pronabec),Ciencia de la computación,4° ciclo,Lima Metropolitana,Si,Villa el Salvador,90,7,6,2,14.2,14,Sí,3,No,Sí,920
30/04/2023 21:27:54,daniela.lloclla@utec.edu.pe,SI,202220064,Femenino,Beca subvencionada por el Estado (Pronabec),Ingeniería Ambiental,2° ciclo,Lima,Si,Lurigancho,210,6,7,0,15.8,15.8,No,3,No,No,920
1/05/2023 18:43:51,angie.llontop@utec.edu.pe,SI,202120324,Femenino,Beca subvencionada por el Estado (Pronabec),Ingeniería Industrial,4° ciclo,Lima Metropolitana,Si,San Juan de Lurigancho,120,6,6,0,17.15,15.98,Sí,3,Sí,Sí,920
1/05/2023 19:07:54,fany.mayta@utec.edu.pe,SI,202120360,Femenino,Beca subvencionada por el Estado (Pronabec),Bioingenieria,3° ciclo,Lima,Si,Barranco,6,7,7,1,17.8,15.7,Sí,12,Sí,No,1260
1/05/2023 22:50:13,shamira.perez@utec.edu.pe,SI,202120432,Femenino,Beca subvencionada por el Estado (Pronabec),Ingeniería Civil,4° ciclo,San Martín,Si,Barranco,6,5,5,1,14,14,Sí,6,Sí,No,1260
1/05/2023 23:09:58,luciana.luis@utec.edu.pe,SI,202120331,Femenino,Beca subvencionada por el Estado (Pronabec),Ingeniería Química,4° ciclo,Lima,No,San Martin de Porres,60,7,6,3,13.05,12.9,Sí,4,No,No,920
1/05/2023 23:55:48,danna.retamozo@utec.edu.pe,SI,202120484,Femenino,Beca subvencionada por el Estado (Pronabec),Ingeniería Civil,4° ciclo,Lima,No,Comas,120,5,6,1,15.61,14.84,Sí,5,No,No sé,920
2/05/2023 11:39:43,leslie.pena@utec.edu.pe,SI,202120436,Femenino,Beca subvencionada por el Estado (Pronabec),Ingeniería Civil,4° ciclo,Piura,No,Barranco,10,5,5,1,13.35,13,Sí,4,A veces,Sí,1260
2/05/2023 12:04:04,sebastian.munico@utec.edu.pe,NO,,,,,,,,,,,,,,,,,,,
2/05/2023 12:06:58,joaquin.mendoza.c@utec.edu.pe,NO,,,,,,,,,,,,,,,,,,,
2/05/2023 12:12:49,eliseo.toribio@utec.edu.pe,SI,202110667,Masculino,Beca subvencionada por el Estado (Pronabec),Ingeniería Mecatrónica,5° ciclo,Áncash,Si,San Juan de Miraflores,120,6,5,2,14,15,No,1,No,No,1260
2/05/2023 12:16:45,mayra.marzano@utec.edu.pe,SI,202120356,Femenino,Beca subvencionada por el Estado (Pronabec),Ingeniería Ambiental,4° ciclo,Áncash,Si,Barranco,10,6,6,1,16,14,Sí,5,Sí,No sé,1260
2/05/2023 12:20:02,christian.pimentel@utec.edu.pe,NO,,,,,,,,,,,,,,,,,,,
2/05/2023 12:28:16,juan.quispe.n@utec.edu.pe,SI,202120473,Masculino,Beca subvencionada por el Estado (Pronabec),Ingeniería Electrónica,3° ciclo,Puno,Si,Chorrillos,25,6,7,5,13.4,12.3,No,3,A veces,No sé,960
2/05/2023 12:35:15,jonathan.camargo@utec.edu.pe,NO,,,,,,,,,,,,,,,,,,,
2/05/2023 13:43:24,romel.diaz@utec.edu.pe,NO,,,,,,,,,,,,,,,,,,,
2/05/2023 13:53:26,lizett.alejo@utec.edu.pe,SI,202120065,Femenino,Beca subvencionada por el Estado (Pronabec),Ingeniería Ambiental,4° ciclo,Apurímac,Si,San Juan de Lurigancho,120,7,6,1,17.4,14.8,Sí,6,A veces,No sé,920
2/05/2023 13:59:24,jean.barboza@utec.edu.pe,SI,202210035,Masculino,Beca subvencionada por una entidad privada,Ingeniería Mecatrónica,3° ciclo,Lima Metropolitana,No,Comas,95,6,6,0,18.35,18.6,Sí,3,No,Sí,0
2/05/2023 14:15:23,gonzalo.gomez@utec.edu.pe,NO,,,,,,,,,,,,,,,,,,,
2/05/2023 14:46:36,gianni.cordova@utec.edu.pe,SI,202220291,Femenino,Beca subvencionada por el Estado (Pronabec),Ingeniería Civil,2° ciclo,Ayacucho,Si,Santiago de Surco,20,7,7,1,13.9,13.9,Sí,10,A veces,No sé,1220
2/05/2023 14:51:07,annie.baldeon@utec.edu.pe,SI,202120103,Femenino,Beca subvencionada por el Estado (Pronabec),Ingeniería Industrial,4° ciclo,Lima Metropolitana,Si,Ate,90,6,6,0,15.32,15.32,Sí,5,Sí,No sé,920
2/05/2023 14:51:22,selvira.rodriguez@utec.edu.pe,SI,202220024,Femenino,Beca subvencionada por el Estado (Pronabec),Ingeniería Industrial,2° ciclo,Huánuco,Si,Barranco,10,1,3,6,16.9,16.9,Sí,3,Sí,No,200
2/05/2023 14:52:03,cameron.diaz@utec.edu.pe,SI,202220066,Femenino,Beca subvencionada por el Estado (Pronabec),Ingeniería Civil,2° ciclo,Lima,No,Lurín,180,6,7,0,16,16,No,4,No,No,920
2/05/2023 14:52:37,grimaneza.espinoza@utec.edu.pe,SI,202220084,Femenino,Beca subvencionada por el Estado (Pronabec),Ingeniería Civil,2° ciclo,Huánuco,Si,Independecia,50,6,7,0,16.7,16.7,Sí,6,A veces,No sé,920
2/05/2023 14:54:23,cristhian.lizama@utec.edu.pe,SI,202210510,Masculino,Beca subvencionada por el Estado (Pronabec),Ingeniería Química,3° ciclo,Lima,Si,Comas,120,6,5,0,16.8,16.4,No,2,A veces,No sé,920
2/05/2023 15:02:11,jhorsy.munguia@utec.edu.pe,SI,202110611,Masculino,Beca subvencionada por el Estado (Pronabec),Ingeniería Civil,5° ciclo,Junín,Si,Chorrillos,50,6,6,4,18,15,No,8,Sí,No sé,900
2/05/2023 15:06:36,fiorela.ccochachi@utec.edu.pe,SI,202120149,Femenino,Beca subvencionada por el Estado (Pronabec),Ingeniería Ambiental,3° ciclo,Ayacucho,Si,Santiago de Surco,15,5,5,1,14,14,Sí,5,No,No,1260
2/05/2023 18:48:52,gina.rosales@utec.edu.pe,SI,202220164,Femenino,Beca subvencionada por el Estado (Pronabec),Ingeniería Industrial,2° ciclo,Lima,No,Puente piedra,150,7,7,0,14.5,14.5,No,4,No,No sé,920
2/05/2023 19:29:08,maria.lopez.c@utec.edu.pe,NO,,,,,,,,,,,,,,,,,,,
2/05/2023 20:09:09,abigail.toscano@utec.edu.pe,SI,202120574,Femenino,Beca subvencionada por el Estado (Pronabec),Ingeniería Industrial,4° ciclo,Lima,Si,San Juan de Lurigancho,90,6,6,2,13.7,13,Sí,7,Sí,Sí,920
2/05/2023 20:16:56,natali.mines@utec.edu.pe,NO,,,,,,,,,,,,,,,,,,,
2/05/2023 21:29:33,blas.vallejo@utec.edu.pe,NO,,,,,,,,,,,,,,,,,,,
2/05/2023 21:29:40,milton.robles@utec.edu.pe,NO,,,,,,,,,,,,,,,,,,,
2/05/2023 21:30:45,daniel.santillan@utec.edu.pe,NO,,,,,,,,,,,,,,,,,,,
2/05/2023 21:34:10,daniel.acevedo@utec.edu.pe,NO,,,,,,,,,,,,,,,,,,,
2/05/2023 21:35:40,ivonne.quevedo@utec.edu.pe,SI,202120458,Femenino,Beca subvencionada por el Estado (Pronabec),Ingeniería Civil,4° ciclo,Lambayeque,Si,Barranco,20,5,6,1,17,14.6,Sí,8,A veces,No sé,1260
2/05/2023 21:37:51,fabiana.strobbe@utec.edu.pe,NO,,,,,,,,,,,,,,,,,,,
2/05/2023 21:39:01,yordy.ilizarbe@utec.edu.pe,SI,202120292,Masculino,Beca subvencionada por el Estado (Pronabec),Ingeniería Civil,4° ciclo,Huancavelica,Si,Ate,180,6,6,2,14.33,12.33,Sí,4,No,Sí,920
2/05/2023 21:44:10,edu.vicencio@utec.edu.pe,SI,202120599,Masculino,Beca subvencionada por el Estado (Pronabec),Ingeniería Mecatrónica,4° ciclo,Apurímac,Si,Santiago de Surco,30,5,6,1,12,12,Sí,8,Sí,No sé,1260
2/05/2023 21:54:52,ingrid.jaque@utec.edu.pe,SI,202120300,Femenino,Beca subvencionada por el Estado (Pronabec),Ingeniería Química,4° ciclo,Lima,Si,Puente piedra,120,5,6,2,14.15,14.75,No,4,No,Sí,920
2/05/2023 21:58:39,diego.valenzuela.h@utec.edu.pe,NO,,,,,,,,,,,,,,,,,,,
2/05/2023 21:59:38,yulisa.calle@utec.edu.pe,SI,202120122,Femenino,Beca subvencionada por el Estado (Pronabec),Ingeniería Ambiental,4° ciclo,Ayacucho,No,Barranco,15,6,6,2,14.1,14.8,No,4,No,Sí,1260
2/05/2023 22:16:52,jhosting.hernandez@utec.edu.pe,SI,202113121,Masculino,Beca subvencionada por el Estado (Pronabec),Ingeniería Energía,6° ciclo,Ica,No,Chaclacayo,150,7,6,2,17.65,17.25,Sí,20,Sí,Sí,1200
2/05/2023 22:23:48,alexis.rojas@utec.edu.pe,SI,202120499,Masculino,Beca subvencionada por el Estado (Pronabec),Ingeniería Mecatrónica,4° ciclo,Lima,No,Santiago de Surco,25,6,6,0,15,14.05,Sí,4,No,No,920
2/05/2023 23:31:08,ingrid.mamani@utec.edu.pe,SI,202120346,Femenino,Beca subvencionada por el Estado (Pronabec),Ingeniería Industrial,4° ciclo,Lima,Si,Villa el Salvador,120,5,7,1,14,14.5,Sí,4,A veces,Sí,920
3/05/2023 1:48:04,juan.yucra@utec.edu.pe,SI,202120617,Masculino,Beca subvencionada por el Estado (Pronabec),Ingeniería Ambiental,4° ciclo,Lima,Si,Comas,120,6,6,3,13.02,13.42,Sí,4,No,No sé,920
3/05/2023 14:09:09,lenin.soria@utec.edu.pe,SI,202110459,Masculino,Beca subvencionada por el Estado (Pronabec),Ingeniería Mecatrónica,5° ciclo,Lima,Si,Los olivos,120,6,4,2,16.43,13.4,Sí,3,Sí,Sí,920
3/05/2023 14:19:15,cesar.tinco@utec.edu.pe,SI,202110366,Masculino,Beca subvencionada por una entidad privada,Ingeniería Electrónica,5° ciclo,Lima,Si,Cercado de Lima,60,5,6,0,16.4,15.4,Sí,6,Sí,Sí,2000
3/05/2023 18:39:37,josue.quispe@utec.edu.pe,SI,202120475,Masculino,Beca subvencionada por el Estado (Pronabec),Ingeniería Ambiental,4° ciclo,Ayacucho,Si,Barranco,18,7,6,2,14,12,No,3,A veces,No sé,1200
3/05/2023 20:00:01,franco.tamariz@utec.edu.pe,SI,2021202562,Masculino,Beca subvencionada por el Estado (Pronabec),Ingeniería Mecatrónica,4° ciclo,Áncash,Si,Barranco,10,6,7,2,11,11,Sí,10,A veces,No sé,1120
4/05/2023 12:08:17,milka.quispe@utec.edu.pe,SI,202220332,Femenino,Beca subvencionada por el Estado (Pronabec),Ingeniería Civil,2° ciclo,Ayacucho,Si,Barranco,15,6,6,0,14.69,14.69,Sí,4,No,No sé,1200
4/05/2023 13:59:28,miguel.arones@utec.edu.pe,NO,,,,,,,,,,,,,,,,,,,
4/05/2023 14:00:55,carlos.lam@utec.edu.pe,NO,,,,,,,,,,,,,,,,,,,
4/05/2023 14:36:10,gustavo.palacios@utec.edu.pe,NO,,,,,,,,,,,,,,,,,,,
4/05/2023 18:14:42,derkhenz.valera@utec.edu.pe,NO,,,,,,,,,,,,,,,,,,,
4/05/2023 18:16:54,yely.lanasca@utec.edu.pe,SI,202120312,Femenino,Beca subvencionada por el Estado (Pronabec),Ingeniería Ambiental,4° ciclo,Huancavelica,Si,Barranco,15,5,5,0,14.5,16.5,No,4,No,No,1230
4/05/2023 20:41:50,david.herencia@utec.edu.pe,NO,,,,,,,,,,,,,,,,,,,