"Marca temporal","Género:
(Coloque el que sale en su DNI) ","Carrera a la que perteneces: ","Orden de mérito al que pertenece: ","Promedio del ciclo pasado: 
(Redondee al entero más cercano)","Mejor nota en un curso: 
(Colocar un número)","Peor nota en un curso: 
(Colocar un número)","¿Cómo calificarías tu rendimiento académico el ciclo pasado?
(Donde 1 es pésimo y 5 excelente)
","Cantidad de cursos que lleva este ciclo: ","¿Cuantos idioma domina?
(Además de su lengua nativa, coloque un número) ","¿Tienes dominio de algunos de estos programas? ","Pasatiempos: 
(Elegir la de mayor preferencia)","¿Cuantas páginas científicas ha visitado? 
Ejm: Cambridge University Press, Science Direct, Scielo, Dialnet, UNESCO, etc. (Colocar un número)","Cantidad de libros leídos el año pasado: (Colocar un número entero)","Horas que pasa en la biblioteca o salas de estudio a la semana:  (Colocar un número)
","Recibe mentorías académicas? ","Si su respuesta fue sí, ¿Cuántas horas de mentoría recibe por semana?  (Colocar un número)","Preferencia de lectura:","Cantidad de horas semanal que dedica a la lectura de textos relacionados a su carrera:  (Colocar un número)","¿Cómo calificarias tu desempeño en los trabajos grupales? 
(Donde 1 es pésimo y 5 excelente)","Horas de sueño al día: (valor numérico en horas)","¿Has presentado algunos de estos síntomas?
- Falta de sueño
- Estrés
- Ansiedad
- Depresión","¿Recibió apoyo psicológico el ciclo anterior?","¿Cómo calificarías en una escala del 1-5 tu salud mental?"
"2022/09/20 9:23:30 p. m. GMT-5","Femenino","Ing. Química","Tercio Superior","","","","3","6","0","Python;MatLab","Bailar","3","0","1","Sí","5","Ninguno ","0","4","5","Sí","No","3"
"2022/09/20 9:24:44 p. m. GMT-5","Femenino","Bioingeniería","Tercio Superior","","","","4","6","1","Python;MatLab;C ++","Fútbol","5","3","3","Sí","2","Ciencia","2","4","6","Sí","No","3"
"2022/09/20 9:24:48 p. m. GMT-5","Masculino","Ing. Ambiental","Tercio Superior","","","","4","7","1","Excel","Música","3","4","30","Sí","4","Ingeniería","3","4","7","Sí","No","3"
"2022/09/20 9:30:24 p. m. GMT-5","Femenino","Ing. Química","NA","","","","3","5","2","Python;Excel","Cocinar","10","4","3","No","","Ciencia","5","4","5","Sí","No","4"
"2022/09/20 9:41:02 p. m. GMT-5","Masculino","Bioingeniería","Medio Superior","","","","3","5","0","Python;MatLab;C ++","Música","3","3","8","No","","Ciencia","1","5","7","Sí","No","4"
"2022/09/20 9:43:21 p. m. GMT-5","Masculino","Bioingeniería","Quinto Superior","","","","4","6","1","Python;Excel","Fútbol","2","2","19","Sí","8","Humanidades","1","5","5","Sí","No","3"
"2022/09/20 9:53:21 p. m. GMT-5","Masculino","Ing. Industrial","NA","","","","4","5","1","Python;MatLab;Excel","Fútbol","3","2","8","Sí"," 6","Ciencia Ficción","3","4","7","Sí","No","3"
"2022/09/20 9:55:20 p. m. GMT-5","Masculino","Ing. Mecatrónica","Medio Superior","","","","3","6","1","Python;Excel;C ++","Cocinar","5","2","4","Sí","8","Ciencia","1","4","6","Sí","No","1"
"2022/09/20 9:59:48 p. m. GMT-5","Femenino","Ing. Industrial","Medio Superior","","","","4","7","0","Python","Bailar","2","4","3","Sí","2","Ciencia","5","5","5","Sí","Sí","3"
"2022/09/20 10:13:18 p. m. GMT-5","Femenino","Ing. Química","Quinto Superior","","","","3","6","1","Excel","Música","5","2","6","Sí","16","Ciencia","2","4","5","Sí","Sí","3"
"2022/09/20 10:14:42 p. m. GMT-5","Femenino","Ing. Química","Tercio Superior","","","","3","6","0","Python;MatLab","Música","5","12","10","Sí","4","Ciencia Ficción","2","4","6","Sí","No","4"
"2022/09/20 10:23:36 p. m. GMT-5","Femenino","Ing. Industrial","Medio Superior","","","","3","6","2","Python;Excel","Fútbol","Cambridge ","0","1","Sí","6","Ciencia Ficción","4","5","7","Sí","Sí","4"
"2022/09/20 10:30:19 p. m. GMT-5","Masculino","Ing. Mecatrónica","Tercio Superior","","","","4","6","2","Python;MatLab;C ++","Salir a fiestas","5","5","12","No","","Ciencia Ficción","4","4","7","Sí","No","3"
"2022/09/20 10:38:43 p. m. GMT-5","Femenino","Ing. Civil","Tercio Superior","","","","3","6","2","AutoCad;Python;MatLab","Bailar","6","4","12","Sí","2","Filosofía","2","4","5","Sí","No","4"
"2022/09/20 10:45:40 p. m. GMT-5","Masculino","Ing. Civil","NA","","","","4","7","0","Python","Bailar","2","2","10","Sí","6","Humanidades","2","3","6","Sí","No","4"
"2022/09/20 10:54:23 p. m. GMT-5","Masculino","Ing. Mecatrónica","Tercio Superior","","","","3","6","1","AutoCad;Python;MatLab;Excel;C ++;INVENTOR,Fusion 360","Música","6","7","15","No","","Ciencia","3","5","5","Sí","No","3"
"2022/09/20 10:55:30 p. m. GMT-5","Femenino","Ing. Industrial","NA","","","","4","7","castellano,1","Python","Bailar","1","2","2","Sí","2","Ciencia Ficción","2","3","6","Sí","No","2"
"2022/09/20 11:12:26 p. m. GMT-5","Femenino","Ing. Civil","Medio Superior","","","","2","6","2","Word","Música","1","1","10","Sí","2","Ciencia Ficción","4","5","3","No","No","4"
"2022/09/20 11:13:18 p. m. GMT-5","Femenino","Ing. Industrial","Quinto Superior","","","","3","6","0","Excel","Dormir","4","4","24","No","","Ciencia Ficción","3","4","5","Sí","No","1"
"2022/09/20 11:46:33 p. m. GMT-5","Femenino","Bioingeniería","Tercio Superior","","","","3","6","2","Python;MatLab;Excel;C ++","Música","10","6","2","No","","Filosofía","8","5","5","Sí","No","3"
"2022/09/20 11:54:55 p. m. GMT-5","Femenino","Ing. Ambiental","Quinto Superior","","","","3","5","2","qgis","Salir a fiestas","7","3","5","Sí","4","Filosofía","3","5","6","Sí","No","5"
"2022/09/21 12:06:21 a. m. GMT-5","Femenino","Ing. Química","Quinto Superior","","","","3","6","0","Python;MatLab","Música","6","35","4","Sí","2","Ciencia","2","5","4","Sí","No","3"
"2022/09/21 12:21:35 a. m. GMT-5","Masculino","Ing. Electrónica","NA","","","","3","5","1","Python;MatLab;Excel;C ++","Fútbol","1","3","1","Sí","2","Ciencia Ficción","1","4","7","Sí","No","2"
"2022/09/21 5:42:37 a. m. GMT-5","Masculino","Ing. Civil","Tercio Superior","","","","3","6","1","AutoCad;Python;MatLab;C ++","Música","2","9","30","Sí","4","Ingeniería","2","3","3","Sí","No","4"
"2022/09/21 11:40:53 a. m. GMT-5","Femenino","Ing. Civil","Décimo Superior","","","","3","6","0","AutoCad;Python;Excel","Música","2","3","3","No","","Ciencia Ficción","2","4","6","Sí","No","2"
"2022/09/21 2:23:31 p. m. GMT-5","Masculino","Ing. Industrial","NA","","","","2","5","0","Python","Fútbol","5","1","6","Sí","4","Ciencia Ficción","2","3","6","Sí","No","2"
"2022/09/21 3:29:14 p. m. GMT-5","Femenino","Ing. Industrial","NA","","","","4","7","1","Python","Bailar","2","2","3","Sí","2","Ciencia Ficción","2","4","7","Sí","No","3"
"2022/09/21 3:33:24 p. m. GMT-5","Masculino","Ing. Civil","Tercio Superior","","","","1","8","3","AutoCad;Python;C ++","Basketball","23","59","23","No","","De todo un poco ","4","3","4","Sí","No","1"
"2022/09/21 3:36:53 p. m. GMT-5","Masculino","Ing. Civil","NA","","","","2","6","2","AutoCad;Python;Excel","Fútbol","10","5","2","Sí","2","Ingeniería","1","1","6","Sí","No","1"
"2022/09/21 3:41:00 p. m. GMT-5","Femenino","Ing. Mecánica","Tercio Superior","","","","3","6","1","Python;MatLab;C ++","Música","5","2","10","Sí","6","Ciencia Ficción","2","4","8","Sí","No","4"
"2022/09/21 3:44:33 p. m. GMT-5","Masculino","Ing. Mecatrónica","Quinto Superior","","","","4","6","1","Python;C ++","Nadar","5","0","25","No","","Filosofía","10","4","10","Sí","Sí","3"
"2022/09/21 3:54:39 p. m. GMT-5","Femenino","Ing. Ambiental","NA","15","18","11","3","6","1","Python;MatLab;C ++","Cocinar","3","3","5","Sí","3","Novelas","1","4","5","Sí","No","2"
"2022/09/21 4:02:38 p. m. GMT-5","Masculino","Ing. Civil","NA","","","","3","6","1","AutoCad;Python;MatLab;Excel;C ++","Música","1","0","0","No","","No leo por voluntad propia.","0","4","7","No","No","4"
"2022/09/21 4:27:47 p. m. GMT-5","Femenino","Ing. Ambiental","Tercio Superior","15.5","17","12","4","5","1","Python;MatLab;C ++","Bailar","2","1","6","Sí","6","Ingeniería","1","5","5","Sí","No","4"
"2022/09/21 6:45:15 p. m. GMT-5","Femenino","Ing. Ambiental","Quinto Superior","14","18","08","3","7","2","Excel","Cocinar","3","5","4","No","0","Ciencia Ficción","2","3","5","Sí","No","3"
"2022/09/21 8:36:45 p. m. GMT-5","Femenino","Ing. Química","NA","14","12","11","1","3","1","AutoCad;Python;MatLab;Excel;C ++","Música","0","0","0","Sí","4","Ciencia Ficción","0","3","3","Sí","No","3"
"2022/09/22 11:06:46 a. m. GMT-5","Masculino","Bioingeniería","Tercio Superior","15.67","19","13","4","9","0","Python;MatLab;C ++","Música","6","5","10","No","","Ciencia","2","4","5","Sí","No","3"
"2022/09/22 11:14:59 a. m. GMT-5","Masculino","Ing. Civil","Medio Superior","14","18","12","5","7","0","AutoCad;Python;MatLab;C ++","Cocinar","0","0","0","Sí","3","Humanidades","1","1","5","Sí","No","2"
"2022/09/22 11:31:22 a. m. GMT-5","Masculino","Ing. Ambiental","NA","13","16","0","1","5","2","Python;MatLab","Fútbol","2","0","6","Sí","4","Ciencia","1","3","7","Sí","No","5"
"2022/09/22 1:43:38 p. m. GMT-5","Masculino","Ing. Industrial","Medio Superior","15","20","13","4","5","1","Python;MatLab;Excel","Salir a fiestas","2","2","4","No","","Ciencia Ficción","4","5","7","Sí","No","4"
"2022/09/22 3:12:29 p. m. GMT-5","Masculino","Ing. Electrónica","Quinto Superior","15","20","00","5","5","3","AutoCad;Python;MatLab;Excel;C ++","Música","100","28","8","Sí","8","Ciencia Ficción","4","4","6","Sí","Sí","1"
"2022/09/22 4:56:24 p. m. GMT-5","Masculino","Ing. Civil","NA","13","20","8","2","7","1","AutoCad;Python;MatLab","Fútbol","7","0","5","No","","Ciencia","2","3","8","Sí","No","2"
"2022/09/22 5:03:48 p. m. GMT-5","Femenino","Ing. Civil","Tercio Superior","15","20","07","4","6","1","AutoCad;Python;MatLab;Excel;C ++","Bailar","5","3","5","Sí","6","Ciencia","2","3","7","Sí","No","1"
"2022/09/23 10:10:18 a. m. GMT-5","Masculino","Ing. de la Energía","Décimo Superior","17","20","12","3","5","1","Excel","Fútbol","4","1","2","No","","Ingeniería","4","4","6","Sí","No","4"
"2022/09/23 10:19:28 a. m. GMT-5","Masculino","Ing. Civil","Medio Superior","14.88","18","13","3","7","1","AutoCad;Python;MatLab;C ++","Música","0","20","0","No","","Humanidades","1","3","6","Sí","No","3"
"2022/09/23 10:38:09 a. m. GMT-5","Masculino","Ing. Industrial","Décimo Superior","16","19","11","1","6","1","Python;MatLab;Excel;C ++;R","Música","1","4","30","No","","Ciencia Ficción","2","4","7","Sí","Sí","4"
"2022/09/23 10:51:15 a. m. GMT-5","Masculino","Ing. Civil","NA","15","18","10","3","8","1","AutoCad;C ++","Fútbol","5","2","22","No","","Ingeniería","2","4","4","Sí","No","3"
"2022/09/23 11:27:19 a. m. GMT-5","Masculino","Ing. Ambiental","Medio Superior","15","20","10","3","6","2","Python;MatLab;C ++","Música","3","2","19","Sí","2 ","Ciencia","2","5","4","Sí","No","4"
"2022/09/23 11:42:19 a. m. GMT-5","Femenino","Ing. Ambiental","Tercio Superior","15","17","14","3","6","1","Python;MatLab","Música","3","3","7","Sí","2","Ciencia Ficción","1","4","8","Sí","No","4"
"2022/09/23 11:49:43 a. m. GMT-5","Masculino","Ing. Ambiental","NA","13","18","11","3","6","1","Python;C ++","Fútbol","8","2","1","No","","Ciencia Ficción","1","4","6","Sí","No","4"
"2022/09/23 11:51:25 a. m. GMT-5","Femenino","Ing. Química","Décimo Superior","17","19","16","4","6","1","Python","Bailar","2","2","4","Sí","2","Ciencia Ficción","2","4","6","Sí","No","4"
"2022/09/23 12:43:45 p. m. GMT-5","Femenino","Ing. Industrial","Quinto Superior","15","18","11","3","6","0","Excel","Música","0","4","30","No","0","Romance","4","4","5","Sí","No","2"
"2022/09/23 3:02:15 p. m. GMT-5","Femenino","Ing. Química","Tercio Superior","16","18","14","2","5","1","Python;MatLab;Excel","Música","3","5","6","Sí","6","Ciencia Ficción","1","4","4","Sí","Sí","3"
"2022/09/23 3:12:55 p. m. GMT-5","Femenino","Ing. Ambiental","Medio Superior","15","18","13","3","7","0","Python;Excel","Bailar","7","4","5","Sí","4","Ciencia","2","4","5","Sí","No","2"
"2022/09/24 9:21:15 a. m. GMT-5","Masculino","Ing. Ambiental","NA","14","20","05","3","5","2","Python;C ++","Cocinar","Cambridge","2","0","No","0","Ciencia","4","4","7","No","No","4"
"2022/09/24 9:21:27 a. m. GMT-5","Femenino","Ing. Industrial","NA","14","19","11","3","5","1","Python","Música","UNESCO","6","5","Sí","6","Ciencia Ficción","4","4","5","Sí","Sí","2"
"2022/09/24 5:53:31 p. m. GMT-5","Masculino","Ing. Química","Décimo Superior","13","15","12","3","7","2","Python;MatLab;Excel","Investigar","6","+10","3","No","","Ciencia","5","3","6","Sí","No","4"
"2022/09/24 7:01:04 p. m. GMT-5","Masculino","Ing. Industrial","NA","11","14","9","3","6","2","Python;Excel","Fútbol","2","5","3","No","","Ciencia","3","4","7","Sí","No","4"
"2022/09/24 7:23:18 p. m. GMT-5","Masculino","Ing. Electrónica","NA","13","19","9","2","4","2","Python;C ++","Música","5","2","6","Sí","4","Humanidades","1","4","6","Sí","No","2"
"2022/09/24 7:35:53 p. m. GMT-5","Masculino","Ing. Mecatrónica","NA","15","18","13","4","6","2","Python;Excel;C ++","Cocinar","11","2","0","Sí","8","Humanidades","4","4","6","Sí","No","1"
"2022/09/25 2:03:45 p. m. GMT-5","Femenino","Bioingeniería","NA","14","17","7","3","5","2","C ++","Pintar","2","2","0","No","","Ciencia Ficción","0","4","6","Sí","Sí","1"
"2022/09/25 3:25:18 p. m. GMT-5","Masculino","Ing. Química","Décimo Superior","17","19","14","2","5","0","Python;MatLab;Excel","Música","12","5","4","No","0","Filosofía","3","3","3","Sí","No","1"
"2022/09/25 5:27:52 p. m. GMT-5","Femenino","Ing. Industrial","Tercio Superior","15","16","13","3","7","1","Python;MatLab;C ++","Música","4","2","4","Sí","3","Ciencia Ficción","1","4","7","Sí","No","3"
"2022/09/25 9:24:02 p. m. GMT-5","Femenino","Ing. Ambiental","Tercio Superior","14.78","19","10","4","6","2","Python","Música","10","25","10","No","","Ciencia Ficción","1","5","6","Sí","No","4"
"2022/09/25 9:26:12 p. m. GMT-5","Masculino","Ing. Electrónica","Tercio Superior","","16","11","3","6","0","Python;MatLab;Excel","Fútbol","0","6","5","Sí","2","Ciencia Ficción","1","5","6","Sí","Sí","3"
"2022/09/25 9:27:00 p. m. GMT-5","Femenino","Ing. Ambiental","Décimo Superior","16","18","13","4","6","1","Python;MatLab;C ++","Salir a fiestas","2","2","6","Sí","2","Ciencia","4","4","6","Sí","No","3"
"2022/09/25 9:28:46 p. m. GMT-5","Femenino","Ing. Civil","Quinto Superior","14","18","11","3","6","2","AutoCad;Python;MatLab;C ++","Música","5","4","10","No","0","Ciencia Ficción","3","3","5","Sí","No","4"
"2022/09/25 9:31:07 p. m. GMT-5","Masculino","Bioingeniería","Medio Superior","15","17","11","1","5","2","Python;MatLab;Excel;C ++","Fútbol","5","15","8","No","","Ingeniería","1","2","6","Sí","No","2"
"2022/09/25 9:32:32 p. m. GMT-5","Femenino","Ing. Civil","Tercio Superior","16","17","11","4","6","Ingles","AutoCad;Python;MatLab;Excel;C ++","Música","10","4","2","Sí","4","Ciencia Ficción","2","4","6","Sí","No","4"
"2022/09/25 9:35:48 p. m. GMT-5","Masculino","Ing. Civil","NA","14","20","00","1","6","2","AutoCad;Excel","Fútbol","4","2","2","Sí","2","Ingeniería","0","3","5","Sí","No","1"
"2022/09/25 9:36:38 p. m. GMT-5","Masculino","Ing. Civil","NA","13","18","10","3","5","1","AutoCad","Música","7","2","0","Sí","2","Ciencia Ficción","2","4","8","Sí","No","4"
"2022/09/25 9:37:06 p. m. GMT-5","Femenino","Ing. Electrónica","Décimo Superior","18.52","20","16","4","5","1","Python;MatLab;Excel;C ++","Música","3","6","4","No","","Juvenil-Romance","0","4","6","Sí","No","3"
"2022/09/25 9:39:02 p. m. GMT-5","Masculino","Ing. de la Energía","NA","13","15","8","4","6","1","Python;C ++","Entrenar calistenia","0","6","6","No","","Filosofía","1","5","8","Sí","Sí","3"
"2022/09/25 9:39:50 p. m. GMT-5","Masculino","Ing. Mecánica","Tercio Superior","15","20","11","2","3","1","Inventor","Música","1","0","0","No","","Música ","1","1","6","Sí","Sí","2"
"2022/09/25 9:40:23 p. m. GMT-5","Masculino","Ing. Civil","NA","13","17","8","2","7","1","AutoCad;Python;MatLab;Excel;C ++","Fútbol","4","1","6","No","","Ciencia","1","4","7","Sí","No","4"
"2022/09/25 9:41:54 p. m. GMT-5","Masculino","Ing. Civil","NA","13","15","11","3","5","0","AutoCad","Fútbol","4","1","6","No","","Ingeniería","1","4","6","Sí","No","4"
"2022/09/25 9:47:39 p. m. GMT-5","Femenino","Ing. Civil","NA","15","18","13","3","6","0","AutoCad","Música","0","4","4","Sí","4","Ciencia Ficción","3","3","6","Sí","No","3"
"2022/09/25 9:48:37 p. m. GMT-5","Femenino","Ing. Ambiental","Tercio Superior","16","19","12","3","6","2","Python;MatLab;C ++","Cocinar","2","2","8","No","","Ingeniería","1","5","3","Sí","No","1"
"2022/09/25 9:49:36 p. m. GMT-5","Masculino","Ing. Civil","Décimo Superior","","19","14","4","6","2","AutoCad;Python;MatLab;Excel;C ++","Fútbol","5","1","20","Sí","2","Ingeniería","2","4","7","Sí","No","3"
"2022/09/25 9:55:19 p. m. GMT-5","Masculino","Ing. Civil","NA","14","19","10","3","6","2","AutoCad;Python;MatLab;Excel;C ++","Dota","0","1","4","Sí","4","Ingeniería","1","5","6","Sí","No","5"
"2022/09/25 10:04:08 p. m. GMT-5","Masculino","Ing. Civil","Medio Superior","º13","","","1","3","1","Python","Música","12","12","3","No","","Ciencia Ficción","4","2","8","Sí","No","1"
"2022/09/25 10:37:47 p. m. GMT-5","Masculino","Ing. Civil","Medio Superior","15","18","12","4","6","1","AutoCad;Python","Fútbol","4","6","24","No","","Ciencia Ficción","1","4","6","Sí","No","4"
"2022/09/25 10:38:28 p. m. GMT-5","Masculino","Ing. Industrial","Medio Superior","16","19","4","4","4","1","AutoCad;Python;Excel;C ++;R, Sql, Minitab","Música","1","0","0","No","","Ingeniería","0","3","8","Sí","Sí","2"
"2022/09/25 10:47:56 p. m. GMT-5","Masculino","Ing. Mecánica","Décimo Superior","15","20","14","3","5","1","AutoCad;Python;MatLab;Excel;C ++","Fútbol","3","1","4","No","","Ingeniería","6","4","7","Sí","No","3"
"2022/09/25 10:53:39 p. m. GMT-5","Femenino","Ing. Ambiental","NA","15","19","11","4","5","0","Python;RStudio","Música","11","2","14","No","","Ciencia","4","4","6","Sí","No","3"
"2022/09/26 2:00:19 a. m. GMT-5","Femenino","Ing. Civil","Tercio Superior","13","17","10.4","3","6","2","AutoCad;Python;MatLab","Voley","5","4","8","Sí","2","Ingeniería","1","4","5-6","Sí","No","3"
"2022/09/26 10:05:53 a. m. GMT-5","Masculino","Ing. Civil","NA","13","15","11","2","6","1","AutoCad;Python;C ++","Música","0","3","6","No","","Ciencia Ficción","0","5","5","No","No","4"
"2022/09/26 11:46:15 a. m. GMT-5","Femenino","Ing. Química","Quinto Superior","13","18","11","3","6","2","Excel","Música","4","2","30","Sí","14","Ciencia","2","4","5","No","Sí","3"
"2022/09/26 11:50:14 a. m. GMT-5","Masculino","Ing. Civil","Medio Superior","15","19","13","2","7","ingles (blasico)","AutoCad;Python;MatLab;Excel;C ++","Fútbol","10","2","4","Sí","2","Ingeniería","4","4","8","Sí","No","4"
"2022/09/26 12:42:13 p. m. GMT-5","Femenino","Ing. Ambiental","Tercio Superior","16","17","12","4","5","0","Python;MatLab;C ++","Bailar","2","0","6","Sí","6","Ingeniería","1","5","5","Sí","No","4"
"2022/09/26 12:47:21 p. m. GMT-5","Femenino","Ing. Ambiental","Tercio Superior","16","18","11","2","6","2","Python;MatLab;C ++","Bailar","4","8","15","Sí","4","Ciencia","6","4","5","Sí","No","4"
"2022/09/26 12:59:25 p. m. GMT-5","Masculino","Ing. Civil","Quinto Superior","14","18","10","4","6","1","AutoCad;Revit","Fútbol","8","2","3","Sí","4","Ciencia","3","5","6","Sí","No","4"
"2022/09/26 1:02:05 p. m. GMT-5","Masculino","Ing. Mecatrónica","NA","13.4","15","11","1","6","1","Excel","Fútbol","2","0","2","Sí","4","Ciencia Ficción","0","3","5","Sí","No","3"
"2022/09/26 1:06:42 p. m. GMT-5","Masculino","Ing. Civil","NA","10","19","2","2","7","1","AutoCad;Python;MatLab","Fútbol","4","0","5","No","","Ciencia","2","3","8","Sí","No","2"
"2022/09/26 1:18:13 p. m. GMT-5","Masculino","Ing. Civil","NA","14","16","4","2","5","0","AutoCad;C ++","Música","2","0","6","No","","Ciencia Ficción","3","2","6","Sí","No","2"
"2022/09/26 1:19:24 p. m. GMT-5","Femenino","Ing. Ambiental","Quinto Superior","16","18","12","4","5","1","Qgis","Cocinar","4","2","16","Sí","4","Humanidades","2","5","7","Sí","No","4"
"2022/09/26 1:31:30 p. m. GMT-5","Masculino","Ing. Ambiental","Tercio Superior","16","20","13","3","6","1","Excel;QGIS y RStudio","Fútbol","5","12","5","No","","Filosofía","5","4","6","Sí","No","2"
"2022/09/26 2:27:30 p. m. GMT-5","Femenino","Ing. Ambiental","Medio Superior","15","18","10","3","7","0","Python;MatLab;Excel","Bailar","7","4","6","Sí","4","Humanidades","4","3","5","Sí","No","2"
"2022/09/26 3:02:10 p. m. GMT-5","Femenino","Bioingeniería","Medio Superior","15","19","10","3","5","2","Python;MatLab;Excel","Bailar","10","10","5","Sí","4","Ciencia Ficción","3","3","6","Sí","No","3"
"2022/09/26 4:32:09 p. m. GMT-5","Masculino","Ing. Industrial","Medio Superior","13","17","10","3","5","1","Python;Excel;C ++","Música","4","3","16","No","","Ingeniería","3","4","7","Sí","No","4"
"2022/09/26 5:06:12 p. m. GMT-5","Masculino","Ing. Civil","NA","13","18","9","1","6","0","AutoCad","Salir a fiestas","0","0","0","No","","Ciencia Ficción","0","3","8","Sí","No","1"
"2022/09/27 12:01:43 a. m. GMT-5","Femenino","Bioingeniería","Medio Superior","16.4","17","12","2","6","0","Python;MatLab;C ++","Música","3","2","4","Sí","2","Ciencia","1","4","5","Sí","No","3"
"2022/09/27 8:11:52 a. m. GMT-5","Femenino","Ing. Industrial","Quinto Superior","17","18","13","4","6","2","Python;MatLab;Excel;C ++","Bailar","2","5","30","No","","Ciencia","4","4","4","Sí","No","2"
"2022/09/27 8:13:36 a. m. GMT-5","Femenino","Ing. Industrial","Décimo Superior","18","20","19","1","9","1","Python;Excel","Salir a fiestas","Scielo","2","18","Sí","2","Filosofía","3","4","5","Sí","No","3"
"2022/09/27 8:17:51 a. m. GMT-5","Femenino","Ing. Química","Tercio Superior","15.9","18","14","3","5","1","AutoCad;Python;MatLab","Música","3","8","4","Sí","6","Ciencia Ficción","0","4","5","Sí","Sí","4"
"2022/09/27 8:22:01 a. m. GMT-5","Femenino","Ing. Industrial","Medio Superior","14","17","10","3","5","3","Python;MatLab;Excel","Música","10","2","12","Sí","3","Humanidades","0","4","5","Sí","Sí","3"
"2022/09/27 8:22:55 a. m. GMT-5","Femenino","Ing. Química","Tercio Superior","17","20","14","3","6","2","Python","Cocinar","4","5","5","Sí","2","Ciencia Ficción","4","5","4","Sí","No","4"
"2022/09/27 8:30:19 a. m. GMT-5","Femenino","Ing. Civil","NA","15","17","11","3","5","1","Python;MatLab;Excel;C ++","Música","3","3","20","No","","Ciencia","5","4","5","Sí","No","3"
"2022/09/27 8:34:50 a. m. GMT-5","Masculino","Ing. Mecánica","Quinto Superior","15","18","02","3","6","1","Python","Fútbol","2","2","3","Sí","2","Ingeniería","1","4","6","Sí","No","4"
"2022/09/27 8:38:41 a. m. GMT-5","Masculino","Bioingeniería","Medio Superior","14","15","11","3","6","2","Python","Cocinar","3","6","8","No","","Ciencia Ficción","3","4","6","No","No","4"
"2022/09/27 8:48:53 a. m. GMT-5","Masculino","Ing. Mecatrónica","Tercio Superior","15","17","13","3","6","1","Python;MatLab;C ++","Fútbol","1","5","6","Sí","4","Ingeniería","1","4","6","Sí","No","3"
"2022/09/27 9:01:42 a. m. GMT-5","Masculino","Ing. de la Energía","Tercio Superior","15","15","9","3","5","2","Excel","Basquet","2","2","4","Sí","6","Ciencia Ficción","3","2","5","Sí","No","4"
"2022/09/27 9:25:56 a. m. GMT-5","Masculino","Ing. Mecatrónica","Décimo Superior","16","19","14","3","6","1","Python;MatLab;C ++","Fútbol","0","3","0","No","0","Ciencia Ficción","5","4","7","Sí","No","4"
"2022/09/27 10:09:43 a. m. GMT-5","Masculino","Ing. Industrial","Medio Superior","14.78","19","12","4","7","0","Python;MatLab;Excel;C ++","Música","17","4","2","Sí","2","Ciencia Ficción","5","3","6","Sí","No","4"
"2022/09/27 10:10:33 a. m. GMT-5","Masculino","Ing. Mecatrónica","Medio Superior","14","16","11","4","6","0","AutoCad;Python;MatLab;Excel;C ++;Fushion 360, proteus, Rstudio","Salir a fiestas","2","1","20","Sí","6","Ciencia Ficción","2","4","7","Sí","No","3"
"2022/09/27 10:11:36 a. m. GMT-5","Masculino","Ing. Mecatrónica","Tercio Superior","18","19","15","4","6","1","Python;MatLab;C ++","Jugar en pc","SciELO ","1","3","No","","Ciencia","2","4","8","Sí","No","4"
"2022/09/27 10:47:40 a. m. GMT-5","Masculino","Ing. Mecatrónica","NA","12","18","10","2","5","0","AutoCad;Python;MatLab;Excel;C ++","Cocinar","7","6","1","No","","Filosofía","2","2","2","Sí","No","1"
"2022/09/27 10:49:47 a. m. GMT-5","Femenino","Ing. Química","Tercio Superior","15","20","4","3","6","1","Python;MatLab;C ++","Películas ","5","2","8","No","","Filosofía","5","4","8","No","Sí","4"
"2022/09/27 10:59:35 a. m. GMT-5","Femenino","Ing. Ambiental","Tercio Superior","14","17","11","4","7","2","Python;C ++","Música","muchas","5","2","Sí","4","Ciencia Ficción","6","4","0","Sí","Sí","5"
"2022/09/27 11:00:39 a. m. GMT-5","Femenino","Ing. Ambiental","Tercio Superior","16","17","12","4","5","1","Python;MatLab;C ++","Bailar","2","1","8","Sí","6","Ingeniería","1","5","5","Sí","No","4"
"2022/09/27 11:06:37 a. m. GMT-5","Femenino","Ing. Civil","NA","14","16","11","3","6","0","AutoCad","Fútbol","2","2","0","No","6","Ingeniería","5","3","7","Sí","No","3"
"2022/09/27 11:06:46 a. m. GMT-5","Masculino","Ing. Electrónica","NA","11","12","11","3","6","Español","Python;Excel","Música","6","4","0","Sí","4","Ciencia","5","4","6","Sí","No","4"
"2022/09/27 11:52:34 a. m. GMT-5","Masculino","Ing. Mecánica","Medio Superior","14","20","11","5","6","Inglés ","Python;MatLab;Excel;C ++","Música","7","4","0","No","","Ciencia","3","5","6","Sí","No","5"
"2022/09/27 2:49:17 p. m. GMT-5","Masculino","Ing. Mecánica","Quinto Superior","14","17","9","4","5","1","MatLab;Excel","Música","1","2","3","Sí","2","Ciencia Ficción","2","4","6","No","No","4"
"2022/09/27 3:01:38 p. m. GMT-5","Masculino","Ing. Industrial","Tercio Superior","13,55","17","11","1","6","1","Python","Nada dormir","12","1","80","Sí","12","Ingeniería","2","5","4","Sí","Sí","5"
"2022/09/27 4:32:06 p. m. GMT-5","Femenino","Ing. Mecatrónica","NA","11","15","4","2","4","0","Excel","Música","2","7","0","Sí","4","Humanidades","0","2","8","Sí","No","2"
"2022/09/27 7:52:41 p. m. GMT-5","Masculino","Ing. Mecatrónica","NA","14","18","6","3","5","3","AutoCad;Python;MatLab;Excel;C ++","Leer, ver películas ","4","4","1","No","","Ciencia Ficción","6","4","6","Sí","No","4"
"2022/09/28 1:30:07 a. m. GMT-5","Masculino","Ing. Mecatrónica","Medio Superior","13","17","6","3","4","1","Python;Excel;C ++","Música","3","1","0","No","","Ciencia Ficción","1","4","3","Sí","No","4"
"2022/09/28 11:30:22 a. m. GMT-5","Masculino","Ing. Mecatrónica","Medio Superior","17","19","14","3","6","2","Python;MatLab;Excel","Música","10","2","8","No","","Ciencia Ficción","1","5","6","Sí","No","4"
"2022/09/28 12:16:07 p. m. GMT-5","Masculino","Ing. Industrial","Décimo Superior","19","20","18","4","8","1","AutoCad;Python;MatLab;Excel","Música","0","8","26","Sí","8","Ciencia Ficción","3","4","8","Sí","Sí","4"
"2022/09/28 12:18:46 p. m. GMT-5","Femenino","Ing. Industrial","Quinto Superior","15","18","11","3","6","0","Excel","Bailar","0","5","6","Sí","4","Romance","6","4","5","Sí","No","1"
"2022/09/28 1:03:14 p. m. GMT-5","Femenino","Ing. Ambiental","NA","14","16","0","5","6","0","Python;MatLab;C ++","Cocinar","12","2","3","No","","Ingeniería","3","3","3","Sí","No","4"
"2022/09/28 1:04:48 p. m. GMT-5","Femenino","Ing. Ambiental","Tercio Superior","16","16","14","5","6","0","Python;MatLab","Gym","4","4","3","Sí","4","Arte y nutrición ","2","4","6","Sí","Sí","5"
"2022/09/28 1:08:03 p. m. GMT-5","Femenino","Ing. Ambiental","NA","14","20","5","3","6","0","MatLab","Bailar","4","4","6","No","0","Ciencia Ficción","1","3","4","Sí","No","4"
"2022/09/28 2:50:47 p. m. GMT-5","Femenino","Ing. Ambiental","Quinto Superior","13","18","20","3","7","2","Excel","Fútbol","4","15","3","No","0","Ciencia Ficción","2","3","5","Sí","No","4"
"2022/09/28 2:54:18 p. m. GMT-5","Masculino","Ing. Civil","Tercio Superior","14","17","9","4","6","2","AutoCad;Python;MatLab;Excel;C ++","Fútbol","2","2","8","Sí","1.40","Ciencia Ficción","2.37","5","0.0","No","No","4"
"2022/09/28 5:49:36 p. m. GMT-5","Masculino","Ing. de la Energía","Tercio Superior","15","19","12","4","6","2","Python;MatLab;Excel;C ++","Salir a fiestas","5","5","15","Sí","6","Ciencia","5","5","4","Sí","No","4"
"2022/09/28 5:51:53 p. m. GMT-5","Masculino","Ing. de la Energía","Tercio Superior","16","19","12","4","6","3","AutoCad;Python;MatLab;Excel;C ++","Bailar","6","6","5","Sí","4","Ciencia","4","4","3","Sí","Sí","4"
"2022/09/28 6:02:01 p. m. GMT-5","Femenino","Ing. Mecatrónica","NA","12","14","2","2","5","0","AutoCad;Python","Fútbol","2","0","0","No","","Filosofía","0","2","8","No","No","5"
"2022/09/28 6:03:31 p. m. GMT-5","Masculino","Ing. Civil","NA","13","17","6","4","7","3","AutoCad;C ++","Salir a fiestas","0","0","7","No","","Ciencia Ficción","0","4","6","No","No","4"
"2022/09/28 6:45:17 p. m. GMT-5","Femenino","Ing. Mecatrónica","Tercio Superior","15","19","13","4","5","1","MatLab;Excel","Salir a fiestas","0","1","4","No","","Ciencia Ficción","0","4","6","Sí","Sí","3"
"2022/09/28 6:51:34 p. m. GMT-5","Masculino","Ing. Mecatrónica","Décimo Superior","17","20","14","4","8","3","AutoCad;Python;MatLab;Excel;C ++","Dota","20","15","15","No","","Ciencia","6","5","5","No","No","5"
"2022/09/28 6:54:17 p. m. GMT-5","Masculino","Ing. Civil","Tercio Superior","15","17","11","3","5","1","Python","Fútbol","5","5","10","Sí","6","Humanidades","4","2","8","Sí","Sí","4"
"2022/09/28 6:57:58 p. m. GMT-5","Femenino","Ing. de la Energía","Tercio Superior","15","17","9","3","4","2","Python;C ++","Música","3","10","4","Sí","3","Ciencia Ficción","1","2","8","Sí","No","3"
"2022/09/28 7:02:30 p. m. GMT-5","Masculino","Ing. Química","Décimo Superior","18","19","17","4","6","2","AutoCad;Python;C ++","Cocinar","7","23","6","No","","Ciencia Ficción","4","5","7","No","No","4"
"2022/09/28 7:11:07 p. m. GMT-5","Masculino","Bioingeniería","NA","11","14","3","2","9","0","AutoCad;RStudio","Cocinar","6","3","12","No","","Ingeniería","0","4","8","Sí","No","2"
"2022/09/28 7:12:29 p. m. GMT-5","Masculino","Ing. Electrónica","NA","13","17","4","3","5","1","C ++","Bailar","2","0","10","No","","Drama","0","3","5","No","No","5"
"2022/09/28 7:14:51 p. m. GMT-5","Femenino","Ing. de la Energía","NA","14","15","9","5","3","1","Excel;C ++","Salir a fiestas","5","2","5","Sí","6","Ciencia","0","4","7","Sí","Sí","4"
"2022/09/28 7:16:45 p. m. GMT-5","Femenino","Bioingeniería","Tercio Superior","15.76","18","11","4","6","1","Python;MatLab;C ++","Cocinar","6","45","9","Sí","6","Ciencia Ficción","15","3","8","Sí","No","4"
"2022/09/28 7:17:34 p. m. GMT-5","Femenino","Ing. Ambiental","Décimo Superior","15","19","9","2","6","1","C ++","Fútbol","2","0","8","No","","Filosofía","3","4","6","Sí","Sí","4"
"2022/09/28 7:20:58 p. m. GMT-5","Femenino","Ing. de la Energía","Quinto Superior","13","17","7","3","4","1","Python","Bailar","10","13","4","No","","Ingeniería","10","5","6","Sí","No","2"
"2022/09/28 7:25:19 p. m. GMT-5","Femenino","Ing. Mecatrónica","Medio Superior","12","20","10","5","3","1","C ++","Salir a fiestas","0","0","0","No","0","Ciencia Ficción","7","3","4","No","No","5"
"2022/09/28 7:28:51 p. m. GMT-5","Masculino","Ing. Química","Tercio Superior","16","16","9","4","6","0","MatLab","Fútbol","6","2","12","Sí","2","Drama","0","5","7","No","No","4"
"2022/09/28 7:31:10 p. m. GMT-5","Masculino","Bioingeniería","Décimo Superior","14","15","8","3","4","0","inventor","gym","3","0","7","Sí","4","Ninguno","0","5","6","Sí","No","4"
"2022/09/28 7:32:50 p. m. GMT-5","Masculino","Bioingeniería","Décimo Superior","16","19","13","4","6","3","AutoCad;Python;MatLab;Excel;C ++","Dota","13","10","10","Sí","6","Ciencia","6","4","4","Sí","Sí","4"
"2022/09/28 7:35:52 p. m. GMT-5","Femenino","Ing. Electrónica","Décimo Superior","16","16","10","2","4","1","MatLab","Salir a fiestas","11","1","0","No","","Humanidades","5","2","8","Sí","Sí","5"
"2022/09/28 7:37:06 p. m. GMT-5","Masculino","Ing. Mecánica","Tercio Superior","17","19","11","4","6","2","AutoCad;Python;C ++","Bailar","10","7","8","No","","Ingeniería","6","5","5","Sí","Sí","5"
"2022/09/28 7:38:54 p. m. GMT-5","Masculino","Ing. de la Energía","Medio Superior","17","17","11","5","4","2","C ++;Inventor","Bailar","6","1","9","Sí","6","Romance","2","2","7","Sí","Sí","5"
"2022/09/28 7:40:07 p. m. GMT-5","Masculino","Bioingeniería","Tercio Superior","16","20","11","4","5","1","Python;C ++","Salir a fiestas","8","8","15","Sí","6","Ciencia","6","5","6","Sí","Sí","5"
"2022/09/28 7:41:51 p. m. GMT-5","Femenino","Ing. Química","NA","14","16","8","4","5","0","C ++","Salir a fiestas","3","5","6","Sí","2","Ciencia","5","5","7","No","No","4"
"2022/09/28 7:42:35 p. m. GMT-5","Femenino","Ing. de la Energía","Tercio Superior","15","17","12","4","6","1","Python;MatLab;C ++","Bailar","8","4","5","No","","Ciencia Ficción","5","5","5","Sí","Sí","5"
"2022/09/28 7:43:27 p. m. GMT-5","Masculino","Ing. de la Energía","NA","14","16","8","2","4","0","C ++","Música","6","1","0","No","","ninguno","4","4","5","Sí","Sí","4"
"2022/09/28 7:46:33 p. m. GMT-5","Masculino","Ing. Mecatrónica","NA","12","15","4","2","6","0","MatLab;Excel;C ++","Cocinar","5","3","0","No","","Ingeniería","6","4","5","Sí","No","3"
"2022/09/28 7:48:10 p. m. GMT-5","Femenino","Ing. Industrial","Décimo Superior","16","17","12","4","7","2","Python;C ++;Vhdl","Cocinar","4","10","4","No","","Filosofía","2","5","6","Sí","Sí","4"
"2022/09/28 7:51:27 p. m. GMT-5","Femenino","Ing. Civil","Medio Superior","14","9","16","3","5","1","Python;Excel","Salir a fiestas","4","6","3","Sí","2","Ciencia Ficción","4","4","8","Sí","No","2"
"2022/09/28 7:56:42 p. m. GMT-5","Masculino","Ing. Mecánica","Décimo Superior","18","19","16","4","5","3","Python;MatLab;Excel;C ++;HTLM","Salir a fiestas","17","32","14","Sí","6","Ciencia","15","5","8","Sí","Sí","5"
"2022/09/28 7:56:47 p. m. GMT-5","Masculino","Ing. de la Energía","Quinto Superior","19","20","16","5","8","3","AutoCad;Python;MatLab;Excel;C ++","Salir a fiestas","23","5","7","No","0","Ciencia Ficción","6","5","8","No","Sí","5"
"2022/09/28 8:01:53 p. m. GMT-5","Femenino","Ing. Ambiental","Quinto Superior","15","18","11","1","6","2","Python;MatLab;C ++","Bailar","7","9","3","Sí","2","Literatura ","7","5","8","Sí","No","3"
"2022/09/28 8:05:26 p. m. GMT-5","Masculino","Ing. Mecatrónica","Quinto Superior","16","18","13","5","6","1","Python;MatLab;C ++;Vivado","Salir a fiestas","5","10","4","No","","Filosofía","6","5","8","No","No","5"
"2022/09/28 8:14:11 p. m. GMT-5","Masculino","Ing. Mecatrónica","Quinto Superior","14","18","11","3","6","1","AutoCad;Python;MatLab;Excel;C ++","Música","4","8","5","No","","Filosofía","5","5","5","Sí","No","2"
"2022/09/28 8:56:13 p. m. GMT-5","Masculino","Ing. Civil","NA","15","20","12","4","7","Basico","Python","Bailar","0","1","3","Sí","4","Ciencia","3","4","5","Sí","No","4"
"2022/09/28 8:58:15 p. m. GMT-5","Masculino","Ing. de la Energía","Décimo Superior","16","20","12","4","5","0","AutoCad;Excel","Fútbol","5","2","4","No","","Ciencia","2","4","6","Sí","No","4"
"2022/09/28 8:58:45 p. m. GMT-5","Masculino","Ing. de la Energía","Tercio Superior","15","17","11","3","5","2","Python;Excel;C ++","Música","Science Direct","12","6","No","","Ciencia Ficción","7","3","7","No","Sí","3"
"2022/09/28 9:06:44 p. m. GMT-5","Femenino","Bioingeniería","Tercio Superior","15","17","10","2","7","2","AutoCad;Python;MatLab","Fútbol","3","10","2","No","","Ciencia","2","3","4","Sí","No","4"
"2022/09/28 9:07:26 p. m. GMT-5","Femenino","Bioingeniería","NA","12","18","3","2","4","1","Excel","Taekwondo","3","7","0","Sí","4","Ciencia Ficción","2","4","5","Sí","Sí","1"
"2022/09/28 9:13:02 p. m. GMT-5","Femenino","Ing. Industrial","Tercio Superior","15","18","13","4","6","1","Python","Salir a fiestas","2","1","2","Sí","6","Ingeniería","3","4","6","Sí","No","2"
"2022/09/28 10:10:27 p. m. GMT-5","Masculino","Ing. Mecatrónica","NA","12.83","18","11","5","5","1","Python;MatLab;C ++","Bailar","3","4","2","No","","Ingeniería","1","4","6","Sí","Sí","4"
"2022/09/28 10:26:23 p. m. GMT-5","Femenino","Ing. Química","Medio Superior","13","15","7","2","5","1","Python;C ++","Música","4","1","2","No","0","Humanidades","4","3","6","Sí","No","3"
"2022/09/28 10:32:22 p. m. GMT-5","Masculino","Ing. Química","Décimo Superior","16","19","12","4","7","2","Python;C ++","Fútbol","2","3","2","Sí","3","Ciencia Ficción","3","5","7","No","No","5"
"2022/09/28 10:33:39 p. m. GMT-5","Femenino","Bioingeniería","Medio Superior","18","20","15","4","6","2","Python;MatLab;Excel;C ++","Salir a fiestas","5","2","3","Sí","4","Filosofía","5","5","6","Sí","Sí","4"
"2022/09/28 10:35:23 p. m. GMT-5","Masculino","Bioingeniería","NA","11","15","5","2","5","1","Python;C ++","Salir a fiestas","3","1","2","Sí","4","Ciencia","3","3","6","Sí","No","5"
"2022/09/28 10:36:45 p. m. GMT-5","Masculino","Ing. Civil","Tercio Superior","17","18","12","4","6","2","AutoCad;Python;MatLab;Excel;C ++","Fútbol","4","2","4","Sí","4","Ingeniería","2","4","8","Sí","Sí","4"
"2022/09/28 10:37:26 p. m. GMT-5","Femenino","Ing. Ambiental","Quinto Superior","17","18","15","4","7","1","Python;MatLab;C ++","Música","4","2","5","No","","Ciencia","Uno","4","8","Sí","No","4"
"2022/09/28 10:40:51 p. m. GMT-5","Masculino","Ing. Ambiental","Quinto Superior","16","18","12","5","7","2","Python;Excel;C ++","Cocinar","5","1","2","Sí","4","Ciencia","4","5","7","Sí","Sí","5"
"2022/09/28 10:43:44 p. m. GMT-5","Masculino","Ing. Mecatrónica","Quinto Superior","18","20","13","4","7","2","Python;C ++","Música","5","1","6","No","0","Filosofía","4","4","8","No","No","5"
"2022/09/28 11:06:32 p. m. GMT-5","Femenino","Ing. Ambiental","Tercio Superior","15","18","6","3","5","1","Python;C ++","Música","2","10","10","No",".","Ciencia Ficción","2","4","5","Sí","No","4"
"2022/09/28 11:16:31 p. m. GMT-5","Masculino","Ing. Mecánica","Medio Superior","14","20","10","4","4","3","Python;MatLab;Excel;C ++","jujitsu","6","3","0","No","","Filosofía","17","5","10","Sí","No","4"
"2022/09/28 11:18:25 p. m. GMT-5","Masculino","Ing. de la Energía","Tercio Superior","16","20","10","5","5","4","AutoCad;Python;MatLab;Excel;C ++","gimnasio","10","30","1","No","","Ciencia Ficción","10","5","5","Sí","No","2"
"2022/09/28 11:20:45 p. m. GMT-5","Masculino","Ing. Ambiental","NA","13","16","0","4","3","2","Python;MatLab;Excel;C ++","Fútbol","5","9","0","No","","Ciencia Ficción","7","4","10","Sí","No","5"
"2022/09/28 11:22:28 p. m. GMT-5","Femenino","Ing. Mecánica","Quinto Superior","17","19","13","5","6","2","Python;C ++","Música","3","1","4","Sí","4","Ingeniería","4","4","8","No","No","5"
"2022/09/28 11:24:33 p. m. GMT-5","Masculino","Ing. Industrial","Quinto Superior","15","17","13","5","5","2","Python;C ++","Salir a fiestas","5","2","4","Sí","6","Ingeniería","4","4","6","Sí","Sí","4"
"2022/09/28 11:26:12 p. m. GMT-5","Masculino","Ing. Industrial","NA","12","18","10","4","5","1","Python;MatLab;Excel;C ++","Cocinar","4","2","5","No","","Ciencia","12","4","8","Sí","No","3"
"2022/09/28 11:28:01 p. m. GMT-5","Masculino","Ing. Mecánica","Quinto Superior","15","17","10","2","5","2","Python;C ++","Fútbol","0","0","10","No","","Ingeniería","1","3","7","Sí","Sí","1"
"2022/09/28 11:29:04 p. m. GMT-5","Masculino","Ing. Electrónica","Décimo Superior","16","20","17","5","6","2","AutoCad;Python;MatLab;C ++","Música","2","3","12","Sí","2","Filosofía","8","5","8","No","No","5"
"2022/09/28 11:30:05 p. m. GMT-5","Masculino","Ing. Electrónica","Tercio Superior","15","18","13","4","6","1","AutoCad;Python;C ++","Bailar","7","10","19","Sí","8","Ingeniería","8","5","5","Sí","Sí","5"
"2022/09/28 11:30:18 p. m. GMT-5","Masculino","Bioingeniería","Medio Superior","15","18","14","4","5","2","Excel;C ++","Cocinar","1","4","8","No","","Humanidades","4","4","6","Sí","No","3"
"2022/09/28 11:31:20 p. m. GMT-5","Masculino","Ing. Industrial","Tercio Superior","14","20","12","3","5","2","Python;MatLab;Excel","Salir a fiestas","1","3","10","No","","Ciencia Ficción","4","4","8","Sí","No","3"
"2022/09/28 11:31:56 p. m. GMT-5","Masculino","Ing. Ambiental","Medio Superior","18","20","15","5","5","2","AutoCad;Python;Excel;C ++","Bailar","14","15","16","Sí","9","Ciencia","8","5","6","Sí","Sí","5"
"2022/09/28 11:33:35 p. m. GMT-5","Femenino","Ing. de la Energía","Medio Superior","17","20","14","5","5","2","AutoCad;Excel;C ++","Bailar","9","12","16","Sí","4","Humanidades","10","5","5","No","No","5"
"2022/09/28 11:36:26 p. m. GMT-5","Femenino","Ing. Industrial","Quinto Superior","18","19","16","4","7","2","Excel","Bailar","3","2","4","Sí","2","Ciencia Ficción","4","4","7","Sí","Sí","3"
"2022/09/28 11:37:07 p. m. GMT-5","Masculino","Ing. Civil","Medio Superior","15","15","15","4","8","2","AutoCad","Fútbol","2","1","6","Sí","2","Ciencia Ficción","2","4","5","Sí","No","3"
"2022/09/28 11:37:40 p. m. GMT-5","Masculino","Ing. Ambiental","Medio Superior","16.75","20","05","4","8","2","AutoCad;Python;MatLab;Excel;C ++","Estudiar","3","4","28","No","","Ingeniería","8","4","5","Sí","No","2"
"2022/09/28 11:59:43 p. m. GMT-5","Masculino","Ing. Ambiental","Tercio Superior","15.93","19","12","4","6","1","MatLab;Excel;C ++","Fútbol","3","2","6","Sí","4","Ciencia","3","4","7","Sí","No","3"