"0","DCentro <- DFN[DFN$Distrito == 'Cercado de Lima',]"
"0","DCentro <- DFN[DFN$Distrito == 'Breña',]"
"0","DCentro <- DFN[DFN$Distrito == 'Jesús María',]"
"0","DCentro <- DFN[DFN$Distrito == 'Lince',]"
"0","DCentro <- DFN[DFN$Distrito == 'Barranco',]"
"0","DCentro <- DFN[DFN$Distrito == 'San Isidro',]"
"0","DCentro <- DFN[DFN$Distrito == 'San Miguel',]"
"0","DCentro <- DFN[DFN$Distrito == 'Pueblo Libre',]"
"0","DCentro <- DFN[DFN$Distrito == 'San Borja',]"
"0","DCentro <- DFN[DFN$Distrito == 'Miraflores',]"
"0","DCentro <- DFN[DFN$Distrito == 'La Victoria',]"
"0","DCentro <- DFN[DFN$Distrito == 'Rímac',]"
"0","DCentro <- DFN[DFN$Distrito == 'Chorrillos',]"
"0",""
"0","#tam=59"
"0",""
"0","num1 <- nrow(DFN)"
"0","xbarra <- round(mean(DCentro$Costo,na.rm = T),2)"
"0",""
"0","stecho1 <- sd(DCentro$Costo, na.rm = T)"
"0",""
"0","u1 = 110.65"
"0","conf <- 0.95"
"0",""
"0","#Hallamos el zcrit:"
"0","zcrit1 <- qnorm(1-conf, lower.tail = FALSE)"
"0",""
"0","#Hallamos estadistico(TT):"
"0","TT1 <- (xbarra - u1)/(stecho1/sqrt(num1))"
"0",""
"0","Xs1 <- seq(-3, 3, by=0.1)"
"0","plot(Xs1,dnorm(Xs1),type=""l"",lwd=2,col=""blue"",main = ""Prueba de Hipótesis 1"")"
