{"chunk_definitions":[{"row":131,"row_count":1,"visible":true,"expansion_state":0,"options":{"engine":"r","include":false,"label":"unnamed-chunk-1"},"document_id":"AEB3A554","chunk_id":"cb6appj5gqyz3","chunk_label":"unnamed-chunk-1"},{"row":138,"row_count":1,"visible":true,"expansion_state":0,"options":{"engine":"r","include":false,"label":"unnamed-chunk-2"},"document_id":"AEB3A554","chunk_id":"cg0mw307pt4cb","chunk_label":"unnamed-chunk-2"},{"row":143,"row_count":1,"visible":true,"expansion_state":0,"options":{"engine":"r","include":false,"label":"unnamed-chunk-3"},"document_id":"AEB3A554","chunk_id":"cqxhxytdqvnn4","chunk_label":"unnamed-chunk-3"},{"row":147,"row_count":1,"visible":true,"expansion_state":0,"options":{"engine":"r","include":false,"label":"unnamed-chunk-4"},"document_id":"AEB3A554","chunk_id":"c5m0voklc8bmo","chunk_label":"unnamed-chunk-4"},{"row":155,"row_count":1,"visible":true,"expansion_state":0,"options":{"engine":"r","include":false,"label":"unnamed-chunk-5"},"document_id":"AEB3A554","chunk_id":"cecggjm7t2ik9","chunk_label":"unnamed-chunk-5"},{"row":159,"row_count":1,"visible":true,"expansion_state":0,"options":{"engine":"r","include":false,"label":"unnamed-chunk-6"},"document_id":"AEB3A554","chunk_id":"co0u5k5hr8yfc","chunk_label":"unnamed-chunk-6"},{"row":165,"row_count":1,"visible":true,"expansion_state":0,"options":{"engine":"r","include":false,"label":"unnamed-chunk-7"},"document_id":"AEB3A554","chunk_id":"c24kuslpsukj5","chunk_label":"unnamed-chunk-7"},{"row":169,"row_count":1,"visible":true,"expansion_state":0,"options":{"engine":"r","include":false,"label":"unnamed-chunk-8"},"document_id":"AEB3A554","chunk_id":"c3xjgza3ac4cg","chunk_label":"unnamed-chunk-8"},{"row":173,"row_count":1,"visible":true,"expansion_state":0,"options":{"engine":"r","include":false,"label":"unnamed-chunk-9"},"document_id":"AEB3A554","chunk_id":"c5x2ko1wh169n","chunk_label":"unnamed-chunk-9"},{"row":177,"row_count":1,"visible":true,"expansion_state":0,"options":{"engine":"r","include":false,"label":"unnamed-chunk-10"},"document_id":"AEB3A554","chunk_id":"clkrwo74l5ro2","chunk_label":"unnamed-chunk-10"},{"row":181,"row_count":1,"visible":true,"expansion_state":0,"options":{"engine":"r","include":false,"label":"unnamed-chunk-11"},"document_id":"AEB3A554","chunk_id":"ck8kh4f5sshhd","chunk_label":"unnamed-chunk-11"},{"row":185,"row_count":1,"visible":true,"expansion_state":0,"options":{"engine":"r","include":false,"label":"unnamed-chunk-12"},"document_id":"AEB3A554","chunk_id":"c6uh4hjfn4d31","chunk_label":"unnamed-chunk-12"},{"row":189,"row_count":1,"visible":true,"expansion_state":0,"options":{"engine":"r","include":false,"label":"unnamed-chunk-13"},"document_id":"AEB3A554","chunk_id":"ca49yndkrq5n1","chunk_label":"unnamed-chunk-13"},{"row":201,"row_count":1,"visible":true,"expansion_state":0,"options":{"engine":"r","include":false,"label":"unnamed-chunk-14"},"document_id":"AEB3A554","chunk_id":"cahuvg5x3nge2","chunk_label":"unnamed-chunk-14"},{"row":205,"row_count":1,"visible":true,"expansion_state":0,"options":{"engine":"r","include":false,"label":"unnamed-chunk-15"},"document_id":"AEB3A554","chunk_id":"c5pgkfhz0fl5i","chunk_label":"unnamed-chunk-15"},{"row":209,"row_count":1,"visible":true,"expansion_state":0,"options":{"engine":"r","include":false,"label":"unnamed-chunk-16"},"document_id":"AEB3A554","chunk_id":"ccqo40wfv0vfj","chunk_label":"unnamed-chunk-16"},{"row":214,"row_count":1,"visible":true,"expansion_state":0,"options":{"engine":"r","include":false,"label":"unnamed-chunk-17"},"document_id":"AEB3A554","chunk_id":"cppb2x3t80b0l","chunk_label":"unnamed-chunk-17"},{"row":226,"row_count":1,"visible":true,"expansion_state":0,"options":{"engine":"r","include":false,"label":"unnamed-chunk-18"},"document_id":"AEB3A554","chunk_id":"cq2eys5m0u13f","chunk_label":"unnamed-chunk-18"},{"row":243,"row_count":1,"visible":true,"expansion_state":0,"options":{"engine":"r","message":false,"warning":false,"include":false,"label":"unnamed-chunk-19"},"document_id":"AEB3A554","chunk_id":"c8cdor1f2uyiy","chunk_label":"unnamed-chunk-19"},{"row":253,"row_count":1,"visible":true,"expansion_state":0,"options":{"engine":"r","message":false,"warning":false,"echo":false,"label":"unnamed-chunk-20"},"document_id":"AEB3A554","chunk_id":"cbedipqylq4xk","chunk_label":"unnamed-chunk-20"},{"row":308,"row_count":1,"visible":true,"expansion_state":0,"options":{"engine":"r","echo":false,"label":"unnamed-chunk-25"},"document_id":"AEB3A554","chunk_id":"ce662qateuq7m","chunk_label":"unnamed-chunk-23"},{"row":355,"row_count":1,"visible":true,"expansion_state":0,"options":{"engine":"r","echo":false,"label":"unnamed-chunk-26"},"document_id":"AEB3A554","chunk_id":"civ3qod86wyri","chunk_label":"unnamed-chunk-27"},{"row":370,"row_count":1,"visible":true,"expansion_state":0,"options":{"engine":"r","echo":false,"label":"unnamed-chunk-27"},"document_id":"AEB3A554","chunk_id":"cyq635r9fuosp","chunk_label":"unnamed-chunk-28"},{"row":407,"row_count":1,"visible":true,"expansion_state":0,"options":{"engine":"r","echo":false,"label":"unnamed-chunk-30"},"document_id":"AEB3A554","chunk_id":"cqpmb071ikdq8","chunk_label":"unnamed-chunk-30"},{"row":413,"row_count":1,"visible":true,"expansion_state":0,"options":{"engine":"r","eval":true,"echo":false,"message":false,"warning":false,"label":"unnamed-chunk-2"},"document_id":"AEB3A554","chunk_id":"cfau0ffo4pch6","chunk_label":"unnamed-chunk-31"},{"row":418,"row_count":1,"visible":true,"expansion_state":0,"options":{"engine":"r","eval":true,"echo":false,"message":false,"warning":false,"label":"unnamed-chunk-32"},"document_id":"AEB3A554","chunk_id":"c8diwvdlnt3m6","chunk_label":"unnamed-chunk-32"},{"row":434,"row_count":1,"visible":true,"expansion_state":0,"options":{"engine":"r","echo":false,"label":"unnamed-chunk-33"},"document_id":"AEB3A554","chunk_id":"ccdp9pz95nw7z","chunk_label":"unnamed-chunk-33"},{"row":453,"row_count":1,"visible":true,"expansion_state":0,"options":{"engine":"r","echo":false,"label":"unnamed-chunk-34"},"document_id":"AEB3A554","chunk_id":"c2ld2hd1qn5ei","chunk_label":"unnamed-chunk-34"},{"row":470,"row_count":1,"visible":true,"expansion_state":0,"options":{"engine":"r","echo":false,"label":"unnamed-chunk-35"},"document_id":"AEB3A554","chunk_id":"cxpv91oojtwtg","chunk_label":"unnamed-chunk-35"},{"row":478,"row_count":1,"visible":true,"expansion_state":0,"options":{"engine":"r","eval":true,"echo":false,"message":false,"warning":false,"label":"unnamed-chunk-36"},"document_id":"AEB3A554","chunk_id":"c1yum9vba4u4b","chunk_label":"unnamed-chunk-36"},{"row":488,"row_count":1,"visible":true,"expansion_state":0,"options":{"engine":"r","eval":true,"echo":false,"message":false,"warning":false,"label":"unnamed-chunk-3"},"document_id":"AEB3A554","chunk_id":"c3yilspgqh6kt","chunk_label":"unnamed-chunk-37"},{"row":539,"row_count":1,"visible":true,"expansion_state":0,"options":{"engine":"r","eval":true,"echo":false,"message":false,"warning":false,"out.width":"115%","label":"unnamed-chunk-38"},"document_id":"AEB3A554","chunk_id":"cokrumhc4wo7t","chunk_label":"unnamed-chunk-38"},{"row":561,"row_count":1,"visible":true,"expansion_state":0,"options":{"engine":"r","eval":true,"echo":false,"message":false,"warning":false,"out.width":"102%","label":"unnamed-chunk-39"},"document_id":"AEB3A554","chunk_id":"cw87d6rp0ise8","chunk_label":"unnamed-chunk-39"},{"row":614,"row_count":1,"visible":true,"expansion_state":0,"options":{"engine":"r","eval":true,"echo":false,"message":false,"warning":false,"label":"unnamed-chunk-40"},"document_id":"AEB3A554","chunk_id":"covmamv7wcncg","chunk_label":"unnamed-chunk-40"},{"row":661,"row_count":1,"visible":true,"expansion_state":0,"options":{"engine":"r","eval":true,"echo":false,"message":false,"warning":false,"label":"unnamed-chunk-41"},"document_id":"AEB3A554","chunk_id":"cfi0q5neo0r2m","chunk_label":"unnamed-chunk-41"},{"row":681,"row_count":1,"visible":true,"expansion_state":0,"options":{"engine":"r","eval":true,"echo":false,"message":false,"warning":false,"label":"unnamed-chunk-42"},"document_id":"AEB3A554","chunk_id":"cyx0jg0f97xhg","chunk_label":"unnamed-chunk-42"},{"row":685,"row_count":1,"visible":true,"expansion_state":0,"options":{"engine":"r","eval":true,"echo":false,"message":false,"warning":false,"label":"unnamed-chunk-43"},"document_id":"AEB3A554","chunk_id":"cxb3az4rj0c4j","chunk_label":"unnamed-chunk-43"},{"row":723,"row_count":1,"visible":true,"expansion_state":0,"options":{"engine":"r","eval":true,"echo":false,"message":false,"warning":false,"label":"unnamed-chunk-44"},"document_id":"AEB3A554","chunk_id":"chry6xfv4j5ws","chunk_label":"unnamed-chunk-44"},{"row":756,"row_count":1,"visible":true,"expansion_state":0,"options":{"engine":"r","eval":true,"echo":false,"message":false,"warning":false,"label":"unnamed-chunk-45"},"document_id":"AEB3A554","chunk_id":"cut9o2b4l7e4j","chunk_label":"unnamed-chunk-45"},{"row":760,"row_count":1,"visible":true,"expansion_state":0,"options":{"engine":"r","eval":true,"echo":false,"message":false,"warning":false,"label":"unnamed-chunk-46"},"document_id":"AEB3A554","chunk_id":"c9con2xsfev1c","chunk_label":"unnamed-chunk-46"},{"row":775,"row_count":1,"visible":true,"expansion_state":0,"options":{"engine":"r","eval":true,"echo":false,"message":false,"warning":false,"label":"unnamed-chunk-47"},"document_id":"AEB3A554","chunk_id":"cyhvxbn06krkp","chunk_label":"unnamed-chunk-47"},{"row":863,"row_count":1,"visible":true,"expansion_state":0,"options":{"engine":"r","eval":true,"echo":false,"message":false,"warning":false,"label":"unnamed-chunk-48"},"document_id":"AEB3A554","chunk_id":"c7mqg9zecodfm","chunk_label":"unnamed-chunk-48"}],"doc_write_time":1638550743,"chunk_rendered_width":700}