"0","#Limpieza de data"
"0","# Cargando datos"
"0","DF <- read_csv(""estudio_internet.csv"")"
"2","New names:
* `¿Cuál es la empresa proveedora de tu servicio de internet?` -> `¿Cuál es la empresa proveedora de tu servicio de internet?...7`
* `¿Cuál es la empresa proveedora de tu servicio de internet?` -> `¿Cuál es la empresa proveedora de tu servicio de internet?...8`
* `¿Cuál es la empresa proveedora de tu servicio de internet?` -> `¿Cuál es la empresa proveedora de tu servicio de internet?...9`
* `¿Cuál es la empresa proveedora de tu servicio de internet?` -> `¿Cuál es la empresa proveedora de tu servicio de internet?...10`
"
"1","[1m[1mRows: [1m[22m[34m[34m155[34m[39m [1m[1mColumns: [1m[22m[34m[34m16[34m[39m
"
"1","[36m--[39m [1m[1mColumn specification[1m[22m [36m------------------------------------------------------------------------------------------------------------------------------------------------[39m
[1mDelimiter:[22m "",""
[31mchr[39m (11): Marca temporal, Ocupación actual, ¿En qué distrito vives?, ¿Con qué tipo de servicio de internet cuentas?, ¿Cuál es la empresa proveedora de tu servicio d...
[32mdbl[39m  (5): ¿Cuántas personas utilizan el internet en casa?, ¿Cuántos dispositivos se conectan a la red de internet en tu domicilio?, Del 1 al 5, ¿Qué tan satisfecho ...
"
"1","
[36mi[39m Use [38;5;235m[48;5;253m[38;5;235m[48;5;253m`spec()`[48;5;253m[38;5;235m[49m[39m to retrieve the full column specification for this data.
[36mi[39m Specify the column types or set [38;5;235m[48;5;253m[38;5;235m[48;5;253m`show_col_types = FALSE`[48;5;253m[38;5;235m[49m[39m to quiet this message.
"
