{"chunk_definitions":[{"row":131,"row_count":1,"visible":true,"expansion_state":0,"options":{"engine":"r","include":false,"label":"unnamed-chunk-123"},"document_id":"AEB3A554","chunk_id":"cb6appj5gqyz3","chunk_label":"unnamed-chunk-1"},{"row":138,"row_count":1,"visible":true,"expansion_state":0,"options":{"engine":"r","include":false,"label":"unnamed-chunk-124"},"document_id":"AEB3A554","chunk_id":"cg0mw307pt4cb","chunk_label":"unnamed-chunk-2"},{"row":143,"row_count":1,"visible":true,"expansion_state":0,"options":{"engine":"r","include":false,"label":"unnamed-chunk-125"},"document_id":"AEB3A554","chunk_id":"cqxhxytdqvnn4","chunk_label":"unnamed-chunk-3"},{"row":147,"row_count":1,"visible":true,"expansion_state":0,"options":{"engine":"r","include":false,"label":"unnamed-chunk-126"},"document_id":"AEB3A554","chunk_id":"c5m0voklc8bmo","chunk_label":"unnamed-chunk-4"},{"row":155,"row_count":1,"visible":true,"expansion_state":0,"options":{"engine":"r","include":false,"label":"unnamed-chunk-127"},"document_id":"AEB3A554","chunk_id":"cecggjm7t2ik9","chunk_label":"unnamed-chunk-5"},{"row":159,"row_count":1,"visible":true,"expansion_state":0,"options":{"engine":"r","include":false,"label":"unnamed-chunk-128"},"document_id":"AEB3A554","chunk_id":"co0u5k5hr8yfc","chunk_label":"unnamed-chunk-6"},{"row":165,"row_count":1,"visible":true,"expansion_state":0,"options":{"engine":"r","include":false,"label":"unnamed-chunk-129"},"document_id":"AEB3A554","chunk_id":"c24kuslpsukj5","chunk_label":"unnamed-chunk-7"},{"row":169,"row_count":1,"visible":true,"expansion_state":0,"options":{"engine":"r","include":false,"label":"unnamed-chunk-130"},"document_id":"AEB3A554","chunk_id":"c3xjgza3ac4cg","chunk_label":"unnamed-chunk-8"},{"row":173,"row_count":1,"visible":true,"expansion_state":0,"options":{"engine":"r","include":false,"label":"unnamed-chunk-131"},"document_id":"AEB3A554","chunk_id":"c5x2ko1wh169n","chunk_label":"unnamed-chunk-9"},{"row":177,"row_count":1,"visible":true,"expansion_state":0,"options":{"engine":"r","include":false,"label":"unnamed-chunk-132"},"document_id":"AEB3A554","chunk_id":"clkrwo74l5ro2","chunk_label":"unnamed-chunk-10"},{"row":181,"row_count":1,"visible":true,"expansion_state":0,"options":{"engine":"r","include":false,"label":"unnamed-chunk-133"},"document_id":"AEB3A554","chunk_id":"ck8kh4f5sshhd","chunk_label":"unnamed-chunk-11"},{"row":185,"row_count":1,"visible":true,"expansion_state":0,"options":{"engine":"r","include":false,"label":"unnamed-chunk-134"},"document_id":"AEB3A554","chunk_id":"c6uh4hjfn4d31","chunk_label":"unnamed-chunk-12"},{"row":189,"row_count":1,"visible":true,"expansion_state":0,"options":{"engine":"r","include":false,"label":"unnamed-chunk-135"},"document_id":"AEB3A554","chunk_id":"ca49yndkrq5n1","chunk_label":"unnamed-chunk-13"},{"row":201,"row_count":1,"visible":true,"expansion_state":0,"options":{"engine":"r","include":false,"label":"unnamed-chunk-136"},"document_id":"AEB3A554","chunk_id":"cahuvg5x3nge2","chunk_label":"unnamed-chunk-14"},{"row":205,"row_count":1,"visible":true,"expansion_state":0,"options":{"engine":"r","include":false,"label":"unnamed-chunk-137"},"document_id":"AEB3A554","chunk_id":"c5pgkfhz0fl5i","chunk_label":"unnamed-chunk-15"},{"row":209,"row_count":1,"visible":true,"expansion_state":0,"options":{"engine":"r","include":false,"label":"unnamed-chunk-138"},"document_id":"AEB3A554","chunk_id":"ccqo40wfv0vfj","chunk_label":"unnamed-chunk-16"},{"row":214,"row_count":1,"visible":true,"expansion_state":0,"options":{"engine":"r","include":false,"label":"unnamed-chunk-139"},"document_id":"AEB3A554","chunk_id":"cppb2x3t80b0l","chunk_label":"unnamed-chunk-17"},{"row":226,"row_count":1,"visible":true,"expansion_state":0,"options":{"engine":"r","include":false,"label":"unnamed-chunk-140"},"document_id":"AEB3A554","chunk_id":"cq2eys5m0u13f","chunk_label":"unnamed-chunk-18"},{"row":243,"row_count":1,"visible":true,"expansion_state":0,"options":{"engine":"r","message":false,"warning":false,"include":false,"label":"unnamed-chunk-141"},"document_id":"AEB3A554","chunk_id":"c8cdor1f2uyiy","chunk_label":"unnamed-chunk-19"},{"row":253,"row_count":1,"visible":true,"expansion_state":0,"options":{"engine":"r","message":false,"warning":false,"echo":false,"label":"unnamed-chunk-142"},"document_id":"AEB3A554","chunk_id":"cbedipqylq4xk","chunk_label":"unnamed-chunk-20"},{"row":272,"row_count":1,"visible":true,"expansion_state":0,"options":{"engine":"r","echo":false,"label":"unnamed-chunk-143"},"document_id":"AEB3A554","chunk_id":"cin3u5mkmxs44","chunk_label":"unnamed-chunk-21"},{"row":293,"row_count":1,"visible":true,"expansion_state":0,"options":{"engine":"r","echo":false,"label":"unnamed-chunk-144"},"document_id":"AEB3A554","chunk_id":"cdnq7bybioinj","chunk_label":"unnamed-chunk-22"},{"row":308,"row_count":1,"visible":true,"expansion_state":0,"options":{"engine":"r","echo":false,"label":"unnamed-chunk-145"},"document_id":"AEB3A554","chunk_id":"ce662qateuq7m","chunk_label":"unnamed-chunk-23"},{"row":319,"row_count":1,"visible":true,"expansion_state":0,"options":{"engine":"r","echo":false,"label":"unnamed-chunk-146"},"document_id":"AEB3A554","chunk_id":"cxg3y4xifoljw","chunk_label":"unnamed-chunk-24"},{"row":330,"row_count":1,"visible":true,"expansion_state":0,"options":{"engine":"r","echo":false,"label":"unnamed-chunk-147"},"document_id":"AEB3A554","chunk_id":"cdiu6zx0almxt","chunk_label":"unnamed-chunk-25"},{"row":344,"row_count":1,"visible":true,"expansion_state":0,"options":{"engine":"r","echo":false,"label":"unnamed-chunk-148"},"document_id":"AEB3A554","chunk_id":"ciuksdywukm03","chunk_label":"unnamed-chunk-26"},{"row":355,"row_count":1,"visible":true,"expansion_state":0,"options":{"engine":"r","echo":false,"label":"unnamed-chunk-149"},"document_id":"AEB3A554","chunk_id":"civ3qod86wyri","chunk_label":"unnamed-chunk-27"},{"row":370,"row_count":1,"visible":true,"expansion_state":0,"options":{"engine":"r","echo":false,"label":"unnamed-chunk-150"},"document_id":"AEB3A554","chunk_id":"cyq635r9fuosp","chunk_label":"unnamed-chunk-28"},{"row":382,"row_count":1,"visible":true,"expansion_state":0,"options":{"engine":"r","echo":false,"label":"unnamed-chunk-151"},"document_id":"AEB3A554","chunk_id":"czaiucbxql0rr","chunk_label":"unnamed-chunk-29"},{"row":407,"row_count":1,"visible":true,"expansion_state":0,"options":{"engine":"r","echo":false,"label":"unnamed-chunk-152"},"document_id":"AEB3A554","chunk_id":"cqpmb071ikdq8","chunk_label":"unnamed-chunk-30"},{"row":413,"row_count":1,"visible":true,"expansion_state":0,"options":{"engine":"r","eval":true,"echo":false,"message":false,"warning":false,"label":"unnamed-chunk-153"},"document_id":"AEB3A554","chunk_id":"cfau0ffo4pch6","chunk_label":"unnamed-chunk-31"},{"row":418,"row_count":1,"visible":true,"expansion_state":0,"options":{"engine":"r","eval":true,"echo":false,"message":false,"warning":false,"label":"unnamed-chunk-154"},"document_id":"AEB3A554","chunk_id":"c8diwvdlnt3m6","chunk_label":"unnamed-chunk-32"},{"row":434,"row_count":1,"visible":true,"expansion_state":0,"options":{"engine":"r","echo":false,"label":"unnamed-chunk-155"},"document_id":"AEB3A554","chunk_id":"ccdp9pz95nw7z","chunk_label":"unnamed-chunk-33"},{"row":453,"row_count":1,"visible":true,"expansion_state":0,"options":{"engine":"r","echo":false,"label":"unnamed-chunk-156"},"document_id":"AEB3A554","chunk_id":"c2ld2hd1qn5ei","chunk_label":"unnamed-chunk-34"},{"row":470,"row_count":1,"visible":true,"expansion_state":0,"options":{"engine":"r","echo":false,"label":"unnamed-chunk-157"},"document_id":"AEB3A554","chunk_id":"cxpv91oojtwtg","chunk_label":"unnamed-chunk-35"},{"row":478,"row_count":1,"visible":true,"expansion_state":0,"options":{"engine":"r","eval":true,"echo":false,"message":false,"warning":false,"label":"unnamed-chunk-158"},"document_id":"AEB3A554","chunk_id":"c1yum9vba4u4b","chunk_label":"unnamed-chunk-36"},{"row":488,"row_count":1,"visible":true,"expansion_state":0,"options":{"engine":"r","eval":true,"echo":false,"message":false,"warning":false,"label":"unnamed-chunk-159"},"document_id":"AEB3A554","chunk_id":"c3yilspgqh6kt","chunk_label":"unnamed-chunk-37"},{"row":539,"row_count":1,"visible":true,"expansion_state":0,"options":{"engine":"r","eval":true,"echo":false,"message":false,"warning":false,"out.width":"115%","label":"unnamed-chunk-160"},"document_id":"AEB3A554","chunk_id":"cokrumhc4wo7t","chunk_label":"unnamed-chunk-38"},{"row":561,"row_count":1,"visible":true,"expansion_state":0,"options":{"engine":"r","eval":true,"echo":false,"message":false,"warning":false,"out.width":"102%","label":"unnamed-chunk-161"},"document_id":"AEB3A554","chunk_id":"cw87d6rp0ise8","chunk_label":"unnamed-chunk-39"},{"row":588,"row_count":1,"visible":true,"expansion_state":0,"options":{"engine":"r","label":"unnamed-chunk-162"},"document_id":"AEB3A554","chunk_id":"c7gb57yh65323","chunk_label":"unnamed-chunk-40"},{"row":601,"row_count":1,"visible":true,"expansion_state":0,"options":{"engine":"r","label":"unnamed-chunk-163"},"document_id":"AEB3A554","chunk_id":"cbvamouwmazwy","chunk_label":"unnamed-chunk-41"},{"row":608,"row_count":1,"visible":true,"expansion_state":0,"options":{"engine":"r","label":"unnamed-chunk-164"},"document_id":"AEB3A554","chunk_id":"cumjuc5dn88mu","chunk_label":"unnamed-chunk-42"},{"row":634,"row_count":1,"visible":true,"expansion_state":0,"options":{"engine":"r","eval":true,"echo":false,"message":false,"warning":false,"label":"unnamed-chunk-165"},"document_id":"AEB3A554","chunk_id":"ccw0tkhln6z0t","chunk_label":"unnamed-chunk-43"},{"row":685,"row_count":1,"visible":true,"expansion_state":0,"options":{"engine":"r","eval":true,"echo":false,"message":false,"warning":false,"label":"unnamed-chunk-166"},"document_id":"AEB3A554","chunk_id":"cjjf5a3xrfa4e","chunk_label":"unnamed-chunk-44"},{"row":720,"row_count":1,"visible":true,"expansion_state":0,"options":{"engine":"r","label":"unnamed-chunk-167"},"document_id":"AEB3A554","chunk_id":"chcx73sfz4my6","chunk_label":"unnamed-chunk-45"},{"row":727,"row_count":1,"visible":true,"expansion_state":0,"options":{"engine":"r","label":"unnamed-chunk-168"},"document_id":"AEB3A554","chunk_id":"c6svf7fs5h7qh","chunk_label":"unnamed-chunk-46"},{"row":742,"row_count":1,"visible":true,"expansion_state":0,"options":{"engine":"r","eval":true,"echo":false,"message":false,"warning":false,"label":"unnamed-chunk-169"},"document_id":"AEB3A554","chunk_id":"cyx0jg0f97xhg","chunk_label":"unnamed-chunk-47"},{"row":746,"row_count":1,"visible":true,"expansion_state":0,"options":{"engine":"r","eval":true,"echo":false,"message":false,"warning":false,"label":"unnamed-chunk-170"},"document_id":"AEB3A554","chunk_id":"cxb3az4rj0c4j","chunk_label":"unnamed-chunk-48"},{"row":784,"row_count":1,"visible":true,"expansion_state":0,"options":{"engine":"r","eval":true,"echo":false,"message":false,"warning":false,"label":"unnamed-chunk-171"},"document_id":"AEB3A554","chunk_id":"chry6xfv4j5ws","chunk_label":"unnamed-chunk-49"},{"row":817,"row_count":1,"visible":true,"expansion_state":0,"options":{"engine":"r","eval":true,"echo":false,"message":false,"warning":false,"label":"unnamed-chunk-172"},"document_id":"AEB3A554","chunk_id":"cut9o2b4l7e4j","chunk_label":"unnamed-chunk-50"},{"row":821,"row_count":1,"visible":true,"expansion_state":0,"options":{"engine":"r","eval":true,"echo":false,"message":false,"warning":false,"label":"unnamed-chunk-173"},"document_id":"AEB3A554","chunk_id":"cfi0q5neo0r2m","chunk_label":"unnamed-chunk-51"},{"row":836,"row_count":1,"visible":true,"expansion_state":0,"options":{"engine":"r","eval":true,"echo":false,"message":false,"warning":false,"label":"unnamed-chunk-174"},"document_id":"AEB3A554","chunk_id":"cyhvxbn06krkp","chunk_label":"unnamed-chunk-52"},{"row":924,"row_count":1,"visible":true,"expansion_state":0,"options":{"engine":"r","eval":true,"echo":false,"message":false,"warning":false,"label":"unnamed-chunk-175"},"document_id":"AEB3A554","chunk_id":"c7mqg9zecodfm","chunk_label":"unnamed-chunk-53"},{"row":939,"row_count":1,"visible":true,"expansion_state":0,"options":{"engine":"r","label":"unnamed-chunk-176"},"document_id":"AEB3A554","chunk_id":"c8dg6735o5pr5","chunk_label":"unnamed-chunk-54"},{"row":945,"row_count":1,"visible":true,"expansion_state":0,"options":{"engine":"r","label":"unnamed-chunk-177"},"document_id":"AEB3A554","chunk_id":"cr5357jolouff","chunk_label":"unnamed-chunk-55"},{"row":948,"row_count":1,"visible":true,"expansion_state":0,"options":{"engine":"r","label":"unnamed-chunk-178"},"document_id":"AEB3A554","chunk_id":"cvg6533sgo5i0","chunk_label":"unnamed-chunk-56"},{"row":964,"row_count":1,"visible":true,"expansion_state":0,"options":{"engine":"r","label":"unnamed-chunk-179"},"document_id":"AEB3A554","chunk_id":"cd9p3l8ykxzya","chunk_label":"unnamed-chunk-57"},{"row":970,"row_count":1,"visible":true,"expansion_state":0,"options":{"engine":"r","label":"unnamed-chunk-180"},"document_id":"AEB3A554","chunk_id":"cqp4vwizaeyns","chunk_label":"unnamed-chunk-58"},{"row":1020,"row_count":1,"visible":true,"expansion_state":0,"options":{"engine":"r","label":"unnamed-chunk-181"},"document_id":"AEB3A554","chunk_id":"ccgenasl3748m","chunk_label":"unnamed-chunk-59"}],"doc_write_time":1638555715}