"0","DFibra <- DFN[DFN$Servicio == 'Fibra óptica',]"
"0",""
"0",""
"0",""
"0","num1 <- nrow(DFN)"
"0","xbarra <- round(mean(DFibra$PING,na.rm = T),2)"
"0",""
"0","stecho1 <- sd(DFibra$PING, na.rm = T)"
"0",""
"0","u1 = round(mean(DFN$PING, na.rm = T),2)"
"0","conf <- 0.95"
"0",""
"0","#Hallamos el zcrit:"
"0","zcrit1 <- qnorm(1-conf, lower.tail = FALSE)"
"0",""
"0","#Hallamos estadistico(TT):"
"0","TT1 <- (xbarra - u1)/(stecho1/sqrt(num1))"
"0",""
"0","Xs1 <- seq(-3, 3, by=0.1)"
"0","plot(Xs1,dnorm(Xs1),type=""l"",lwd=2,col=""blue"",main = ""Prueba de Hipótesis 1"")"
