Edad,Sexo,Distrito.de.residencia,Cantidad_medios_diarios,Medio_transporte,Días_en_la_semana_empleado,Medio_pasaje,Gasto_diario,Tiempo_espera,Tiempo_dentro_del_transporte,Percepción_comodidad,Percepción_seguridad,Víctima_delito,Delito_cometido,Principal_problema,Días_en_la_semana_empleadocor,Gasto_diariocor,Tiempo_esperacor,Tiempo_dentro_del_transportecor,Principal_problemacor,Percepción_comodidadcor,Percepción_seguridadcor
19,Femenino,Puente Piedra,3,Metropolitano,12,Sí,7,20,120,NA,4,Sí,Acoso,Aglomeración de personas,NA,7,20,120,Aglomeración de personas,NA,Satisfecho
19,Masculino,Barranco,1,Micros o combis,1,Sí,1,5,10,NA,4,Sí,Acoso,Alto contaminante ambiental,1,1,5,10,Alto contaminante ambiental,NA,Satisfecho
18,Masculino,San Martín de Porres,3,Metropolitano,4,Sí,3.5,15,60,2,5,No,Ninguno,Aglomeración de personas,4,3.5,15,60,Aglomeración de personas,Insatisfecho,Muy satisfecho
18,Masculino,Carabayllo,2,Metropolitano,5,Sí,2.5,15,110,3,4,No,Ninguno,Aglomeración de personas,5,2.5,15,110,Aglomeración de personas,Neutro,Satisfecho
18,Femenino,Barranco,1,Metropolitano,5,Sí,4,10,15,3,3,No,Ninguno,Aglomeración de personas,5,4,10,15,Aglomeración de personas,Neutro,Neutro
18,Femenino,Barranco,1,Micros o combis,3,No,1,10,5,2,3,No,Ninguno,Aglomeración de personas,3,1,10,5,Aglomeración de personas,Insatisfecho,Neutro
19,Femenino,Barranco,1,Micros o combis,5,No,1,5,8,4,3,No,Ninguno,Aglomeración de personas,5,1,5,8,Aglomeración de personas,Satisfecho,Neutro
20,Femenino,Puente Piedra,3,Metropolitano,5,Sí,8,5,125,2,4,No,Ninguno,Aglomeración de personas,5,8,5,125,Aglomeración de personas,Insatisfecho,Satisfecho
18,Femenino,Chorrillos,1,Metropolitano,5,Sí,8,20,15,3,5,Sí,Acoso,Pocas unidades de transporte,5,8,20,15,Pocas unidades de transporte,Neutro,Muy satisfecho
18,Femenino,San Juan de Miraflores,2,Metropolitano,5,Sí,3,20,90,4,4,No,Ninguno,Aglomeración de personas,5,3,20,90,Aglomeración de personas,Satisfecho,Satisfecho
18,Femenino,Surquillo,1,Colectivo,6,No,1.5,10,30,3,3,No,Ninguno,Aglomeración de personas,6,1.5,10,30,Aglomeración de personas,Neutro,Neutro
18,Masculino,San Juan Lurigancho,3,Micros o combis,4,Sí,5.5,10,80,4,4,No,Ninguno,Aglomeración de personas,4,5.5,10,80,Aglomeración de personas,Satisfecho,Satisfecho
20,Masculino,Barranco,1,Metropolitano,5,Sí,5,20,20,2,2,No,Ninguno,Aglomeración de personas,5,5,20,20,Aglomeración de personas,Insatisfecho,Insatisfecho
20,Masculino,San Juan Lurigancho,3,Micros o combis,5,Sí,5,10,120,3,3,No,Ninguno,Aglomeración de personas,5,5,10,120,Aglomeración de personas,Neutro,Neutro
17,Masculino,San Juan de Miraflores,1,Ninguno,6,No,35,10,45,4,4,No,Ninguno,Precio,6,NA,10,45,Precio,Satisfecho,Satisfecho
23,Femenino,San Martín de Porres,2,Metropolitano,5,Sí,4.5,30,90,1,4,No,Ninguno,Pocas unidades de transporte,5,4.5,30,90,Pocas unidades de transporte,Muy insatisfecho,Satisfecho
21,Femenino,San Miguel,2,Micros o combis,3,No,9,15,90,4,4,No,Ninguno,Pocas unidades de transporte,3,9,15,90,Pocas unidades de transporte,Satisfecho,Satisfecho
20,Masculino,Barranco,1,Ninguno,4,Sí,2,0,0,4,3,No,Ninguno,Aglomeración de personas,4,2,0,0,Aglomeración de personas,Satisfecho,Neutro
17,Femenino,Villa El Salvador,3,Metropolitano,5,Sí,8,30,90,2,3,No,Agresión verbal,Aglomeración de personas,5,8,30,90,Aglomeración de personas,Insatisfecho,Neutro
22,Femenino,Santiago de Surco,1,Micros o combis,4,Sí,3,15,15,4,3,No,Ninguno,Pocas unidades de transporte,4,3,15,15,Pocas unidades de transporte,Satisfecho,Neutro
21,Masculino,Pueblo Libre,1,Micros o combis,4,Sí,5,3,45,4,3,No,Ninguno,Aglomeración de personas,4,5,3,45,Aglomeración de personas,Satisfecho,Neutro
17,Masculino,El Agustino,2,Metropolitano,4,No,23,12,12,2,3,Tal vez,Agresión verbal,Accidentes frecuentes,4,23,12,12,Accidentes frecuentes,Insatisfecho,Neutro
20,Masculino,Barranco,1,Ninguno,4,No,0,0,12,4,3,No,Ninguno,La inseguridad,4,0,0,12,La inseguridad,Satisfecho,Neutro
22,Masculino,Puente Piedra,2,Metropolitano,5,Sí,10,40,40,3,4,Sí,Robo,Alto contaminante ambiental,5,10,40,40,Alto contaminante ambiental,Neutro,Satisfecho
22,Masculino,Lima,1,Micros o combis,3,No,2,5,10,3,3,No,Ninguno,La inseguridad,3,2,5,10,La inseguridad,Neutro,Neutro
19,Masculino,Barranco,1,Micros o combis,3,Sí,2,10,8,3,3,Tal vez,Agresión verbal,Aglomeración de personas,3,2,10,8,Aglomeración de personas,Neutro,Neutro
19,Femenino,San Juan Lurigancho,3,Metropolitano,5,Sí,6,15,120,3,3,No,Ninguno,Aglomeración de personas,5,6,15,120,Aglomeración de personas,Neutro,Neutro
20,Femenino,Jesús María,1,Corredor azul,6,Sí,1.8,15,50,3,3,Tal vez,Agresión verbal,Pocas unidades de transporte,6,1.8,15,50,Pocas unidades de transporte,Neutro,Neutro
19,Masculino,Comas,1,Metropolitano,6,No,9,30,90,3,3,No,Ninguno,"Demoran en llegar y a veces hace necesario usar otro transporte, que no sea alimentador, para llegar a los troncales.",6,9,30,90,NA,Neutro,Neutro
17,Masculino,Barranco,2,Ninguno,3,Sí,0,0,40,3,3,No,Ninguno,Accidentes frecuentes,3,0,0,40,Accidentes frecuentes,Neutro,Neutro
19,Masculino,Barranco,1,Metropolitano,6,Sí,3,15,15,4,5,Tal vez,Acoso,Aglomeración de personas,6,3,15,15,Aglomeración de personas,Satisfecho,Muy satisfecho
19,Masculino,Lima,2,Metropolitano,5,Sí,5,10,45,4,4,No,Ninguno,Aglomeración de personas,5,5,10,45,Aglomeración de personas,Satisfecho,Satisfecho
22,Femenino,Carabayllo,2,Metropolitano,6,Sí,2.5,30,120,2,4,Sí,Acoso,Aglomeración de personas,6,2.5,30,120,Aglomeración de personas,Insatisfecho,Satisfecho
20,Masculino,San Juan Lurigancho,3,Metropolitano,6,Sí,7,15,120,2,3,No,Ninguno,Pocas unidades de transporte,6,7,15,120,Pocas unidades de transporte,Insatisfecho,Neutro
17,Femenino,San Juan Lurigancho,2,Micros o combis,5,Sí,4,5,50,4,4,No,Ninguno,Aglomeración de personas,5,4,5,50,Aglomeración de personas,Satisfecho,Satisfecho
18,Masculino,Chorrillos,2,Micros o combis,5,No,10,2,30,3,3,No,Ninguno,Aglomeración de personas,5,10,2,30,Aglomeración de personas,Neutro,Neutro
19,Femenino,Independencia,2,Metropolitano,5,Sí,7,30,50,3,3,No,Ninguno,Pocas unidades de transporte,5,7,30,50,Pocas unidades de transporte,Neutro,Neutro
18,Femenino,Santiago de Surco,1,Micros o combis,5,Sí,5,5,30,4,4,No,Ninguno,Aglomeración de personas,5,5,5,30,Aglomeración de personas,Satisfecho,Satisfecho
22,Femenino,Santiago de Surco,2,Colectivo,0,No,0,0,0,3,4,No,Ninguno,Aglomeración de personas,0,0,0,0,Aglomeración de personas,Neutro,Satisfecho
19,Femenino,San Isidro,1,Micros o combis,5,Sí,1,30,30,3,2,No,Ninguno,Aglomeración de personas,5,1,30,30,Aglomeración de personas,Neutro,Insatisfecho
18,Femenino,Villa María del Triunfo,2,Micros o combis,6,Sí,8,20,60,3,3,No,Ninguno,Aglomeración de personas,6,8,20,60,Aglomeración de personas,Neutro,Neutro
18,Femenino,San Juan Lurigancho,2,Tren eléctrico,6,Sí,4,10,100,3,3,No,Ninguno,Aglomeración de personas,6,4,10,100,Aglomeración de personas,Neutro,Neutro
18,Femenino,San Martín de Porres,2,Metropolitano,6,Sí,4.5,30,40,2,3,No,Ninguno,Pocas unidades de transporte,6,4.5,30,40,Pocas unidades de transporte,Insatisfecho,Neutro
19,Femenino,Ate Vitarte,3,Metropolitano,5,Sí,7.5,10,130,3,2,No,Ninguno,Aglomeración de personas,5,7.5,10,130,Aglomeración de personas,Neutro,Insatisfecho
17,Masculino,Lima,2,Metropolitano,4,No,8.4,20,95,3,2,Sí,Robo,La inseguridad,4,8.4,20,95,La inseguridad,Neutro,Insatisfecho
18,Femenino,San Juan Lurigancho,3,Micros o combis,6,Sí,8,15,120,1,1,No,Ninguno,Aglomeración de personas,6,8,15,120,Aglomeración de personas,Muy insatisfecho,Muy insatisfecho
17,Femenino,Ate Vitarte,3,Metropolitano,4,Sí,20,20,120,3,3,No,Ninguno,Alto contaminante ambiental,4,20,20,120,Alto contaminante ambiental,Neutro,Neutro
24,Masculino,San Borja,2,Micros o combis,4,Sí,2,15,45,4,4,Sí,Robo,La inseguridad,4,2,15,45,La inseguridad,Satisfecho,Satisfecho
18,Masculino,Barranco,1,Ninguno,2,No,6,10,0,2,4,No,Ninguno,Aglomeración de personas,2,6,10,0,Aglomeración de personas,Insatisfecho,Satisfecho
18,Masculino,Santiago de Surco,1,Colectivo,3,No,10,10,20,4,4,No,Ninguno,Pocas unidades de transporte,3,10,10,20,Pocas unidades de transporte,Satisfecho,Satisfecho
19,Femenino,San Juan Lurigancho,3,Micros o combis,5,Sí,7,10,100,3,3,Tal vez,Agresión verbal,Pocas unidades de transporte,5,7,10,100,Pocas unidades de transporte,Neutro,Neutro
18,Femenino,La Molina,4,Metropolitano,3,Sí,4,30,120,3,3,No,Ninguno,Estructura y mantenimiento deficientes,3,4,30,120,Estructura y mantenimiento deficientes,Neutro,Neutro
17,Masculino,Santiago de Surco,1,Ninguno,5,Sí,0,0,7,4,3,No,Ninguno,Accidentes frecuentes,5,0,0,7,Accidentes frecuentes,Satisfecho,Neutro
18,Femenino,Chorrillos,1,Metropolitano,5,Sí,3,10,20,3,3,Tal vez,Robo,Aglomeración de personas,5,3,10,20,Aglomeración de personas,Neutro,Neutro
20,Masculino,Comas,2,Metropolitano,6,Sí,5,15,50,3,3,No,Robo,Aglomeración de personas,6,5,15,50,Aglomeración de personas,Neutro,Neutro
19,Masculino,Barranco,1,Ninguno,5,No,0,0,0,3,3,No,Ninguno,Pocas unidades de transporte,5,0,0,0,Pocas unidades de transporte,Neutro,Neutro
19,Femenino,San Juan de Miraflores,2,Metropolitano,5,Sí,12.5,20,60,4,3,Sí,Acoso,La inseguridad,5,12.5,20,60,La inseguridad,Satisfecho,Neutro
18,Masculino,Ate Vitarte,2,Metropolitano,4,Sí,10,60,5,3,3,No,Ninguno,Aglomeración de personas,4,10,60,5,Aglomeración de personas,Neutro,Neutro
20,Femenino,Villa El Salvador,2,Metropolitano,6,Sí,2.5,30,120,3,4,No,Ninguno,Pocas unidades de transporte,6,2.5,30,120,Pocas unidades de transporte,Neutro,Satisfecho
17,Femenino,Ate Vitarte,2,Metropolitano,5,Sí,5.5,10,50,3,3,No,Ninguno,Aglomeración de personas,5,5.5,10,50,Aglomeración de personas,Neutro,Neutro
21,Femenino,San Juan Lurigancho,2,Micros o combis,5,Sí,4,100,100,3,3,No,Ninguno,Alto contaminante ambiental,5,4,NA,100,Alto contaminante ambiental,Neutro,Neutro
23,Masculino,Chorrillos,1,Micros o combis,4,No,4,10,45,3,3,No,Ninguno,Aglomeración de personas,4,4,10,45,Aglomeración de personas,Neutro,Neutro
18,Masculino,Villa El Salvador,2,Metropolitano,6,Sí,10,20,40,4,2,No,Ninguno,La inseguridad,6,10,20,40,La inseguridad,Satisfecho,Insatisfecho
22,Masculino,Ate Vitarte,2,Metropolitano,5,Sí,8,15,90,2,2,No,Ninguno,Pocas unidades de transporte,5,8,15,90,Pocas unidades de transporte,Insatisfecho,Insatisfecho
19,Femenino,Villa El Salvador,1,Metropolitano,6,Sí,5,30,90,3,4,No,Ninguno,Aglomeración de personas,6,5,30,90,Aglomeración de personas,Neutro,Satisfecho
22,Masculino,Los Olivos,2,Metropolitano,6,No,3.2,30,50,4,4,No,Ninguno,Aglomeración de personas,6,3.2,30,50,Aglomeración de personas,Satisfecho,Satisfecho
19,Masculino,Lince,1,Metropolitano,6,No,5,15,30,3,2,No,Ninguno,Pocas unidades de transporte,6,5,15,30,Pocas unidades de transporte,Neutro,Insatisfecho
17,Masculino,Chorrillos,3,Metropolitano,6,Sí,3,30,30,3,3,No,Ninguno,Aglomeración de personas,6,3,30,30,Aglomeración de personas,Neutro,Neutro
20,Masculino,San Juan Lurigancho,3,Metropolitano,6,Sí,7,10,120,2,2,No,Ninguno,Aglomeración de personas,6,7,10,120,Aglomeración de personas,Insatisfecho,Insatisfecho
17,Masculino,San Miguel,2,Micros o combis,4,No,9,20,70,2,4,No,Ninguno,Aglomeración de personas,4,9,20,70,Aglomeración de personas,Insatisfecho,Satisfecho
18,Masculino,Puente Piedra,2,Metropolitano,4,No,11,10,100,3,4,No,Ninguno,Aglomeración de personas,4,11,10,100,Aglomeración de personas,Neutro,Satisfecho
17,Masculino,San Juan Lurigancho,2,Micros o combis,6,Sí,5,10,90,3,4,Sí,Robo,La inseguridad,6,5,10,90,La inseguridad,Neutro,Satisfecho
18,Masculino,Santa Anita,3,Metropolitano,5,Sí,11,15,140,2,4,No,Ninguno,Aglomeración de personas,5,11,15,140,Aglomeración de personas,Insatisfecho,Satisfecho
18,Masculino,Barranco,1,Metropolitano,5,Sí,1,5,10,4,4,No,Ninguno,Aglomeración de personas,5,1,5,10,Aglomeración de personas,Satisfecho,Satisfecho
19,Masculino,Los Olivos,3,Metropolitano,5,Sí,6,70,90,3,3,No,Ninguno,Aglomeración de personas,5,6,NA,90,Aglomeración de personas,Neutro,Neutro
17,Masculino,Chorrillos,1,Micros o combis,5,No,4,10,30,2,2,No,Ninguno,Accidentes frecuentes,5,4,10,30,Accidentes frecuentes,Insatisfecho,Insatisfecho
21,Femenino,Chorrillos,1,Micros o combis,4,Sí,7,8,45,3,3,No,Ninguno,Aglomeración de personas,4,7,8,45,Aglomeración de personas,Neutro,Neutro
22,Masculino,San Juan de Miraflores,1,Micros o combis,3,Sí,5,5,90,3,3,No,Ninguno,Pocas unidades de transporte,3,5,5,90,Pocas unidades de transporte,Neutro,Neutro
22,Masculino,Villa El Salvador,3,Micros o combis,6,Sí,5.75,5,90,3,3,No,Ninguno,La inseguridad,6,5.75,5,90,La inseguridad,Neutro,Neutro
18,Masculino,Chorrillos,1,Metropolitano,6,Sí,5,5,15,3,4,No,Ninguno,Pocas unidades de transporte,6,5,5,15,Pocas unidades de transporte,Neutro,Satisfecho
18,Femenino,Barranco,1,Metropolitano,1,Sí,2,15,2,2,2,No,Ninguno,Aglomeración de personas,1,2,15,2,Aglomeración de personas,Insatisfecho,Insatisfecho
20,Masculino,San Juan Lurigancho,2,Micros o combis,6,Sí,1.75,45,46,3,3,Sí,Robo,Estructura y mantenimiento deficientes,6,1.75,45,46,Estructura y mantenimiento deficientes,Neutro,Neutro
18,Femenino,Barranco,1,Micros o combis,2,No,2,10,8,3,3,No,Ninguno,Aglomeración de personas,2,2,10,8,Aglomeración de personas,Neutro,Neutro
20,Femenino,Pachacamac,2,Micros o combis,4,Sí,10,20,120,3,3,No,Ninguno,Pocas unidades de transporte,4,10,20,120,Pocas unidades de transporte,Neutro,Neutro
20,Masculino,Santiago de Surco,1,Micros o combis,6,Sí,4,5,15,3,3,No,Ninguno,Pocas unidades de transporte,6,4,5,15,Pocas unidades de transporte,Neutro,Neutro
18,Masculino,San Isidro,2,Metropolitano,5,Sí,2.5,30,20,2,4,No,Ninguno,Alto contaminante ambiental,5,2.5,30,20,Alto contaminante ambiental,Insatisfecho,Satisfecho
20,Masculino,San Juan Lurigancho,3,Micros o combis,5,Sí,6,10,90,4,4,Sí,Robo,La inseguridad,5,6,10,90,La inseguridad,Satisfecho,Satisfecho
24,Femenino,El Agustino,2,Micros o combis,2,Sí,23,12,23,3,3,No,Ninguno,Pocas unidades de transporte,2,23,12,23,Pocas unidades de transporte,Neutro,Neutro
19,Femenino,Barranco,1,Metropolitano,4,Sí,2,10,15,4,3,No,Ninguno,La inseguridad,4,2,10,15,La inseguridad,Satisfecho,Neutro
19,Femenino,Ancón,3,Metropolitano,6,Sí,40,30,140,3,3,Sí,Acoso,Alto contaminante ambiental,6,NA,30,140,Alto contaminante ambiental,Neutro,Neutro
19,Femenino,San Juan de Miraflores,2,Micros o combis,5,No,9,15,50,3,3,No,Ninguno,Aglomeración de personas,5,9,15,50,Aglomeración de personas,Neutro,Neutro
18,Masculino,Barranco,1,Ninguno,5,No,0,0,0,5,5,No,Ninguno,Nada,5,0,0,0,Ninguno,Muy satisfecho,Muy satisfecho
18,Masculino,Los Olivos,3,Metropolitano,6,Sí,15,15,59,3,3,No,Ninguno,Accidentes frecuentes,6,15,15,59,Accidentes frecuentes,Neutro,Neutro
18,Femenino,San Martín de Porres,2,Metropolitano,6,Sí,4.5,10,120,3,4,No,Ninguno,Aglomeración de personas,6,4.5,10,120,Aglomeración de personas,Neutro,Satisfecho
17,Femenino,Comas,2,Metropolitano,6,Sí,3.5,30,120,1,5,No,Ninguno,Aglomeración de personas,6,3.5,30,120,Aglomeración de personas,Muy insatisfecho,Muy satisfecho
17,Femenino,Los Olivos,2,Metropolitano,5,Sí,4.5,30,90,2,2,No,Ninguno,Aglomeración de personas,5,4.5,30,90,Aglomeración de personas,Insatisfecho,Insatisfecho
19,Masculino,Barranco,1,Ninguno,0,No,0,0,0,5,5,Tal vez,Agresión verbal,Aglomeración de personas,0,0,0,0,Aglomeración de personas,Muy satisfecho,Muy satisfecho
18,Femenino,Santa Anita,2,Micros o combis,5,Sí,6,15,120,4,3,No,Ninguno,La inseguridad,5,6,15,120,La inseguridad,Satisfecho,Neutro
18,Masculino,Comas,3,Metropolitano,6,Sí,3.5,20,60,3,4,No,Ninguno,Estructura y mantenimiento deficientes,6,3.5,20,60,Estructura y mantenimiento deficientes,Neutro,Satisfecho
20,Masculino,San Juan de Miraflores,1,Micros o combis,6,No,6,5,60,4,3,No,Ninguno,Aglomeración de personas,6,6,5,60,Aglomeración de personas,Satisfecho,Neutro
19,Femenino,Puente Piedra,3,Metropolitano,5,Sí,8,30,120,3,3,Sí,Acoso,Aglomeración de personas,5,8,30,120,Aglomeración de personas,Neutro,Neutro
18,Masculino,Puente Piedra,2,Metropolitano,4,Sí,3.8,15,100,3,4,No,Ninguno,Pocas unidades de transporte,4,3.8,15,100,Pocas unidades de transporte,Neutro,Satisfecho
19,Masculino,Barranco,1,Micros o combis,2,No,4,6,10,3,3,No,Ninguno,Aglomeración de personas,2,4,6,10,Aglomeración de personas,Neutro,Neutro
19,Masculino,Barranco,1,Metropolitano,6,Sí,3,10,30,4,4,Sí,Robo,Accidentes frecuentes,6,3,10,30,Accidentes frecuentes,Satisfecho,Satisfecho
18,Masculino,Barranco,2,Metropolitano,0,Sí,2,0,0,5,5,No,Ninguno,Pocas unidades de transporte,0,2,0,0,Pocas unidades de transporte,Muy satisfecho,Muy satisfecho
19,Femenino,Jesús María,1,Micros o combis,5,No,5,5,35,4,3,No,Ninguno,Aglomeración de personas,5,5,5,35,Aglomeración de personas,Satisfecho,Neutro
19,Masculino,Jesús María,1,Colectivo,5,Sí,5,10,70,3,4,No,Ninguno,Aglomeración de personas,5,5,10,70,Aglomeración de personas,Neutro,Satisfecho
18,Femenino,Barranco,1,Ninguno,1,Sí,0,0,0,4,4,No,Ninguno,Aglomeración de personas,1,0,0,0,Aglomeración de personas,Satisfecho,Satisfecho
19,Femenino,San Juan Lurigancho,3,Micros o combis,6,Sí,6,7,90,4,4,No,Ninguno,Aglomeración de personas,6,6,7,90,Aglomeración de personas,Satisfecho,Satisfecho
19,Masculino,Barranco,1,Ninguno,0,Sí,0,0,30,4,4,No,Ninguno,La inseguridad,0,0,0,30,La inseguridad,Satisfecho,Satisfecho
19,Masculino,San Juan Lurigancho,3,Micros o combis,6,Sí,3.25,15,90,4,4,No,Ninguno,Aglomeración de personas,6,3.25,15,90,Aglomeración de personas,Satisfecho,Satisfecho
18,Masculino,Chorrillos,2,Micros o combis,4,No,4,20,45,4,3,No,Ninguno,Alto contaminante ambiental,4,4,20,45,Alto contaminante ambiental,Satisfecho,Neutro
17,Femenino,Santiago de Surco,2,Metropolitano,6,Sí,5,10,20,4,3,Tal vez,Acoso,Alto contaminante ambiental,6,5,10,20,Alto contaminante ambiental,Satisfecho,Neutro
18,Femenino,Villa María del Triunfo,2,Metropolitano,5,Sí,4,15,120,3,4,No,Ninguno,Estructura y mantenimiento deficientes,5,4,15,120,Estructura y mantenimiento deficientes,Neutro,Satisfecho
18,Femenino,Rímac,2,Metropolitano,6,Sí,10,20,90,4,3,No,Agresión verbal,Pocas unidades de transporte,6,10,20,90,Pocas unidades de transporte,Satisfecho,Neutro
26,Masculino,Los Olivos,3,Metropolitano,6,Sí,10,30,100,3,3,No,Ninguno,Aglomeración de personas,6,10,30,100,Aglomeración de personas,Neutro,Neutro
19,Femenino,San Juan Lurigancho,3,Metropolitano,5,Sí,7,15,40,3,3,No,Ninguno,Aglomeración de personas,5,7,15,40,Aglomeración de personas,Neutro,Neutro
19,Femenino,Santa Anita,2,Metropolitano,5,Sí,7,10,90,3,2,No,Ninguno,Aglomeración de personas,5,7,10,90,Aglomeración de personas,Neutro,Insatisfecho
19,Femenino,Santiago de Surco,1,Micros o combis,4,No,5,15,45,2,2,No,Ninguno,Aglomeración de personas,4,5,15,45,Aglomeración de personas,Insatisfecho,Insatisfecho
20,Femenino,Ate Vitarte,3,Metropolitano,5,No,20,20,120,3,3,No,Ninguno,La inseguridad,5,20,20,120,La inseguridad,Neutro,Neutro
18,Femenino,Ate Vitarte,2,Metropolitano,5,Sí,10,20,10,1,1,No,Ninguno,Aglomeración de personas,5,10,20,10,Aglomeración de personas,Muy insatisfecho,Muy insatisfecho
20,Masculino,Santiago de Surco,1,Ninguno,5,No,5,2,15,3,3,No,Ninguno,Aglomeración de personas,5,5,2,15,Aglomeración de personas,Neutro,Neutro
19,Femenino,San Martín de Porres,3,Metropolitano,5,Sí,5,20,65,3,3,No,Ninguno,Aglomeración de personas,5,5,20,65,Aglomeración de personas,Neutro,Neutro
19,Femenino,Barranco,1,Ninguno,1,No,0,10,10,3,3,Sí,Ninguno,Aglomeración de personas,1,0,10,10,Aglomeración de personas,Neutro,Neutro
19,Masculino,El Agustino,3,Metropolitano,6,Sí,5.5,10,70,4,4,No,Ninguno,Aglomeración de personas,6,5.5,10,70,Aglomeración de personas,Satisfecho,Satisfecho
18,Femenino,San Juan de Miraflores,2,Micros o combis,6,No,8,10,90,4,3,No,Ninguno,Aglomeración de personas,6,8,10,90,Aglomeración de personas,Satisfecho,Neutro
19,Masculino,Lima,1,Metropolitano,6,Sí,5,10,30,3,3,No,Ninguno,Pocas unidades de transporte,6,5,10,30,Pocas unidades de transporte,Neutro,Neutro
20,Masculino,La Molina,3,Metropolitano,3,Sí,4,15,60,2,4,No,Ninguno,Poca eficiencia,3,4,15,60,NA,Insatisfecho,Satisfecho
22,Femenino,Barranco,1,Ninguno,0,No,0,0,0,3,3,No,Ninguno,Ninguna,0,0,0,0,NA,Neutro,Neutro
17,Masculino,La Molina,2,Metropolitano,6,Sí,5,20,50,3,4,No,Ninguno,Aglomeración de personas,6,5,20,50,Aglomeración de personas,Neutro,Satisfecho
17,Masculino,San Juan Lurigancho,2,Metropolitano,5,No,12,20,65,3,1,No,Ninguno,Aglomeración de personas,5,12,20,65,Aglomeración de personas,Neutro,Muy insatisfecho
19,Femenino,Barranco,1,Ninguno,6,No,0,0,10,5,3,No,Ninguno,La inseguridad,6,0,0,10,La inseguridad,Muy satisfecho,Neutro
19,Femenino,Barranco,1,Ninguno,1,No,0,0,5,5,5,No,Ninguno,nada,1,0,0,5,Ninguno,Muy satisfecho,Muy satisfecho
19,Masculino,Chorrillos,2,Micros o combis,5,Sí,4,5,40,3,3,Sí,Robo,La inseguridad,5,4,5,40,La inseguridad,Neutro,Neutro
17,Femenino,Carabayllo,2,Metropolitano,6,No,10,30,10,2,4,No,Ninguno,Alto contaminante ambiental,6,10,30,10,Alto contaminante ambiental,Insatisfecho,Satisfecho
18,Femenino,Villa María del Triunfo,1,Metropolitano,6,No,15,10,160,4,3,No,Ninguno,Alto contaminante ambiental,6,15,10,160,Alto contaminante ambiental,Satisfecho,Neutro
18,Masculino,Barranco,1,Ninguno,6,No,0,0,0,3,3,No,Robo,Accidentes frecuentes,6,0,0,0,Accidentes frecuentes,Neutro,Neutro
18,Masculino,La Molina,2,Metropolitano,4,No,10.2,20,120,5,3,No,Ninguno,La inseguridad,4,10.2,20,120,La inseguridad,Muy satisfecho,Neutro
19,Masculino,Ate Vitarte,2,Metropolitano,4,Sí,4.5,20,90,2,4,No,Ninguno,Estructura y mantenimiento deficientes,4,4.5,20,90,Estructura y mantenimiento deficientes,Insatisfecho,Satisfecho
23,Masculino,Ate Vitarte,2,Metropolitano,5,Sí,10,60,30,3,3,No,Ninguno,Pocas unidades de transporte,5,10,60,30,Pocas unidades de transporte,Neutro,Neutro
18,Femenino,Lurigancho,2,Metropolitano,5,Sí,5,10,60,3,3,No,Ninguno,Pocas unidades de transporte,5,5,10,60,Pocas unidades de transporte,Neutro,Neutro
19,Masculino,Santiago de Surco,1,Micros o combis,2,Sí,2,10,20,3,3,No,Ninguno,Estructura y mantenimiento deficientes,2,2,10,20,Estructura y mantenimiento deficientes,Neutro,Neutro
20,Masculino,Villa El Salvador,3,Micros o combis,6,Sí,9.5,5,40,4,4,No,Ninguno,Aglomeración de personas,6,9.5,5,40,Aglomeración de personas,Satisfecho,Satisfecho
18,Femenino,Barranco,1,Metropolitano,1,Sí,1.25,10,10,2,3,No,Ninguno,Aglomeración de personas,1,1.25,10,10,Aglomeración de personas,Insatisfecho,Neutro
19,Femenino,San Juan de Miraflores,1,Metropolitano,5,Sí,7,15,110,3,3,No,Ninguno,Aglomeración de personas,5,7,15,110,Aglomeración de personas,Neutro,Neutro
19,Masculino,San Juan de Miraflores,1,Metropolitano,6,Sí,2.5,20,60,4,4,No,Ninguno,Aglomeración de personas,6,2.5,20,60,Aglomeración de personas,Satisfecho,Satisfecho
18,Femenino,Lince,2,Corredor azul,6,Sí,4,15,30,3,2,No,Acoso,Estructura y mantenimiento deficientes,6,4,15,30,Estructura y mantenimiento deficientes,Neutro,Insatisfecho
18,Femenino,San Juan de Miraflores,2,Metropolitano,4,Sí,3.2,15,60,3,3,No,Ninguno,Aglomeración de personas,4,3.2,15,60,Aglomeración de personas,Neutro,Neutro
25,Masculino,Santa Anita,2,Metropolitano,5,No,12,15,30,3,3,No,Robo,Pocas unidades de transporte,5,12,15,30,Pocas unidades de transporte,Neutro,Neutro
21,Masculino,Lurigancho,3,Metropolitano,5,Sí,10,30,280,2,4,No,Robo,Aglomeración de personas,5,10,30,280,Aglomeración de personas,Insatisfecho,Satisfecho
18,Masculino,Lurigancho,2,Metropolitano,4,Sí,15,5,90,3,3,Sí,Robo,Aglomeración de personas,4,15,5,90,Aglomeración de personas,Neutro,Neutro
18,Masculino,Santiago de Surco,1,Ninguno,6,No,0,0,25,3,3,No,Ninguno,La inseguridad,6,0,0,25,La inseguridad,Neutro,Neutro
21,Masculino,Chorrillos,1,Micros o combis,6,Sí,4,10,20,1,1,Tal vez,Ninguno,Estructura y mantenimiento deficientes,6,4,10,20,Estructura y mantenimiento deficientes,Muy insatisfecho,Muy insatisfecho
18,Masculino,Comas,2,Metropolitano,5,Sí,2.25,20,90,4,4,No,Ninguno,Aglomeración de personas,5,2.25,20,90,Aglomeración de personas,Satisfecho,Satisfecho
20,Masculino,Barranco,1,Ninguno,6,No,0,0,0,4,4,Tal vez,Ninguno,Accidentes frecuentes,6,0,0,0,Accidentes frecuentes,Satisfecho,Satisfecho
18,Masculino,Barranco,2,Micros o combis,2,No,5,10,8,3,3,No,Ninguno,Aglomeración de personas,2,5,10,8,Aglomeración de personas,Neutro,Neutro
23,Masculino,Independencia,1,Metropolitano,2,Sí,7,200,2,4,3,Sí,Acoso,Estructura y mantenimiento deficientes,2,7,NA,2,Estructura y mantenimiento deficientes,Satisfecho,Neutro
18,Masculino,Lima,1,Corredor azul,6,No,4,10,50,3,3,No,Ninguno,Aglomeración de personas,6,4,10,50,Aglomeración de personas,Neutro,Neutro
18,Femenino,Barranco,1,Metropolitano,5,Sí,1,9,6,3,4,No,Ninguno,Accidentes frecuentes,5,1,9,6,Accidentes frecuentes,Neutro,Satisfecho
18,Masculino,Carabayllo,2,Metropolitano,6,Sí,10,10,120,4,4,No,Ninguno,Aglomeración de personas,6,10,10,120,Aglomeración de personas,Satisfecho,Satisfecho
19.2,Femenino,Barranco,1,Micros o combis,3,No,1,4,5,4,4,No,Ninguno,La inseguridad,3,1,4,5,La inseguridad,Satisfecho,Satisfecho
15,Femenino,Lima,8,Ninguno,6.8,Sí,500,80,80,5,5,Sí,Desconocido,Alto contaminante ambiental,6.8,NA,NA,80,Alto contaminante ambiental,Muy satisfecho,Muy satisfecho
18,Femenino,Barranco,6,Metropolitano,2,No,10000,5,700,3,3,No,Agresión física,Accidentes frecuentes,2,NA,5,NA,Accidentes frecuentes,Neutro,Neutro
20,Femenino,Barranco,1,Metropolitano,2,Sí,2,20,20,5,4,No,Acoso,Alto contaminante ambiental,2,2,20,20,Alto contaminante ambiental,Muy satisfecho,Satisfecho
21,Femenino,San Juan de Miraflores,2,Micros o combis,5,Sí,5,30,42,3,2,Sí,Acoso,La inseguridad,5,5,30,42,La inseguridad,Neutro,Insatisfecho
21,Femenino,San Juan de Miraflores,3,Micros o combis,5,No,7,65,70,4,3,Sí,Robo,Pocas unidades de transporte,5,7,65,70,Pocas unidades de transporte,Satisfecho,Neutro
18,Masculino,Lima,3,Metropolitano,5,Sí,5,10,100,4,5,No,Ninguno,Aglomeración de personas,5,5,10,100,Aglomeración de personas,Satisfecho,Muy satisfecho
18,Masculino,Santiago de Surco,1,Colectivo,5,Sí,10,20,20,5,5,No,Ninguno,Accidentes frecuentes,5,10,20,20,Accidentes frecuentes,Muy satisfecho,Muy satisfecho
18,Masculino,Chorrillos,1,Metropolitano,5,Sí,2,6,35,3,3,No,Ninguno,La inseguridad,5,2,6,35,La inseguridad,Neutro,Neutro
18,Femenino,Barranco,1,Metropolitano,4,Sí,2.5,30,30,4,3,No,Ninguno,Pocas unidades de transporte,4,2.5,30,30,Pocas unidades de transporte,Satisfecho,Neutro
28,Femenino,San Martín de Porres,1,Metropolitano,4,Sí,2.5,25,120,3,3,No,Ninguno,Pocas unidades de transporte,4,2.5,25,120,Pocas unidades de transporte,Neutro,Neutro
18,Masculino,Barranco,1,Ninguno,6,Sí,0,0,0,3,3,No,Ninguno,Aglomeración de personas,6,0,0,0,Aglomeración de personas,Neutro,Neutro
18,Femenino,Barranco,1,Ninguno,2,No,2,30,10,3,3,Sí,Acoso,Aglomeración de personas,2,2,30,10,Aglomeración de personas,Neutro,Neutro
17,Femenino,Barranco,1,Ninguno,5,No,0,0,0,4,3,Sí,Acoso,Accidentes frecuentes,5,0,0,0,Accidentes frecuentes,Satisfecho,Neutro
19,Masculino,Barranco,2,Ninguno,0,No,0,0,5,3,3,No,Ninguno,Accidentes frecuentes,0,0,0,5,Accidentes frecuentes,Neutro,Neutro
19,Femenino,Barranco,1,Micros o combis,6,No,10,10,10,3,3,No,Ninguno,Pocas unidades de transporte,6,10,10,10,Pocas unidades de transporte,Neutro,Neutro
21,Masculino,Chorrillos,2,Micros o combis,6,Sí,4,2,40,3,3,No,Ninguno,Alto contaminante ambiental,6,4,2,40,Alto contaminante ambiental,Neutro,Neutro
20,Masculino,Barranco,2,Metropolitano,5,No,15,5,30,5,3,No,Ninguno,Pocas unidades de transporte,5,15,5,30,Pocas unidades de transporte,Muy satisfecho,Neutro
19,Masculino,San Juan Lurigancho,2,Micros o combis,4,Sí,7,15,60,4,4,No,Ninguno,Estructura y mantenimiento deficientes,4,7,15,60,Estructura y mantenimiento deficientes,Satisfecho,Satisfecho
19,Masculino,Chorrillos,2,Micros o combis,6,No,8,20,20,2,2,Sí,Agresión verbal,El tráfico creado por el exceso de vehículos en Lima,6,8,20,20,Tráfico,Insatisfecho,Insatisfecho
18,Masculino,Pueblo Libre,1,Micros o combis,6,No,6,5,120,3,3,No,Ninguno,Aglomeración de personas,6,6,5,120,Aglomeración de personas,Neutro,Neutro
19,Femenino,Santiago de Surco,1,Ninguno,5,No,2,10,20,4,4,No,Ninguno,Estructura y mantenimiento deficientes,5,2,10,20,Estructura y mantenimiento deficientes,Satisfecho,Satisfecho
19,Femenino,Miraflores,1,Micros o combis,4,Sí,2,15,20,3,4,No,Ninguno,Pocas unidades de transporte,4,2,15,20,Pocas unidades de transporte,Neutro,Satisfecho
20,Masculino,Ate Vitarte,2,Metropolitano,6,Sí,9,15,100,3,5,Tal vez,Agresión verbal,Aglomeración de personas,6,9,15,100,Aglomeración de personas,Neutro,Muy satisfecho
19,Femenino,Barranco,1,Micros o combis,6,No,2,5,10,2,3,No,Ninguno,Aglomeración de personas,6,2,5,10,Aglomeración de personas,Insatisfecho,Neutro
21,Masculino,San Juan de Miraflores,1,Micros o combis,6,Sí,4,5,15,3,3,No,Ninguno,Aglomeración de personas,6,4,5,15,Aglomeración de personas,Neutro,Neutro
20,Femenino,Ate Vitarte,3,Metropolitano,6,No,12.4,30,2,2,4,No,Ninguno,Pocas unidades de transporte,6,12.4,30,2,Pocas unidades de transporte,Insatisfecho,Satisfecho
27,Masculino,Santa Anita,2,Metropolitano,4,Sí,6,15,70,3,3,No,Ninguno,Pocas unidades de transporte,4,6,15,70,Pocas unidades de transporte,Neutro,Neutro
17,Masculino,Santiago de Surco,2,Micros o combis,6,No,60,6,8,4,2,Sí,NA,Aglomeración de personas,6,NA,6,8,Aglomeración de personas,Satisfecho,Insatisfecho
17,Femenino,Pachacamac,2,Micros o combis,5,No,10,5,120,3,3,No,Ninguno,Aglomeración de personas,5,10,5,120,Aglomeración de personas,Neutro,Neutro
19,Masculino,Los Olivos,2,Metropolitano,6,Sí,10,30,120,2,3,No,Ninguno,Pocas unidades de transporte,6,10,30,120,Pocas unidades de transporte,Insatisfecho,Neutro
19,Femenino,Ate Vitarte,2,Metropolitano,6,Sí,5,15,60,3,3,No,Ninguno,Estructura y mantenimiento deficientes,6,5,15,60,Estructura y mantenimiento deficientes,Neutro,Neutro
19,Masculino,Barranco,1,Ninguno,6,No,0,0,20,5,5,Tal vez,Robo,Aglomeración de personas,6,0,0,20,Aglomeración de personas,Muy satisfecho,Muy satisfecho
20,Femenino,Carabayllo,2,Metropolitano,4,Sí,3,30,120,3,3,No,Ninguno,Pocas unidades de transporte,4,3,30,120,Pocas unidades de transporte,Neutro,Neutro
19,Femenino,Ate Vitarte,3,Metropolitano,6,Sí,15,16,180,4,3,Sí,Acoso,Accidentes frecuentes,6,15,16,180,Accidentes frecuentes,Satisfecho,Neutro
19,Masculino,San Martín de Porres,2,Metropolitano,1.5,No,8.7,15,60,3,4,No,Ninguno,Aglomeración de personas,1.5,8.7,15,60,Aglomeración de personas,Neutro,Satisfecho
19,Femenino,Barranco,1,Metropolitano,1,No,3.2,6,10,2,3,No,Ninguno,Aglomeración de personas,1,3.2,6,10,Aglomeración de personas,Insatisfecho,Neutro
20,Femenino,San Juan Lurigancho,3,Tren eléctrico,5,Sí,10,10,120,3,3,No,Ninguno,Aglomeración de personas,5,10,10,120,Aglomeración de personas,Neutro,Neutro
18,Femenino,San Juan Lurigancho,2,Micros o combis,5,Sí,2.5,5,60,2,3,Sí,Acoso,Aglomeración de personas,5,2.5,5,60,Aglomeración de personas,Insatisfecho,Neutro
20,Masculino,Santa Anita,2,Metropolitano,6,Sí,7.5,10,25,2,1,Sí,Robo,La inseguridad,6,7.5,10,25,La inseguridad,Insatisfecho,Muy insatisfecho
18,Masculino,San Martín de Porres,1,Metropolitano,6,Sí,5,30,90,3,3,No,Ninguno,Aglomeración de personas,6,5,30,90,Aglomeración de personas,Neutro,Neutro
19,Femenino,Santiago de Surco,1,Corredor azul,3,Sí,10,7,7,5,5,No,Ninguno,Pocas unidades de transporte,3,10,7,7,Pocas unidades de transporte,Muy satisfecho,Muy satisfecho
24,Masculino,San Luis,2,Metropolitano,6,Sí,5,15,30,2,2,No,Ninguno,Aglomeración de personas,6,5,15,30,Aglomeración de personas,Insatisfecho,Insatisfecho
22,Femenino,La Molina,2,Metropolitano,3,Sí,4.5,10,120,3,4,No,Ninguno,Aglomeración de personas,3,4.5,10,120,Aglomeración de personas,Neutro,Satisfecho
17,Masculino,Miraflores,1,NA,0,No,0,0,0,3,3,No,Ninguno,Alto contaminante ambiental,0,0,0,0,Alto contaminante ambiental,Neutro,Neutro
18,Masculino,Puente Piedra,3,Metropolitano,6,Sí,7,10,120,3,5,No,Ninguno,Aglomeración de personas,6,7,10,120,Aglomeración de personas,Neutro,Muy satisfecho
18,Femenino,San Juan Lurigancho,2,Tren eléctrico,4,Sí,7,15,90,4,4,No,Ninguno,Aglomeración de personas,4,7,15,90,Aglomeración de personas,Satisfecho,Satisfecho
