Marca.temporal,Nombre.de.usuario,Correo.UTEC,Edad,Sexo,Distrito.de.residencia,X.Cuántos.medios.de.transporte.público.usas.para.ir.a.la.universidad.,Qué.medio.de.transporte.usas.para.ir.a.la.universidad..,X.Cuántos.días.a.la.semana.haces.uso.de.este.medio.de.transporte.,X.Hace.uso.del.beneficio.de.pasaje.universitario.,X.Cuál.es.tu.gasto.diario..soles..en.transporte.público..,X.Cuál.es.el.tiempo..minutos..de.espera.para.este.medio.de.transporte.,X.Cuánto.tiempo..minutos..te.encuentras.en.el.medio.de.transporte.hasta.ir.a.la.universidad.,Califica.la.comodidad.del.medio.de.transporte.público.escogido,Califica.la.seguridad.del.medio.de.transporte.público.escogido,X.Alguna.vez.has.sido.víctima.de.un.delito.en.el.medio.de.transporte.escogido..,Menciona.el.delito.cometido,X.Cuál.es.el.principal.problema.del.transporte.usado.,Confirmación,X
2022/09/20 8:55:33 p. m. GMT-5,,,19,Femenino,Puente Piedra,3,Metropolitano,12,Sí,7,20,120,NA,4,Sí,Acoso,Aglomeración de personas,Acepto,3
2022/09/20 9:19:21 p. m. GMT-5,alex.gutierrez@utec.edu.pe,alexgutierrezm971@gmail.com,19,Masculino,Barranco,1,Micros o combis,1,Sí,1,5,10,NA,4,Sí,Acoso,Alto contaminante ambiental,Acepto,4
2022/09/20 9:45:12 p. m. GMT-5,carlos.neciosup@utec.edu.pe,carlos.neciosup@utec.edu.pe,18,Masculino,San Martín de Porres,3,Metropolitano,4,Sí,3.5,15,60,2,5,No,Ninguno,Aglomeración de personas,Acepto,NA
2022/09/20 10:00:53 p. m. GMT-5,arturo.sanchez@utec.edu.pe,arturo.sanchez@utec.edu.pe,18,Masculino,Carabayllo,2,Metropolitano,5,Sí,2.5,15,110,3,4,No,Ninguno,Aglomeración de personas,Acepto,NA
2022/09/20 10:01:10 p. m. GMT-5,brisvanny.zegarra@utec.edu.pe,brisvanny.zegarra@utec.edu.pe,18,Femenino,Barranco,1,Metropolitano,5,Sí,4,10,15,3,3,No,Ninguno,Aglomeración de personas,Acepto,NA
2022/09/20 10:07:22 p. m. GMT-5,ariana.munoz@utec.edu.pe,ariana.munoz@utec.edu.pe,18,Femenino,Barranco,1,Micros o combis,3,No,1,10,5,2,3,No,Ninguno,Aglomeración de personas,Acepto,NA
2022/09/20 10:07:43 p. m. GMT-5,rosmelia.montes@utec.edu.pe,rosmelia.montes@utec.edu.pe,19,Femenino,Barranco,1,Micros o combis,5,No,1,5,8,4,3,No,Ninguno,Aglomeración de personas,Acepto,NA
2022/09/20 10:07:46 p. m. GMT-5,ingrid.jaque@utec.edu.pe,ingrid.jaque@utec.edu.pe,20,Femenino,Puente Piedra,3,Metropolitano,5,Sí,8,5,125,2,4,No,Ninguno,Aglomeración de personas,Acepto,NA
2022/09/20 10:09:53 p. m. GMT-5,kevin.tomanguilla@utec.edu.pe,kevin.tomanguilla@utec.edu.pe,18,Femenino,Chorrillos,1,Metropolitano,5,Sí,8,20,15,3,5,Sí,Acoso,Pocas unidades de transporte,Acepto,NA
2022/09/20 10:13:56 p. m. GMT-5,carolina.huamani@utec.edu.pe,carolina.huamani@utec.edu.pe,18,Femenino,San Juan de Miraflores,2,Metropolitano,5,Sí,3,20,90,4,4,No,Ninguno,Aglomeración de personas,Acepto,NA
2022/09/20 10:15:42 p. m. GMT-5,karina.sanchez@utec.edu.pe,karina.sanchez@utec.edu.pe,18,Femenino,Surquillo,1,Colectivo,6,No,1.5,10,30,3,3,No,Ninguno,Aglomeración de personas,Acepto,NA
2022/09/20 10:19:59 p. m. GMT-5,alessandro.lugo@utec.edu.pe,alessandro.lugo@utec.edu.pe,18,Masculino,San Juan Lurigancho,3,Micros o combis,4,Sí,5.5,10,80,4,4,No,Ninguno,Aglomeración de personas,Acepto,NA
2022/09/20 10:27:08 p. m. GMT-5,clever.paucar@utec.edu.pe,clever.paucar@utec.edu.pe,20,Masculino,Barranco,1,Metropolitano,5,Sí,5,20,20,2,2,No,Ninguno,Aglomeración de personas,Acepto,NA
2022/09/20 10:58:35 p. m. GMT-5,jean.aragon@utec.edu.pe,jean.aragon@utec.edu.pe,20,Masculino,San Juan Lurigancho,3,Micros o combis,5,Sí,5,10,120,3,3,No,Ninguno,Aglomeración de personas,Acepto,NA
2022/09/20 11:01:02 p. m. GMT-5,miguel.arones@utec.edu.pe,miguel.arones@utec.edu.pe,17,Masculino,San Juan de Miraflores,1,Ninguno,6,No,35,10,45,4,4,No,Ninguno,Precio,Acepto,NA
2022/09/20 11:06:41 p. m. GMT-5,jahaira.salazar@utec.edu.pe,jahaira.salazar@utec.edu.pe,23,Femenino,San Martín de Porres,2,Metropolitano,5,Sí,4.5,30,90,1,4,No,Ninguno,Pocas unidades de transporte,Acepto,NA
2022/09/20 11:10:34 p. m. GMT-5,camila.zuniga@utec.edu.pe,camila.zuniga@utec.edu.pe,21,Femenino,San Miguel,2,Micros o combis,3,No,9,15,90,4,4,No,Ninguno,Pocas unidades de transporte,Acepto,NA
2022/09/20 11:39:44 p. m. GMT-5,julio.barzola@utec.edu.pe,julio.barzola@utec.edu.pe,20,Masculino,Barranco,1,Ninguno,4,Sí,2,0,0,4,3,No,Ninguno,Aglomeración de personas,Acepto,NA
2022/09/20 11:40:10 p. m. GMT-5,dai.calisaya@utec.edu.pe,dai.calisaya@utec.edu.pe,17,Femenino,Villa El Salvador,3,Metropolitano,5,Sí,8,30,90,2,3,No,Agresión verbal,Aglomeración de personas,Acepto,NA
2022/09/20 11:41:07 p. m. GMT-5,deily.zevallos@utec.edu.pe,deily.zevallos@utec.edu.pe,22,Femenino,Santiago de Surco,1,Micros o combis,4,Sí,3,15,15,4,3,No,Ninguno,Pocas unidades de transporte,Acepto,NA
2022/09/20 11:42:02 p. m. GMT-5,carlos.torres.v@utec.edu.pe,carlos.torres.v@utec.edu.pe,21,Masculino,Pueblo Libre,1,Micros o combis,4,Sí,5,3,45,4,3,No,Ninguno,Aglomeración de personas,Acepto,NA
2022/09/20 11:44:43 p. m. GMT-5,cristopher.puma@utec.edu.pe,cristopher.puma@utec.edu.pe,17,Masculino,El Agustino,2,Metropolitano,4,No,23,12,12,2,3,Tal vez,Agresión verbal,Accidentes frecuentes,Acepto,NA
2022/09/20 11:46:41 p. m. GMT-5,ronald.rosales@utec.edu.pe,ronald.rosales@utec.edu.pe,20,Masculino,Barranco,1,Ninguno,4,No,0,0,12,4,3,No,Ninguno,La inseguridad,Acepto,NA
2022/09/20 11:47:23 p. m. GMT-5,gianpierre.sifuentes@utec.edu.pe,gianpierre.sifuentes@utec.edu.pe,22,Masculino,Puente Piedra,2,Metropolitano,5,Sí,10,40,40,3,4,Sí,Robo,Alto contaminante ambiental,Acepto,NA
2022/09/20 11:49:03 p. m. GMT-5,yamin.barzola@utec.edu.pe,yamin.barzola@utec.edu.pe,22,Masculino,Lima,1,Micros o combis,3,No,2,5,10,3,3,No,Ninguno,La inseguridad,Acepto,NA
2022/09/20 11:53:25 p. m. GMT-5,edgar.herrera@utec.edu.pe,edgar.herrera@utec.edu.pe,19,Masculino,Barranco,1,Micros o combis,3,Sí,2,10,8,3,3,Tal vez,Agresión verbal,Aglomeración de personas,Acepto,NA
2022/09/20 11:55:07 p. m. GMT-5,hayfa.yalle@utec.edu.pe,hayfa.yalle@utec.edu.pe,19,Femenino,San Juan Lurigancho,3,Metropolitano,5,Sí,6,15,120,3,3,No,Ninguno,Aglomeración de personas,Acepto,NA
2022/09/20 11:59:51 p. m. GMT-5,claudia.pacori@utec.edu.pe,claudia.pacori@utec.edu.pe,20,Femenino,Jesús María,1,Corredor azul,6,Sí,1.8,15,50,3,3,Tal vez,Agresión verbal,Pocas unidades de transporte,Acepto,NA
2022/09/21 12:07:50 a. m. GMT-5,gianfranco.basilio@utec.edu.pe,gianfranco.basilio@utec.edu.pe,19,Masculino,Comas,1,Metropolitano,6,No,9,30,90,3,3,No,Ninguno,"Demoran en llegar y a veces hace necesario usar otro transporte, que no sea alimentador, para llegar a los troncales. ",Acepto,NA
2022/09/21 12:10:52 a. m. GMT-5,matias.castromonte@utec.edu.pe,matias.castromonte@utec.edu.pe,17,Masculino,Barranco,2,Ninguno,3,Sí,0,0,40,3,3,No,Ninguno,Accidentes frecuentes,Acepto,NA
2022/09/21 12:31:01 a. m. GMT-5,jhoshiro.tunque@utec.edu.pe,jhoshiro.tunque@utec.edu.pe,19,Masculino,Barranco,1,Metropolitano,6,Sí,3,15,15,4,5,Tal vez,Acoso,Aglomeración de personas,Acepto,NA
2022/09/21 1:54:27 a. m. GMT-5,franco.pastor@utec.edu.pe,franco.pastor@utec.edu.pe,19,Masculino,Lima,2,Metropolitano,5,Sí,5,10,45,4,4,No,Ninguno,Aglomeración de personas,Acepto,NA
2022/09/21 4:34:23 a. m. GMT-5,jessica.jorge@utec.edu.pe,jessica.jorge@utec.edu.pe,22,Femenino,Carabayllo,2,Metropolitano,6,Sí,2.5,30,120,2,4,Sí,Acoso,Aglomeración de personas,No acepto,NA
2022/09/21 4:47:40 a. m. GMT-5,rider.garay@utec.edu.pe,rider.garay@utec.edu.pe,20,Masculino,San Juan Lurigancho,3,Metropolitano,6,Sí,7,15,120,2,3,No,Ninguno,Pocas unidades de transporte,Acepto,NA
2022/09/21 5:05:33 a. m. GMT-5,camila.guevara@utec.edu.pe,camila.guevara@utec.edu.pe,17,Femenino,San Juan Lurigancho,2,Micros o combis,5,Sí,4,5,50,4,4,No,Ninguno,Aglomeración de personas,Acepto,NA
2022/09/21 5:39:02 a. m. GMT-5,wilian.huaman@utec.edu.pe,Wilian.huaman@utec.edu.pe,18,Masculino,Chorrillos,2,Micros o combis,5,No,10,2,30,3,3,No,Ninguno,Aglomeración de personas,Acepto,NA
2022/09/21 5:59:41 a. m. GMT-5,fatima.cabezas@utec.edu.pe,fatima.cabezas@utec.edu.pe,19,Femenino,Independencia,2,Metropolitano,5,Sí,7,30,50,3,3,No,Ninguno,Pocas unidades de transporte,Acepto,NA
2022/09/21 6:19:56 a. m. GMT-5,ana.jalixto@utec.edu.pe,ana.jalixto@utec.edu.pe,18,Femenino,Santiago de Surco,1,Micros o combis,5,Sí,5,5,30,4,4,No,Ninguno,Aglomeración de personas,Acepto,NA
2022/09/21 6:28:58 a. m. GMT-5,claudia.neyra@utec.edu.pe,claudia.neyra@utec.edu.pe,22,Femenino,Santiago de Surco,2,Colectivo,0,No,0,0,0,3,4,No,Ninguno,Aglomeración de personas,Acepto,NA
2022/09/21 6:34:21 a. m. GMT-5,valeria.arana@utec.edu.pe,valeria.arana@utec.edu.pe,19,Femenino,San Isidro,1,Micros o combis,5,Sí,1,30,30,3,2,No,Ninguno,Aglomeración de personas,Acepto,NA
2022/09/21 6:43:42 a. m. GMT-5,noemi.huarino@utec.edu.pe,noemi.huarino@utec.edu.pe,18,Femenino,Villa María del Triunfo,2,Micros o combis,6,Sí,8,20,60,3,3,No,Ninguno,Aglomeración de personas,Acepto,NA
2022/09/21 7:00:39 a. m. GMT-5,jeslyn.vega@utec.edu.pe,jeslyn.vega@utec.edu.pe,18,Femenino,San Juan Lurigancho,2,Tren eléctrico,6,Sí,4,10,100,3,3,No,Ninguno,Aglomeración de personas,Acepto,NA
2022/09/21 8:28:40 a. m. GMT-5,adriana.chimoy@utec.edu.pe,adriana.chimoy@utec.edu.pe,18,Femenino,San Martín de Porres,2,Metropolitano,6,Sí,4.5,30,40,2,3,No,Ninguno,Pocas unidades de transporte,Acepto,NA
2022/09/21 8:55:08 a. m. GMT-5,medalli.jose@utec.edu.pe,medalli.jose@utec.edu.pe,19,Femenino,Ate Vitarte,3,Metropolitano,5,Sí,7.5,10,130,3,2,No,Ninguno,Aglomeración de personas,Acepto,NA
2022/09/21 9:18:50 a. m. GMT-5,williams.mendocilla@utec.edu.pe,williams.mendocilla@utec.edu.pe,17,Masculino,Lima,2,Metropolitano,4,No,8.4,20,95,3,2,Sí,Robo,La inseguridad,Acepto,NA
2022/09/21 9:31:32 a. m. GMT-5,melany.vera@utec.edu.pe,melany.vera@utec.edu.pe,18,Femenino,San Juan Lurigancho,3,Micros o combis,6,Sí,8,15,120,1,1,No,Ninguno,Aglomeración de personas,Acepto,NA
2022/09/21 9:42:09 a. m. GMT-5,milagro.rodriguez@utec.edu.pe,milagro.rodriguez@utec.edu.pe,17,Femenino,Ate Vitarte,3,Metropolitano,4,Sí,20,20,120,3,3,No,Ninguno,Alto contaminante ambiental,Acepto,NA
2022/09/21 10:13:38 a. m. GMT-5,rodrigo.lopez.f@utec.edu.pe,rodrigo.lopez.f@utec.edu.pe,24,Masculino,San Borja,2,Micros o combis,4,Sí,2,15,45,4,4,Sí,Robo,La inseguridad,Acepto,NA
2022/09/21 10:16:32 a. m. GMT-5,jhon.castro@utec.edu.pe,jhon.castro@utec.edu.pe,18,Masculino,Barranco,1,Ninguno,2,No,6,10,0,2,4,No,Ninguno,Aglomeración de personas,Acepto,NA
2022/09/21 10:18:48 a. m. GMT-5,patrik.surichaqui@utec.edu.pe,patrik.surichaqui@utec.edu.pe,18,Masculino,Santiago de Surco,1,Colectivo,3,No,10,10,20,4,4,No,Ninguno,Pocas unidades de transporte,Acepto,NA
2022/09/21 10:22:27 a. m. GMT-5,odaliz.zanabria@utec.edu.pe,odaliz.zanabria@utec.edu.pe,19,Femenino,San Juan Lurigancho,3,Micros o combis,5,Sí,7,10,100,3,3,Tal vez,Agresión verbal,Pocas unidades de transporte,Acepto,NA
2022/09/21 10:32:24 a. m. GMT-5,josune.villanueva@utec.edu.pe,josune.villanueva@utec.edu.pe,18,Femenino,La Molina,4,Metropolitano,3,Sí,4,30,120,3,3,No,Ninguno,Estructura y mantenimiento deficientes,Acepto,NA
2022/09/21 1:52:35 p. m. GMT-5,willian.berrocal@utec.edu.pe,willian.berrocal@utec.edu.pe,17,Masculino,Santiago de Surco,1,Ninguno,5,Sí,0,0,7,4,3,No,Ninguno,Accidentes frecuentes,Acepto,NA
2022/09/21 2:02:43 p. m. GMT-5,catalina.rojas@utec.edu.pe,catalina.rojas@utec.edu.pe,18,Femenino,Chorrillos,1,Metropolitano,5,Sí,3,10,20,3,3,Tal vez,Robo,Aglomeración de personas,Acepto,NA
2022/09/21 2:11:46 p. m. GMT-5,eddinson.asenjo@utec.edu.pe,eddinson.asenjo@utec.edu.pe,20,Masculino,Comas,2,Metropolitano,6,Sí,5,15,50,3,3,No,Robo,Aglomeración de personas,Acepto,NA
2022/09/21 2:25:09 p. m. GMT-5,hideky.garnique@utec.edu.pe,hideky.garnique@utec.edu.pe,19,Masculino,Barranco,1,Ninguno,5,No,0,0,0,3,3,No,Ninguno,Pocas unidades de transporte,Acepto,NA
2022/09/21 2:53:43 p. m. GMT-5,maylin.gutierrez@utec.edu.pe,maylin.gutierrez@utec.edu.pe,19,Femenino,San Juan de Miraflores,2,Metropolitano,5,Sí,12.5,20,60,4,3,Sí,Acoso,La inseguridad,Acepto,NA
2022/09/21 3:15:38 p. m. GMT-5,rodrigo.taboada@utec.edu.pe,rodrigo.taboada@utec.edu.pe,18,Masculino,Ate Vitarte,2,Metropolitano,4,Sí,10,60,5,3,3,No,Ninguno,Aglomeración de personas,Acepto,NA
2022/09/21 3:27:28 p. m. GMT-5,camila.sinche@utec.edu.pe,camila.sinche@utec.edu.pe,20,Femenino,Villa El Salvador,2,Metropolitano,6,Sí,2.5,30,120,3,4,No,Ninguno,Pocas unidades de transporte,Acepto,NA
2022/09/21 3:31:39 p. m. GMT-5,adriana.bendezu@utec.edu.pe,adriana.bendezu@utec.edu.pe,17,Femenino,Ate Vitarte,2,Metropolitano,5,Sí,5.5,10,50,3,3,No,Ninguno,Aglomeración de personas,Acepto,NA
2022/09/21 4:36:09 p. m. GMT-5,meylu.guillen@utec.edu.pe,meylu.guillen@utec.edu.pe,21,Femenino,San Juan Lurigancho,2,Micros o combis,5,Sí,4,100,100,3,3,No,Ninguno,Alto contaminante ambiental,Acepto,NA
2022/09/21 5:26:37 p. m. GMT-5,carlos.toledo@utec.edu.pe,carlos.toledo@utec.edu.pe,23,Masculino,Chorrillos,1,Micros o combis,4,No,4,10,45,3,3,No,Ninguno,Aglomeración de personas,Acepto,NA
2022/09/21 8:01:01 p. m. GMT-5,jose.chachi@utec.edu.pe,jose.chachi@utec.edu.pe,18,Masculino,Villa El Salvador,2,Metropolitano,6,Sí,10,20,40,4,2,No,Ninguno,La inseguridad,Acepto,NA
2022/09/21 9:43:52 p. m. GMT-5,santiago.torres@utec.edu.pe,santiago.torres@utec.edu.pe,22,Masculino,Ate Vitarte,2,Metropolitano,5,Sí,8,15,90,2,2,No,Ninguno,Pocas unidades de transporte,Acepto,NA
2022/09/21 11:30:28 p. m. GMT-5,angie.camacho@utec.edu.pe,angie.camacho@utec.edu.pe,19,Femenino,Villa El Salvador,1,Metropolitano,6,Sí,5,30,90,3,4,No,Ninguno,Aglomeración de personas,Acepto,NA
2022/09/22 11:55:11 a. m. GMT-5,johan.condor@utec.edu.pe,johan.condor@utec.edu.pe,22,Masculino,Los Olivos,2,Metropolitano,6,No,3.2,30,50,4,4,No,Ninguno,Aglomeración de personas,Acepto,NA
2022/09/22 11:55:29 a. m. GMT-5,piero.varela@utec.edu.pe,piero.varela@utec.edu.pe,19,Masculino,Lince,1,Metropolitano,6,No,5,15,30,3,2,No,Ninguno,Pocas unidades de transporte,Acepto,NA
2022/09/22 12:02:16 p. m. GMT-5,angel.gomez@utec.edu.pe,angel.gomez@utec.edu.pe,17,Masculino,Chorrillos,3,Metropolitano,6,Sí,3,30,30,3,3,No,Ninguno,Aglomeración de personas,Acepto,NA
2022/09/22 12:03:58 p. m. GMT-5,ivan.coronado@utec.edu.pe,ivan.coronado@utec.edu.pe,20,Masculino,San Juan Lurigancho,3,Metropolitano,6,Sí,7,10,120,2,2,No,Ninguno,Aglomeración de personas,Acepto,NA
2022/09/22 12:05:22 p. m. GMT-5,jeremy.burgos@utec.edu.pe,jeremy.burgos@utec.edu.pe,17,Masculino,San Miguel,2,Micros o combis,4,No,9,20,70,2,4,No,Ninguno,Aglomeración de personas,Acepto,NA
2022/09/22 12:11:00 p. m. GMT-5,jose.granados@utec.edu.pe,jose.granados@utec.edu.pe,18,Masculino,Puente Piedra,2,Metropolitano,4,No,11,10,100,3,4,No,Ninguno,Aglomeración de personas,Acepto,NA
2022/09/22 12:18:49 p. m. GMT-5,darikson.rivadeneira@utec.edu.pe,darikson.rivadeneira@utec.edu.pe,17,Masculino,San Juan Lurigancho,2,Micros o combis,6,Sí,5,10,90,3,4,Sí,Robo,La inseguridad,Acepto,NA
2022/09/22 12:44:27 p. m. GMT-5,ruben.ramirez@utec.edu.pe,ruben.ramirez@utec.edu.pe,18,Masculino,Santa Anita,3,Metropolitano,5,Sí,11,15,140,2,4,No,Ninguno,Aglomeración de personas,Acepto,NA
2022/09/22 12:54:13 p. m. GMT-5,luis.barahona@utec.edu.pe,luis.barahona@utec.edu.pe,18,Masculino,Barranco,1,Metropolitano,5,Sí,1,5,10,4,4,No,Ninguno,Aglomeración de personas,Acepto,NA
2022/09/22 1:13:10 p. m. GMT-5,ian.cortez@utec.edu.pe,ian.cortez@utec.edu.pe,19,Masculino,Los Olivos,3,Metropolitano,5,Sí,6,70,90,3,3,No,Ninguno,Aglomeración de personas,Acepto,NA
2022/09/22 2:05:41 p. m. GMT-5,fabryzzio.meza@utec.edu.pe,fabryzzio.meza@utec.edu.pe,17,Masculino,Chorrillos,1,Micros o combis,5,No,4,10,30,2,2,No,Ninguno,Accidentes frecuentes,Acepto,NA
2022/09/22 5:16:28 p. m. GMT-5,katherin.hidalgo@utec.edu.pe,katherin.hidalgo@utec.edu.pe,21,Femenino,Chorrillos,1,Micros o combis,4,Sí,7,8,45,3,3,No,Ninguno,Aglomeración de personas,Acepto,NA
2022/09/22 6:07:34 p. m. GMT-5,daniel.ticona@utec.edu.pe,daniel.ticona@utec.edu.pe,22,Masculino,San Juan de Miraflores,1,Micros o combis,3,Sí,5,5,90,3,3,No,Ninguno,Pocas unidades de transporte,Acepto,NA
2022/09/22 8:42:30 p. m. GMT-5,lucas.donayre@utec.edu.pe,lucas.donayre@utec.edu.pe,22,Masculino,Villa El Salvador,3,Micros o combis,6,Sí,5.75,5,90,3,3,No,Ninguno,La inseguridad,Acepto,NA
2022/09/22 11:21:13 p. m. GMT-5,manuel.mego@utec.edu.pe,manuel.mego@utec.edu.pe,18,Masculino,Chorrillos,1,Metropolitano,6,Sí,5,5,15,3,4,No,Ninguno,Pocas unidades de transporte,Acepto,NA
2022/09/23 9:43:36 a. m. GMT-5,leslie.sosa@utec.edu.pe,leslie.sosa@utec.edu.pe,18,Femenino,Barranco,1,Metropolitano,1,Sí,2,15,2,2,2,No,Ninguno,Aglomeración de personas,Acepto,NA
2022/09/23 3:12:23 p. m. GMT-5,javier.chavarria@utec.edu.pe,javier.chavarria@utec.edu.pe,20,Masculino,San Juan Lurigancho,2,Micros o combis,6,Sí,1.75,45,46,3,3,Sí,Robo,Estructura y mantenimiento deficientes,Acepto,NA
2022/09/23 3:40:23 p. m. GMT-5,samira.lamilla@utec.edu.pe,samira.lamilla@utec.edu.pe,18,Femenino,Barranco,1,Micros o combis,2,No,2,10,8,3,3,No,Ninguno,Aglomeración de personas,Acepto,NA
2022/09/23 3:48:03 p. m. GMT-5,andrea.montes@utec.edu.pe,andrea.montes@utec.edu.pe,20,Femenino,Pachacamac,2,Micros o combis,4,Sí,10,20,120,3,3,No,Ninguno,Pocas unidades de transporte,Acepto,NA
2022/09/23 4:08:56 p. m. GMT-5,gianmarco.humpiri@utec.edu.pe,gianmarco.humpiri@utec.edu.pe,20,Masculino,Santiago de Surco,1,Micros o combis,6,Sí,4,5,15,3,3,No,Ninguno,Pocas unidades de transporte,Acepto,NA
2022/09/23 6:37:06 p. m. GMT-5,rafael.solier@utec.edu.pe,rafael.solier@utec.edu.pe,18,Masculino,San Isidro,2,Metropolitano,5,Sí,2.5,30,20,2,4,No,Ninguno,Alto contaminante ambiental,Acepto,NA
2022/09/23 8:24:22 p. m. GMT-5,daniel.villanueva.p@utec.edu.pe,daniel.villanueva.p@utec.edu.pe,20,Masculino,San Juan Lurigancho,3,Micros o combis,5,Sí,6,10,90,4,4,Sí,Robo,La inseguridad,Acepto,NA
2022/09/24 9:52:46 a. m. GMT-5,seimy.quispe@utec.edu.pe,seimy.quispe@utec.edu.pe,24,Femenino,El Agustino,2,Micros o combis,2,Sí,23,12,23,3,3,No,Ninguno,Pocas unidades de transporte,Acepto,NA
2022/09/24 9:58:50 a. m. GMT-5,mariangeles.quispe@utec.edu.pe,mariangeles.quispe@utec.edu.pe,19,Femenino,Barranco,1,Metropolitano,4,Sí,2,10,15,4,3,No,Ninguno,La inseguridad,Acepto,NA
2022/09/24 11:30:40 p. m. GMT-5,eva.arevalo@utec.edu.pe,eva.arevalo@utec.edu.pe,19,Femenino,Ancón,3,Metropolitano,6,Sí,40,30,140,3,3,Sí,Acoso,Alto contaminante ambiental,Acepto,NA
2022/09/24 11:34:15 p. m. GMT-5,sarita.lara@utec.edu.pe,sarita.lara@utec.edu.pe,19,Femenino,San Juan de Miraflores,2,Micros o combis,5,No,9,15,50,3,3,No,Ninguno,Aglomeración de personas,Acepto,NA
2022/09/24 11:47:54 p. m. GMT-5,julian.huaman@utec.edu.pe,julian.huaman@utec.edu.pe,18,Masculino,Barranco,1,Ninguno,5,No,0,0,0,5,5,No,Ninguno,Nada,Acepto,NA
2022/09/25 12:19:41 a. m. GMT-5,jhon.herrera@utec.edu.pe,jhon.herrera@utec.edu.pe,18,Masculino,Los Olivos,3,Metropolitano,6,Sí,15,15,59,3,3,No,Ninguno,Accidentes frecuentes,Acepto,NA
2022/09/25 8:08:37 a. m. GMT-5,allison.ponce@utec.edu.pe,allison.ponce@utec.edu.pe,18,Femenino,San Martín de Porres,2,Metropolitano,6,Sí,4.5,10,120,3,4,No,Ninguno,Aglomeración de personas,Acepto,NA
2022/09/25 8:59:57 a. m. GMT-5,danna.retamozo@utec.edu.pe,danna.retamozo@utec.edu.pe,17,Femenino,Comas,2,Metropolitano,6,Sí,3.5,30,120,1,5,No,Ninguno,Aglomeración de personas,Acepto,NA
2022/09/25 9:15:54 a. m. GMT-5,adriana.castilla@utec.edu.pe,adriana.castilla@utec.edu.pe,17,Femenino,Los Olivos,2,Metropolitano,5,Sí,4.5,30,90,2,2,No,Ninguno,Aglomeración de personas,Acepto,NA
2022/09/25 12:11:06 p. m. GMT-5,niunier.briceno@utec.edu.pe,niunier.briceno@utec.edu.pe,19,Masculino,Barranco,1,Ninguno,0,No,0,0,0,5,5,Tal vez,Agresión verbal,Aglomeración de personas,Acepto,NA
2022/09/25 1:17:29 p. m. GMT-5,milloshy.crisostomo@utec.edu.pe,milloshy.crisostomo@utec.edu.pe,18,Femenino,Santa Anita,2,Micros o combis,5,Sí,6,15,120,4,3,No,Ninguno,La inseguridad,Acepto,NA
2022/09/25 2:05:18 p. m. GMT-5,matias.maravi@utec.edu.pe,matias.maravi@utec.edu.pe,18,Masculino,Comas,3,Metropolitano,6,Sí,3.5,20,60,3,4,No,Ninguno,Estructura y mantenimiento deficientes,Acepto,NA
2022/09/25 2:08:15 p. m. GMT-5,daniel.martinez@utec.edu.pe,daniel.martinez@utec.edu.pe,20,Masculino,San Juan de Miraflores,1,Micros o combis,6,No,6,5,60,4,3,No,Ninguno,Aglomeración de personas,Acepto,NA
2022/09/25 3:09:09 p. m. GMT-5,araceli.cunza@utec.edu.pe,araceli.cunza@utec.edu.pe,19,Femenino,Puente Piedra,3,Metropolitano,5,Sí,8,30,120,3,3,Sí,Acoso,Aglomeración de personas,Acepto,NA
2022/09/25 3:09:27 p. m. GMT-5,miiller.rosas@utec.edu.pe,miiller.rosas@utec.edu.pe,18,Masculino,Puente Piedra,2,Metropolitano,4,Sí,3.8,15,100,3,4,No,Ninguno,Pocas unidades de transporte,Acepto,NA
2022/09/25 3:15:54 p. m. GMT-5,junior.huayta@utec.edu.pe,junior.huayta@utec.edu.pe,19,Masculino,Barranco,1,Micros o combis,2,No,4,6,10,3,3,No,Ninguno,Aglomeración de personas,Acepto,NA
2022/09/25 3:30:32 p. m. GMT-5,anshel.chuquiviguel@utec.edu.pe,anshel.chuquiviguel@utec.edu.pe,19,Masculino,Barranco,1,Metropolitano,6,Sí,3,10,30,4,4,Sí,Robo,Accidentes frecuentes,Acepto,NA
2022/09/25 3:39:59 p. m. GMT-5,jheis.pena@utec.edu.pe,jheis.pena@utec.edu.pe,18,Masculino,Barranco,2,Metropolitano,0,Sí,2,0,0,5,5,No,Ninguno,Pocas unidades de transporte,Acepto,NA
2022/09/25 3:41:59 p. m. GMT-5,mayra.marzano@utec.edu.pe,mayra.marzano@utec.edu.pe,19,Femenino,Jesús María,1,Micros o combis,5,No,5,5,35,4,3,No,Ninguno,Aglomeración de personas,Acepto,NA
2022/09/25 4:35:03 p. m. GMT-5,frank.chavez@utec.edu.pe,frank.chavez@utec.edu.pe,19,Masculino,Jesús María,1,Colectivo,5,Sí,5,10,70,3,4,No,Ninguno,Aglomeración de personas,Acepto,NA
2022/09/25 4:47:03 p. m. GMT-5,liz.suyon@utec.edu.pe,liz.suyon@utec.edu.pe,18,Femenino,Barranco,1,Ninguno,1,Sí,0,0,0,4,4,No,Ninguno,Aglomeración de personas,Acepto,NA
2022/09/25 6:52:05 p. m. GMT-5,iris.ordonez@utec.edu.pe,iris.ordonez@utec.edu.pe,19,Femenino,San Juan Lurigancho,3,Micros o combis,6,Sí,6,7,90,4,4,No,Ninguno,Aglomeración de personas,Acepto,NA
2022/09/25 8:14:32 p. m. GMT-5,jhon.colque@utec.edu.pe,jhon.colque@utec.edu.pe,19,Masculino,Barranco,1,Ninguno,0,Sí,0,0,30,4,4,No,Ninguno,La inseguridad,Acepto,NA
2022/09/25 9:48:02 p. m. GMT-5,junior.robles@utec.edu.pe,junior.robles@ute.edu.pe,19,Masculino,San Juan Lurigancho,3,Micros o combis,6,Sí,3.25,15,90,4,4,No,Ninguno,Aglomeración de personas,Acepto,NA
2022/09/25 9:53:05 p. m. GMT-5,kuenen.rivera@utec.edu.pe,kuenen.rivera@utec.edu.pe,18,Masculino,Chorrillos,2,Micros o combis,4,No,4,20,45,4,3,No,Ninguno,Alto contaminante ambiental,Acepto,NA
2022/09/25 9:54:26 p. m. GMT-5,blanca.santamaria@utec.edu.pe,blanca.santamaria@utec.edu.pe,17,Femenino,Santiago de Surco,2,Metropolitano,6,Sí,5,10,20,4,3,Tal vez,Acoso,Alto contaminante ambiental,Acepto,NA
2022/09/25 10:06:31 p. m. GMT-5,dayanna.quito@utec.edu.pe,dayanna.quito@utec.edu.pe,18,Femenino,Villa María del Triunfo,2,Metropolitano,5,Sí,4,15,120,3,4,No,Ninguno,Estructura y mantenimiento deficientes,Acepto,NA
2022/09/25 10:09:01 p. m. GMT-5,fabiola.talla@utec.edu.pe,Fabiola.talla@utec.edu.pe,18,Femenino,Rímac,2,Metropolitano,6,Sí,10,20,90,4,3,No,Agresión verbal,Pocas unidades de transporte,Acepto,NA
2022/09/25 10:50:43 p. m. GMT-5,jordan.enriquez@utec.edu.pe,jordan.enriquez@utec.edu.pe,26,Masculino,Los Olivos,3,Metropolitano,6,Sí,10,30,100,3,3,No,Ninguno,Aglomeración de personas,Acepto,NA
2022/09/26 11:16:28 a. m. GMT-5,fernanda.carrillo@utec.edu.pe,fernanda.carrillo@utec.edu.pe,19,Femenino,San Juan Lurigancho,3,Metropolitano,5,Sí,7,15,40,3,3,No,Ninguno,Aglomeración de personas,Acepto,NA
2022/09/26 11:32:32 a. m. GMT-5,sandra.alcantara@utec.edu.pe,sandra.alcantara@utec.edu.pe,19,Femenino,Santa Anita,2,Metropolitano,5,Sí,7,10,90,3,2,No,Ninguno,Aglomeración de personas,Acepto,NA
2022/09/26 12:34:38 p. m. GMT-5,diana.capcha@utec.edu.pe,diana.capcha@utec.edu.pe,19,Femenino,Santiago de Surco,1,Micros o combis,4,No,5,15,45,2,2,No,Ninguno,Aglomeración de personas,Acepto,NA
2022/09/26 1:20:12 p. m. GMT-5,angela.aquino@utec.edu.pe,angela.aquino@utec.edu.pe,20,Femenino,Ate Vitarte,3,Metropolitano,5,No,20,20,120,3,3,No,Ninguno,La inseguridad,Acepto,NA
2022/09/26 5:19:38 p. m. GMT-5,camila.sanchez@utec.edu.pe,camila.sanchez@utec.edu.pe,18,Femenino,Ate Vitarte,2,Metropolitano,5,Sí,10,20,10,1,1,No,Ninguno,Aglomeración de personas,Acepto,NA
2022/09/26 9:00:35 p. m. GMT-5,david.orihuela@utec.edu.pe,david.orihuela@utec.edu.pe,20,Masculino,Santiago de Surco,1,Ninguno,5,No,5,2,15,3,3,No,Ninguno,Aglomeración de personas,Acepto,NA
2022/09/26 9:17:32 p. m. GMT-5,johanny.otoya@utec.edu.pe,johanny.otoya@utec.edu.pe,19,Femenino,San Martín de Porres,3,Metropolitano,5,Sí,5,20,65,3,3,No,Ninguno,Aglomeración de personas,Acepto,NA
2022/09/27 8:06:15 a. m. GMT-5,lucila.condezo@utec.edu.pe,lucila.condezo@utec.edu.pe,19,Femenino,Barranco,1,Ninguno,1,No,0,10,10,3,3,Sí,Ninguno,Aglomeración de personas,Acepto,NA
2022/09/27 8:17:09 a. m. GMT-5,andre.silvestre@utec.edu.pe,andre.silvestre@utec.edu.pe,19,Masculino,El Agustino,3,Metropolitano,6,Sí,5.5,10,70,4,4,No,Ninguno,Aglomeración de personas,Acepto,NA
2022/09/27 8:23:24 a. m. GMT-5,liz.leiva@utec.edu.pe,liz.leiva@utec.edu.pe,18,Femenino,San Juan de Miraflores,2,Micros o combis,6,No,8,10,90,4,3,No,Ninguno,Aglomeración de personas,Acepto,NA
2022/09/27 8:25:39 a. m. GMT-5,alejandro.calizaya@utec.edu.pe,alejandro.calizaya@utec.edu.pe,19,Masculino,Lima,1,Metropolitano,6,Sí,5,10,30,3,3,No,Ninguno,Pocas unidades de transporte,Acepto,NA
2022/09/27 8:25:53 a. m. GMT-5,damir.latorre@utec.edu.pe,damir.latorre@utec.edu.pe,20,Masculino,La Molina,3,Metropolitano,3,Sí,4,15,60,2,4,No,Ninguno,Poca eficiencia ,Acepto,NA
2022/09/27 8:25:58 a. m. GMT-5,yovana.ramos@utec.edu.pe,yovana.ramos@utec.edu.pe,22,Femenino,Barranco,1,Ninguno,0,No,0,0,0,3,3,No,Ninguno,Ninguna ,Acepto,NA
2022/09/27 8:28:08 a. m. GMT-5,aldo.strobbe@utec.edu.pe,aldo.strobbe@utec.edu.pe,17,Masculino,La Molina,2,Metropolitano,6,Sí,5,20,50,3,4,No,Ninguno,Aglomeración de personas,Acepto,NA
2022/09/27 8:28:32 a. m. GMT-5,diego.valenzuela.h@utec.edu.pe,diego.valenzuela.h@utec.edu.pe,17,Masculino,San Juan Lurigancho,2,Metropolitano,5,No,12,20,65,3,1,No,Ninguno,Aglomeración de personas,Acepto,NA
2022/09/27 8:29:02 a. m. GMT-5,fabiana.solar@utec.edu.pe,fabiana.solar@utec.edu.pe,19,Femenino,Barranco,1,Ninguno,6,No,0,0,10,5,3,No,Ninguno,La inseguridad,Acepto,NA
2022/09/27 8:30:29 a. m. GMT-5,tamara.quintana@utec.edu.pe,tamara.quintana@utec.edu.pe,19,Femenino,Barranco,1,Ninguno,1,No,0,0,5,5,5,No,Ninguno,nada,Acepto,NA
2022/09/27 8:33:21 a. m. GMT-5,diego.buitron@utec.edu.pe,diego.buitron@utec.edu.pe,19,Masculino,Chorrillos,2,Micros o combis,5,Sí,4,5,40,3,3,Sí,Robo,La inseguridad,Acepto,NA
2022/09/27 8:33:57 a. m. GMT-5,liz.chuquimbalqui@utec.edu.pe,liz.chuquimbalqui@utec.edu.pe,17,Femenino,Carabayllo,2,Metropolitano,6,No,10,30,10,2,4,No,Ninguno,Alto contaminante ambiental,Acepto,NA
2022/09/27 8:33:58 a. m. GMT-5,lucia.diaz@utec.edu.pe,lucia.diaz@utec.edu.pe,18,Femenino,Villa María del Triunfo,1,Metropolitano,6,No,15,10,160,4,3,No,Ninguno,Alto contaminante ambiental,Acepto,NA
2022/09/27 8:35:14 a. m. GMT-5,neider.zumaeta@utec.edu.pe,neider.zumaeta@utec.edu.pe,18,Masculino,Barranco,1,Ninguno,6,No,0,0,0,3,3,No,Robo,Accidentes frecuentes,Acepto,NA
2022/09/27 8:35:58 a. m. GMT-5,bruno.rojas@utec.edu.pe,bruno.rojas@utec.edu.pe,18,Masculino,La Molina,2,Metropolitano,4,No,10.2,20,120,5,3,No,Ninguno,La inseguridad,Acepto,NA
2022/09/27 8:47:15 a. m. GMT-5,john.baca@utec.edu.pe,john.baca@utec.edu.pe,19,Masculino,Ate Vitarte,2,Metropolitano,4,Sí,4.5,20,90,2,4,No,Ninguno,Estructura y mantenimiento deficientes,Acepto,NA
2022/09/27 8:48:08 a. m. GMT-5,marcelo.vega@utec.edu.pe,marcelo.vega@utec.edu.pe,23,Masculino,Ate Vitarte,2,Metropolitano,5,Sí,10,60,30,3,3,No,Ninguno,Pocas unidades de transporte,Acepto,NA
2022/09/27 10:11:57 a. m. GMT-5,keiko.ccotohuanca@utec.edu.pe,keiko.ccotohuanca@utec.edu.pe,18,Femenino,Lurigancho,2,Metropolitano,5,Sí,5,10,60,3,3,No,Ninguno,Pocas unidades de transporte,Acepto,NA
2022/09/27 10:13:54 a. m. GMT-5,luis.crisostomo@utec.edu.pe,luis.crisostomo@utec.edu.pe,19,Masculino,Santiago de Surco,1,Micros o combis,2,Sí,2,10,20,3,3,No,Ninguno,Estructura y mantenimiento deficientes,Acepto,NA
2022/09/27 10:15:52 a. m. GMT-5,edilson.polo@utec.edu.pe,edilson.polo@utec.edu.pe,20,Masculino,Villa El Salvador,3,Micros o combis,6,Sí,9.5,5,40,4,4,No,Ninguno,Aglomeración de personas,Acepto,NA
2022/09/27 10:37:54 a. m. GMT-5,nayely.oscco@utec.edu.pe,nayely.oscco@utec.edu.pe,18,Femenino,Barranco,1,Metropolitano,1,Sí,1.25,10,10,2,3,No,Ninguno,Aglomeración de personas,Acepto,NA
2022/09/27 11:29:23 a. m. GMT-5,leyla.condori@utec.edu.pe,leyla.condori@utec.edu.pe,19,Femenino,San Juan de Miraflores,1,Metropolitano,5,Sí,7,15,110,3,3,No,Ninguno,Aglomeración de personas,Acepto,NA
2022/09/27 11:38:45 a. m. GMT-5,leonardo.isidro@utec.edu.pe,leonardo.isidro@utec.edu.pe,19,Masculino,San Juan de Miraflores,1,Metropolitano,6,Sí,2.5,20,60,4,4,No,Ninguno,Aglomeración de personas,Acepto,NA
2022/09/27 11:39:06 a. m. GMT-5,paola.maguina@utec.edu.pe,paola.maguina@utec.edu.pe,18,Femenino,Lince,2,Corredor azul,6,Sí,4,15,30,3,2,No,Acoso,Estructura y mantenimiento deficientes,Acepto,NA
2022/09/27 3:25:10 p. m. GMT-5,angie.villar@utec.edu.pe,angie.villar@utec.edu.pe,18,Femenino,San Juan de Miraflores,2,Metropolitano,4,Sí,3.2,15,60,3,3,No,Ninguno,Aglomeración de personas,Acepto,NA
2022/09/27 3:49:00 p. m. GMT-5,julio.delacruz@utec.edu.pe,julio.delacruz@utec.edu.pe,25,Masculino,Santa Anita,2,Metropolitano,5,No,12,15,30,3,3,No,Robo,Pocas unidades de transporte,Acepto,NA
2022/09/27 3:53:24 p. m. GMT-5,rafael.churampi@utec.edu.pe,rafael.churampi@utec.edu.pe,21,Masculino,Lurigancho,3,Metropolitano,5,Sí,10,30,280,2,4,No,Robo,Aglomeración de personas,Acepto,NA
2022/09/27 4:50:53 p. m. GMT-5,diego.lopez.m@utec.edu.pe,diego.lopez.m@utec.edu.pe,18,Masculino,Lurigancho,2,Metropolitano,4,Sí,15,5,90,3,3,Sí,Robo,Aglomeración de personas,Acepto,NA
2022/09/27 9:47:42 p. m. GMT-5,abrahan.ypanaque@utec.edu.pe,abrahan.ypanaque@utec.edu.pe,18,Masculino,Santiago de Surco,1,Ninguno,6,No,0,0,25,3,3,No,Ninguno,La inseguridad,Acepto,NA
2022/09/27 9:50:33 p. m. GMT-5,diego.jauregui@utec.edu.pe,diego.jauregui@utec.edu.pe,21,Masculino,Chorrillos,1,Micros o combis,6,Sí,4,10,20,1,1,Tal vez,Ninguno,Estructura y mantenimiento deficientes,Acepto,NA
2022/09/27 9:58:14 p. m. GMT-5,fabrizzio.cabello@utec.edu.pe,fabrizzio.cabello@utec.edu.pe,18,Masculino,Comas,2,Metropolitano,5,Sí,2.25,20,90,4,4,No,Ninguno,Aglomeración de personas,Acepto,NA
2022/09/27 10:01:16 p. m. GMT-5,daniel.aviles@utec.edu.pe,daniel.aviles@utec.edu.pe,20,Masculino,Barranco,1,Ninguno,6,No,0,0,0,4,4,Tal vez,Ninguno,Accidentes frecuentes,Acepto,NA
2022/09/27 10:08:53 p. m. GMT-5,jose.segura@utec.edu.pe,jose.segura@utec.edu.pe,18,Masculino,Barranco,2,Micros o combis,2,No,5,10,8,3,3,No,Ninguno,Aglomeración de personas,Acepto,NA
2022/09/27 10:09:55 p. m. GMT-5,anthony.fernandez@utec.edu.pe,anthony.fernandez@utec.edu.pe,23,Masculino,Independencia,1,Metropolitano,2,Sí,7,200,2,4,3,Sí,Acoso,Estructura y mantenimiento deficientes,Acepto,NA
2022/09/27 10:10:03 p. m. GMT-5,grover.vasquez@utec.edu.pe,grover.vasquez@utec.edu.pe,18,Masculino,Lima,1,Corredor azul,6,No,4,10,50,3,3,No,Ninguno,Aglomeración de personas,Acepto,NA
2022/09/27 10:10:41 p. m. GMT-5,carla.callupe@utec.edu.pe,carla.callupe@utec.edu.pe,18,Femenino,Barranco,1,Metropolitano,5,Sí,1,9,6,3,4,No,Ninguno,Accidentes frecuentes,Acepto,NA
2022/09/27 10:10:43 p. m. GMT-5,oscar.duenas@utec.edu.pe,oscar.duenas@utec.edu.pe,18,Masculino,Carabayllo,2,Metropolitano,6,Sí,10,10,120,4,4,No,Ninguno,Aglomeración de personas,Acepto,NA
2022/09/27 10:10:52 p. m. GMT-5,elizabeth.suarez@utec.edu.pe,elizabeth.suarez@utec.edu.pe,19.2,Femenino,Barranco,1,Micros o combis,3,No,1,4,5,4,4,No,Ninguno,La inseguridad,Acepto,NA
2022/09/27 10:11:55 p. m. GMT-5,manuel.sanchez@utec.edu.pe,manuel.sanchez@utec.edu.pe,15,Femenino,Lima,8,Ninguno,6.8,Sí,500,80,80,5,5,Sí,Desconocido,Alto contaminante ambiental,Acepto,NA
2022/09/27 10:11:59 p. m. GMT-5,raquel.mendoza@utec.edu.pe,raquel.mendoza@utec.edu.pe,18,Femenino,Barranco,6,Metropolitano,2,No,10000,5,700,3,3,No,Agresión física,Accidentes frecuentes,Acepto,NA
2022/09/27 10:12:37 p. m. GMT-5,sharon.uribe@utec.edu.pe,sharon.uribe@utec.edu.pe,20,Femenino,Barranco,1,Metropolitano,2,Sí,2,20,20,5,4,No,Acoso,Alto contaminante ambiental,Acepto,NA
2022/09/27 10:12:52 p. m. GMT-5,carmen.huamali@utec.edu.pe,carmen.huamali@utec.edu.pe,21,Femenino,San Juan de Miraflores,2,Micros o combis,5,Sí,5,30,42,3,2,Sí,Acoso,La inseguridad,Acepto,NA
2022/09/27 10:12:58 p. m. GMT-5,maria.huamali@utec.edu.pe,maria.huamali@utec.edu.pe,21,Femenino,San Juan de Miraflores,3,Micros o combis,5,No,7,65,70,4,3,Sí,Robo,Pocas unidades de transporte,Acepto,NA
2022/09/27 10:50:09 p. m. GMT-5,nikolas.estrella@utec.edu.pe,nikolas.estrella@utec.edu.pe,18,Masculino,Lima,3,Metropolitano,5,Sí,5,10,100,4,5,No,Ninguno,Aglomeración de personas,Acepto,NA
2022/09/27 11:27:39 p. m. GMT-5,robi.mejia@utec.edu.pe,robi.mejia@utec.edu.pe,18,Masculino,Santiago de Surco,1,Colectivo,5,Sí,10,20,20,5,5,No,Ninguno,Accidentes frecuentes,Acepto,NA
2022/09/27 11:38:11 p. m. GMT-5,jeanpiero.silva@utec.edu.pe,jeanpiero.silva@utec.edu.pe,18,Masculino,Chorrillos,1,Metropolitano,5,Sí,2,6,35,3,3,No,Ninguno,La inseguridad,Acepto,NA
2022/09/27 11:48:01 p. m. GMT-5,kenddra.ticliahuanca@utec.edu.pe,kenddra.ticliahuanca@utec.edu.pe,18,Femenino,Barranco,1,Metropolitano,4,Sí,2.5,30,30,4,3,No,Ninguno,Pocas unidades de transporte,Acepto,NA
2022/09/28 12:01:20 a. m. GMT-5,katlyn.mori@utec.edu.pe,katlyn.mori@utec.edu.pe,28,Femenino,San Martín de Porres,1,Metropolitano,4,Sí,2.5,25,120,3,3,No,Ninguno,Pocas unidades de transporte,Acepto,NA
2022/09/28 12:03:44 a. m. GMT-5,luis.huayanca@utec.edu.pe,luis.huayanca@utec.edu.pe,18,Masculino,Barranco,1,Ninguno,6,Sí,0,0,0,3,3,No,Ninguno,Aglomeración de personas,Acepto,NA
2022/09/28 1:26:24 a. m. GMT-5,brigitte.rojas@utec.edu.pe,brigitte.rojas@utec.edu.pe,18,Femenino,Barranco,1,Ninguno,2,No,2,30,10,3,3,Sí,Acoso,Aglomeración de personas,Acepto,NA
2022/09/28 9:05:44 a. m. GMT-5,ivonne.ruiz@utec.edu.pe,ivonne.ruiz@utec.edu.pe,17,Femenino,Barranco,1,Ninguno,5,No,0,0,0,4,3,Sí,Acoso,Accidentes frecuentes,Acepto,NA
2022/09/28 9:06:19 a. m. GMT-5,yulinio.zavala@utec.edu.pe,yulinio.zavala@utec.edu.pe,19,Masculino,Barranco,2,Ninguno,0,No,0,0,5,3,3,No,Ninguno,Accidentes frecuentes,No acepto,NA
2022/09/28 11:05:28 a. m. GMT-5,cinthia.fanante@utec.edu.pe,cinthia.fanante@utec.edu.pe,19,Femenino,Barranco,1,Micros o combis,6,No,10,10,10,3,3,No,Ninguno,Pocas unidades de transporte,Acepto,NA
2022/09/28 12:11:52 p. m. GMT-5,jelser.saldana@utec.edu.pe,jelser.saldana@utec.edu.pe,21,Masculino,Chorrillos,2,Micros o combis,6,Sí,4,2,40,3,3,No,Ninguno,Alto contaminante ambiental,Acepto,NA
2022/09/28 12:22:40 p. m. GMT-5,jesus.ospina@utec.edu.pe,jesus.ospina@utec.edu.pe,20,Masculino,Barranco,2,Metropolitano,5,No,15,5,30,5,3,No,Ninguno,Pocas unidades de transporte,Acepto,NA
2022/09/28 12:51:01 p. m. GMT-5,luis.huaman@utec.edu.pe,luis.huaman@utec.edu.pe,19,Masculino,San Juan Lurigancho,2,Micros o combis,4,Sí,7,15,60,4,4,No,Ninguno,Estructura y mantenimiento deficientes,Acepto,NA
2022/09/28 1:29:59 p. m. GMT-5,marco.mamani@utec.edu.pe,marco.mamani@utec.edu.pe,19,Masculino,Chorrillos,2,Micros o combis,6,No,8,20,20,2,2,Sí,Agresión verbal,El tráfico creado por el exceso de vehículos en Lima,Acepto,NA
2022/09/28 3:52:17 p. m. GMT-5,rodrigo.amaya@utec.edu.pe,rodrigo.amaya@utec.edu.pe,18,Masculino,Pueblo Libre,1,Micros o combis,6,No,6,5,120,3,3,No,Ninguno,Aglomeración de personas,Acepto,NA
2022/09/28 8:03:10 p. m. GMT-5,ximena.santana@utec.edu.pe,ximena.santana@utec.edu.pe,19,Femenino,Santiago de Surco,1,Ninguno,5,No,2,10,20,4,4,No,Ninguno,Estructura y mantenimiento deficientes,Acepto,NA
2022/09/28 8:04:41 p. m. GMT-5,mercedes.rodriguez@utec.edu.pe,mercedes.rodriguez@utec.edu.pe,19,Femenino,Miraflores,1,Micros o combis,4,Sí,2,15,20,3,4,No,Ninguno,Pocas unidades de transporte,Acepto,NA
2022/09/28 8:06:24 p. m. GMT-5,franco.estrada@utec.edu.pe,franco.estrada@utec.edu.pe,20,Masculino,Ate Vitarte,2,Metropolitano,6,Sí,9,15,100,3,5,Tal vez,Agresión verbal,Aglomeración de personas,Acepto,NA
2022/09/28 8:11:24 p. m. GMT-5,helen.vela@utec.edu.pe,helen.vela@utec.edu.pe,19,Femenino,Barranco,1,Micros o combis,6,No,2,5,10,2,3,No,Ninguno,Aglomeración de personas,No acepto,NA
2022/09/28 8:18:54 p. m. GMT-5,juan.hancco@utec.edu.pe,juan.hancco@utec.edu.pe,21,Masculino,San Juan de Miraflores,1,Micros o combis,6,Sí,4,5,15,3,3,No,Ninguno,Aglomeración de personas,Acepto,NA
2022/09/28 8:19:16 p. m. GMT-5,maricielo.chuchon@utec.edu.pe,maricielo.chuchon@utec.edu.pe,20,Femenino,Ate Vitarte,3,Metropolitano,6,No,12.4,30,2,2,4,No,Ninguno,Pocas unidades de transporte,Acepto,NA
2022/09/28 8:28:19 p. m. GMT-5,joe.malca@utec.edu.pe,joe.malca@utec.edu.pe,27,Masculino,Santa Anita,2,Metropolitano,4,Sí,6,15,70,3,3,No,Ninguno,Pocas unidades de transporte,Acepto,NA
2022/09/28 8:30:12 p. m. GMT-5,mikael.quinto@utec.edu.pe,mikael.quinto@utec.edu.pe,17,Masculino,Santiago de Surco,2,Micros o combis,6,No,60,6,8,4,2,Sí,NA,Aglomeración de personas,Acepto,NA
2022/09/28 8:34:02 p. m. GMT-5,flor.aquise@utec.edu.pe,flor.aquise@utec.edu.pe,17,Femenino,Pachacamac,2,Micros o combis,5,No,10,5,120,3,3,No,Ninguno,Aglomeración de personas,Acepto,NA
2022/09/28 8:34:32 p. m. GMT-5,walter.labajos@utec.edu.pe,walter.labajos@utec.edu.pe,19,Masculino,Los Olivos,2,Metropolitano,6,Sí,10,30,120,2,3,No,Ninguno,Pocas unidades de transporte,Acepto,NA
2022/09/28 8:49:06 p. m. GMT-5,diana.campos@utec.edu.pe,diana.campos@utec.du.pe,19,Femenino,Ate Vitarte,2,Metropolitano,6,Sí,5,15,60,3,3,No,Ninguno,Estructura y mantenimiento deficientes,Acepto,NA
2022/09/28 9:25:20 p. m. GMT-5,elvis.chavez@utec.edu.pe,elvis.chavez@utec.edu.pe,19,Masculino,Barranco,1,Ninguno,6,No,0,0,20,5,5,Tal vez,Robo,Aglomeración de personas,Acepto,NA
2022/09/28 11:25:50 p. m. GMT-5,marycielo.cerna@utec.edu.pe,marycielo.cerna@utec.edu.pe,20,Femenino,Carabayllo,2,Metropolitano,4,Sí,3,30,120,3,3,No,Ninguno,Pocas unidades de transporte,Acepto,NA
2022/09/29 12:36:11 a. m. GMT-5,yashira.aparicio@utec.edu.pe,yashira.aparicio@utec.edu.pe,19,Femenino,Ate Vitarte,3,Metropolitano,6,Sí,15,16,180,4,3,Sí,Acoso,Accidentes frecuentes,Acepto,NA
2022/09/29 12:59:01 a. m. GMT-5,ariel.angeles@utec.edu.pe,ariel.angeles@utec.edu.pe,19,Masculino,San Martín de Porres,2,Metropolitano,1.5,No,8.7,15,60,3,4,No,Ninguno,Aglomeración de personas,Acepto,NA
2022/09/29 11:15:35 a. m. GMT-5,pilar.soto@utec.edu.pe,pilar.soto@utec.edu.pe,19,Femenino,Barranco,1,Metropolitano,1,No,3.2,6,10,2,3,No,Ninguno,Aglomeración de personas,Acepto,NA
2022/09/29 11:54:23 a. m. GMT-5,andrea.gonzales@utec.edu.pe,andrea.gonzales@utec.edu.pe,20,Femenino,San Juan Lurigancho,3,Tren eléctrico,5,Sí,10,10,120,3,3,No,Ninguno,Aglomeración de personas,Acepto,NA
2022/09/29 3:10:02 p. m. GMT-5,katty.velarde@utec.edu.pe,katty.velarde@utec.edu.pe,18,Femenino,San Juan Lurigancho,2,Micros o combis,5,Sí,2.5,5,60,2,3,Sí,Acoso,Aglomeración de personas,Acepto,NA
2022/09/29 3:19:45 p. m. GMT-5,irvin.coronado@utec.edu.pe,irvin.coronado@utec.edu.pe,20,Masculino,Santa Anita,2,Metropolitano,6,Sí,7.5,10,25,2,1,Sí,Robo,La inseguridad,Acepto,NA
2022/09/29 3:33:12 p. m. GMT-5,alexanderh.colquepis@utec.edu.pe,alexanderh.colquepis@utec.edu.pe,18,Masculino,San Martín de Porres,1,Metropolitano,6,Sí,5,30,90,3,3,No,Ninguno,Aglomeración de personas,Acepto,NA
2022/09/29 3:49:26 p. m. GMT-5,stephany.gutierrez@utec.edu.pe,stephany.gutierrez@utec.edu.pe,19,Femenino,Santiago de Surco,1,Corredor azul,3,Sí,10,7,7,5,5,No,Ninguno,Pocas unidades de transporte,Acepto,NA
2022/09/29 3:54:41 p. m. GMT-5,manuel.izquierdo@utec.edu.pe,manuel.izquierdo@utec.edu.pe,24,Masculino,San Luis,2,Metropolitano,6,Sí,5,15,30,2,2,No,Ninguno,Aglomeración de personas,Acepto,NA
2022/09/29 4:21:53 p. m. GMT-5,alexandra.suarez@utec.edu.pe,alexandra.suarez@utec.edu.pe,22,Femenino,La Molina,2,Metropolitano,3,Sí,4.5,10,120,3,4,No,Ninguno,Aglomeración de personas,Acepto,NA
2022/09/29 4:58:18 p. m. GMT-5,jose.acosta@utec.edu.pe,jose.acosta@gmail.com,17,Masculino,Miraflores,1,NA,0,No,0,0,0,3,3,No,Ninguno,Alto contaminante ambiental,Acepto,NA
2022/09/29 5:28:31 p. m. GMT-5,alessandro.zevallos@utec.edu.pe,alessandro.zevallos@utec.edu.pe,18,Masculino,Puente Piedra,3,Metropolitano,6,Sí,7,10,120,3,5,No,Ninguno,Aglomeración de personas,Acepto,NA
2022/09/29 5:30:15 p. m. GMT-5,helen.santillan@utec.edu.pe,helen.santillan@utec.edu.pe,18,Femenino,San Juan Lurigancho,2,Tren eléctrico,4,Sí,7,15,90,4,4,No,Ninguno,Aglomeración de personas,Acepto,NA
