"Marca temporal","Nombre de usuario","Género","Carrera que pertenece","Edad (Digite un número, sin decimal)","¿En qué ciclo te encuentras actualmente?","¿Te fue fácil captar y concentrarte en los cursos tomados de manera virtual?","¿Cómo calificas el nivel de satisfacción en cuanto a la ejecución de estos cursos?","Fuera de su horario de clases - ¿Cuántas horas de estudio diarias promedio dedicabas? (Digite un número, sin decimal)","¿Cuántas horas de descanso promedio tomabas? (Digite un número, sin decimal)","¿Cuántas horas diarias promedio dormías? (Digite un número, sin decimal)","Nivel de estrés","¿Cómo fue tu desempeño académico durante la modalidad hibrida?","¿Te es fácil captar y concentrarte en los cursos tomados de manera presencial?","¿Cómo calificas el nivel de satisfacción en cuanto a la ejecución de estos cursos?","¿En cuánto tiempo (minutos) llegas a la Universidad? (Digite un número, sin decimal)","Fuera de su horario de clases- ¿Cuántas horas de estudio diarias promedio dedicas? (Digite un número, sin decimal)","¿Cuántas horas de descanso diarias promedio tomas? (Digite un número, sin decimal)","¿Cuántas horas diarias promedio duerme? (Digite un número, sin decimal)","Nivel de estrés","¿Cómo está hasta ahora tu desempeño académico en esta modalidad presencial?","En general - ¿Qué modalidad se acomoda mejor a ti?"
"2022/09/22 8:35:35 a. m. GMT-5","","Masculino","Ciencia de la Computacion","17","Segundo","Si","6","3","2","7","3","7","Si","6","1","4","2","7","3","7","Hibrido"
"2022/09/22 8:53:29 a. m. GMT-5","","Femenino","Ingenieria Industrial","17","Segundo","No","5","6","2","5","6","7","Si","7","90","8","1","5","7","7","Presencial"
"2022/09/22 8:55:51 a. m. GMT-5","","Masculino","Ciencia de Datos","26","Segundo","Si","6","5","3","7","7","6","Si","7","120","5","3","6","8","5","Presencial"
"2022/09/22 9:23:52 a. m. GMT-5","","Femenino","Ingenieria Quimica","17","Segundo","No","4","3","2","6","5","6","Si","7","55","4","2","6","5","5","Presencial"
"2022/09/22 9:31:32 a. m. GMT-5","","Masculino","Ciencia de la Computacion","23","Tercero","Si","7","16","4","8","5","7","No","6","15","12","4","7","8","5","Hibrido"
"2022/09/22 9:58:42 a. m. GMT-5","","Masculino","Ingenieria Civil","18","Cuarto","No","5","1","2","7","6","4","No","5","10","1","2","7","7","3","Hibrido"
"2022/09/22 10:27:04 a. m. GMT-5","","Femenino","Ingenieria Ambiental","19","Tercero","Si","6","6","2","5","6","5","Si","6","60","5","1","5","6","5","Hibrido"
"2022/09/22 10:27:40 a. m. GMT-5","","Masculino","Ingenieria Civil","19","Tercero","Si","7","6","3","3","8","6","Si","6","60","5","2","2","8","7","Hibrido"
"2022/09/22 10:32:32 a. m. GMT-5","","Masculino","Ciencia de la Computacion","18","Segundo","Si","6","6","6","7","4","6","Si","7","30","2","3","6","4","5","Hibrido"
"2022/09/22 10:53:11 a. m. GMT-5","","Masculino","Ingenieria Mecanica","20","Sexto","No","6","20","3","5","6","5","Si","7","30","5","2","4","5","5","Presencial"
"2022/09/22 10:55:25 a. m. GMT-5","","Femenino","Ingenieria Industrial","21","Quinto","Si","6","3","2","8","6","6","Si","6","30","4","3","6","6","6","Hibrido"
"2022/09/22 10:57:06 a. m. GMT-5","","Masculino","Ingenieria Mecanica","20","Quinto","Si","6","4","3","6","5","6","Si","7","120","4","3","5","6","6","Presencial"
"2022/09/22 10:59:56 a. m. GMT-5","","Femenino","Ingenieria Industrial","19","Cuarto","No","6","4","4","8","6","6","Si","7","120","3","1","4","5","7","Presencial"
"2022/09/22 11:00:52 a. m. GMT-5","","Masculino","Ingenieria Quimica","21","Quinto","Si","7","2","2","7","5","5","No","4","60","1","1","5","7","4","Hibrido"
"2022/09/22 11:06:50 a. m. GMT-5","","Femenino","Ingenieria Civil","19","Quinto","No","8","6","4","8","4","5","Si","8","8","6","6","6","7","5","Hibrido"
"2022/09/22 11:09:50 a. m. GMT-5","","Masculino","Ingenieria de la Energia","19","Quinto","No","4","4","4","5","4","3","Si","6","40","4","4","5","5","5","Presencial"
"2022/09/22 11:10:36 a. m. GMT-5","","Femenino","Ingenieria Industrial","20","Sexto","No","5","5","3","5","5","7","Si","8","15","6","3","7","5","8","Presencial"
"2022/09/22 11:14:02 a. m. GMT-5","","Masculino","Ingenieria Industrial","19","Tercero","Si","6","8","3","6","8","6","Si","8","1","6","3","7","5","7","Presencial"
"2022/09/22 11:57:10 a. m. GMT-5","","Masculino","Ingenieria Mecanica","20","Tercero","Si","7","6","0","7","6","6","Si","6","55","5","0","6","7","6","Hibrido"
"2022/09/22 12:49:48 p. m. GMT-5","","Masculino","Ingenieria Mecanica","27","Octavo","Si","6","4","3","6","6","6","No","6","60","4","3","5","6","7","Hibrido"
"2022/09/22 1:04:46 p. m. GMT-5","","Femenino","Ingenieria Civil","21","Tercero","No","6","2","4","8","8","4","No","6","120","4","4","6","8","5","Hibrido"
"2022/09/22 1:05:38 p. m. GMT-5","","Femenino","Ingenieria Quimica","19","Tercero","No","4","5","2","5","7","5","Si","6","120","5","2","4","6","6","Presencial"
"2022/09/22 1:15:19 p. m. GMT-5","","Femenino","Ingenieria Industrial","18","Tercero","Si","7","5","1","10","6","5","No","3","120","3","0","6","8","3","Hibrido"
"2022/09/22 3:40:33 p. m. GMT-5","","Femenino","Ingenieria Ambiental","19","Quinto","Si","5","3","4","6","5","7","Si","5","130","1","2","6","8","5","Hibrido"
"2022/09/22 5:05:58 p. m. GMT-5","","Femenino","Ciencia de Datos","21","Segundo","No","7","4","2","8","6","5","Si","7","50","4","1","8","3","7","Presencial"
"2022/09/22 5:15:17 p. m. GMT-5","","Masculino","Ingenieria Electronica","20","Sexto","No","4","3","3","6","8","3","Si","6","15","4","3","7","5","5","Presencial"
"2022/09/22 5:37:08 p. m. GMT-5","","Masculino","Ingenieria Ambiental","18","Quinto","Si","8","5","8","8","6","7","Si","7","120","5","3","6","8","4","Hibrido"
"2022/09/22 5:37:49 p. m. GMT-5","","Masculino","Ingenieria Ambiental","19","Quinto","No","6","3","1","6","5","4","Si","5","120","2","2","3","7","4","Hibrido"
"2022/09/22 5:55:09 p. m. GMT-5","","Masculino","Ingenieria Mecatronica","18","Cuarto","No","6","1","4","6","6","3","Si","7","30","1","4","7","7","5","Presencial"
"2022/09/22 5:56:46 p. m. GMT-5","","Masculino","Ciencia de la Computacion","19","Tercero","No","4","3","1","4","5","5","Si","6","120","4","1","3","6","6","Presencial"
"2022/09/22 5:58:04 p. m. GMT-5","","Masculino","Ciencia de Datos","17","Segundo","Si","6","3","4","6","6","7","Si","6","100","3","5","6","5","5","Hibrido"
"2022/09/22 5:59:16 p. m. GMT-5","","Femenino","Ingenieria Ambiental","18","Tercero","Si","6","20","5","4","8","7","Si","4","1","10","7","5","8","5","Hibrido"
"2022/09/22 5:59:30 p. m. GMT-5","","Femenino","Ingenieria Ambiental","19","Tercero","Si","6","4","4","6","7","6","No","6","40","4","4","6","6","6","Hibrido"
"2022/09/22 6:00:44 p. m. GMT-5","","Masculino","Ingenieria Industrial","20","Cuarto","No","6","4","2","7","6","6","Si","7","45","3","1","6","5","6","Presencial"
"2022/09/22 6:45:36 p. m. GMT-5","","Masculino","Ingenieria Mecatronica","18","Cuarto","Si","6","5","10","7","3","7","No","3","2","24","4","5","8","3","Hibrido"
"2022/09/22 8:38:46 p. m. GMT-5","","Masculino","Ingenieria Mecanica","18","Tercero","Si","7","2","3","7","7","7","Si","7","150","2","3","6","7","6","Hibrido"
"2022/09/22 11:40:12 p. m. GMT-5","","Masculino","Bioingenieria","18","Tercero","Si","4","1","5","6","3","4","Si","5","15","1","5","6","3","4","Presencial"
"2022/09/23 6:44:33 a. m. GMT-5","","Masculino","Ciencia de la Computacion","18","Segundo","Si","5","2","2","7","5","6","Si","7","50","4","1","6","6","7","Hibrido"
"2022/09/23 8:01:37 a. m. GMT-5","","Femenino","Ingenieria Quimica","20","Segundo","Si","7","7","2","6","6","7","Si","6","40","5","4","6","5","5","Hibrido"
"2022/09/23 8:40:36 a. m. GMT-5","","Masculino","Ingenieria Mecatronica","16","Segundo","No","5","4","2 ","6","6","5","Si","7","7","5","3","8","6","6","Presencial"
"2022/09/23 8:48:15 a. m. GMT-5","","Masculino","Ingenieria Quimica","17","Segundo","Si","8","1","1","6","2","8","Si","7","60","1","1","6","2","8","Hibrido"
"2022/09/23 11:03:46 a. m. GMT-5","","Femenino","Ingenieria Mecatronica","19","Quinto","Si","5","5","1","1","6","7","Si","7","120","5","1","1","7","6","Hibrido"
"2022/09/23 6:28:40 p. m. GMT-5","","Femenino","Ingenieria Industrial","19","Cuarto","Si","6","5","1","7","6","6","Si","7","10","4","1","7","7","7","Hibrido"
"2022/09/23 9:18:04 p. m. GMT-5","","Masculino","Ingenieria de la Energia","18","Tercero","Si","7","2","1","5","7","5","Si","4","30","3","2","6","6","6","Hibrido"
"2022/09/23 10:21:19 p. m. GMT-5","","Masculino","Ingenieria Mecanica","17","Primero","Si","6","2","2","6","6","6","Si","7","60","2","2","6","6","6","Presencial"
"2022/09/23 10:26:04 p. m. GMT-5","","Masculino","Ingenieria Industrial","20","Tercero","No","5","2","1","6","8","6","Si","7","15","2","1","5","6","6","Presencial"
"2022/09/24 6:54:13 a. m. GMT-5","","Femenino","Ingenieria Industrial","19","Quinto","No","4","2","2","5","7","6","No","3","80","3","2","5","7","6","Presencial"
"2022/09/24 6:56:43 a. m. GMT-5","","Masculino","Ingenieria Electronica","20","Sexto","No","4","4","3","5","6","5","Si","7","3","3","5","6","6","6","Presencial"
"2022/09/24 7:02:51 a. m. GMT-5","","Masculino","Ciencia de la Computacion","18","Cuarto","Si","7","4","3","7","3","6","Si","6","15","5","2","7","3","6","Hibrido"
"2022/09/24 9:05:55 a. m. GMT-5","","Masculino","Ingenieria Industrial","21","Quinto","Si","7","5","2","8","4","7","No","2","120","2","3","8","8","5","Hibrido"
"2022/09/24 9:13:37 a. m. GMT-5","","Masculino","Bioingenieria","23","Cuarto","Si","4","1","2","3","8","8","Si","7","5","5","3","3","8","6","Presencial"
"2022/09/24 9:16:30 a. m. GMT-5","","Masculino","Ingenieria Mecanica","26","Octavo","No","4","6","2","5","8","5","No","6","4","5","4","5","8","7","Presencial"
"2022/09/24 9:18:08 a. m. GMT-5","","Femenino","Ingenieria Ambiental","24","Sexto","Si","5","3","3","5","6","4","Si","6","1","5","8","8","6","6","Hibrido"
"2022/09/24 9:19:23 a. m. GMT-5","","Femenino","Ingenieria Industrial","22","Séptimo","Si","6","4","8","8","6","6","Si","6","1","5","3","6","6","6","Presencial"
"2022/09/24 9:21:09 a. m. GMT-5","","Femenino","Bioingenieria","23","Tercero","Si","6","4","4","4","6","6","Si","6","15","5","5","8","7","7","Presencial"
"2022/09/24 9:23:01 a. m. GMT-5","","Femenino","Ingenieria Civil","25","Octavo","No","4","2","2","9","5","5","Si","7","20","5","5","6","7","7","Hibrido"
"2022/09/24 9:25:04 a. m. GMT-5","","Femenino","Ingenieria Quimica","20","Segundo","No","6","5","5","8","6","6","Si","6","45","5","6","8","7","7","Hibrido"
"2022/09/24 9:26:34 a. m. GMT-5","","Femenino","Ingenieria Quimica","25","Quinto","Si","6","6","6","8","7","7","Si","6","35","5","7","7","7","7","Hibrido"
"2022/09/24 10:21:55 a. m. GMT-5","","Masculino","Bioingenieria","19","Cuarto","Si","6","6","2","6","4","2","Si","7","50","6","1","5","6","6","Presencial"
"2022/09/24 10:41:05 a. m. GMT-5","","Femenino","Ingenieria Industrial","26","Octavo","No","5","3","3","6","5","5","No","4","4","4","4","4","8","6","Presencial"
"2022/09/24 10:42:48 a. m. GMT-5","","Masculino","Ingenieria Mecatronica","24","Quinto","No","7","2","5","7","6","6","Si","8","140","1","3","6","7","7","Hibrido"
"2022/09/24 10:42:57 a. m. GMT-5","","Masculino","Ingenieria Industrial","20","Tercero","Si","8","3","2","5","5","7","Si","8","30","2","2","6","5","7","Presencial"
"2022/09/24 10:50:25 a. m. GMT-5","","Masculino","Ciencia de Datos","23","Segundo","Si","5","5","2","7","7","6","Si","7","120","5","2","7","6","6","Presencial"
"2022/09/24 11:01:37 a. m. GMT-5","lucciana.chambilla@utec.edu.pe","Femenino","Bioingenieria","19","Quinto","No","6","6","1","6","6","6","Si","5","25","4","2","6","6","6","Hibrido"
"2022/09/24 11:37:18 a. m. GMT-5","yordy.ilizarbe@utec.edu.pe","Masculino","Ingenieria Civil","20","Tercero","Si","5","2","4","7","4","4","Si","8","180","6","6","3","5","8","Presencial"
"2022/09/24 11:41:13 a. m. GMT-5","franklin.soncco@utec.edu.pe","Masculino","Ingenieria Mecatronica","18","Tercero","Si","8","14","4","6","6","7","Si","8","25","18","1","5","1","8","Presencial"
"2022/09/24 11:58:07 a. m. GMT-5","","Femenino","Ingenieria Industrial","21","Tercero","No","6","6","3","5","6","5","No","6","90","5","3","5","8","4","Hibrido"
"2022/09/24 12:01:46 p. m. GMT-5","","Femenino","Bioingenieria","18","Tercero","Si","8","5","2","6","4","7","Si","7","30","5","2","6","4","6","Presencial"
"2022/09/24 12:10:33 p. m. GMT-5","","Femenino","Ciencia de la Computacion","18","Tercero","No","6","4","2","4","7","5","Si","6","60","2","1","6","7","6","Presencial"
"2022/09/24 12:21:13 p. m. GMT-5","leonardo.torres.t@utec.edu.pe","Masculino","Ingenieria de la Energia","34","Tercero","Si","6","3","1","7","3","7","Si","7","50","3","1","6","5","7","Hibrido"
"2022/09/24 12:22:03 p. m. GMT-5","andrea.montes@utec.edu.pe","Femenino","Ingenieria Industrial","20","Tercero","Si","6","24","2","8","7","4","No","6","120","4","2","6","8","4","Hibrido"
"2022/09/24 1:16:21 p. m. GMT-5","bruce.apaza@utec.edu.pe","Masculino","Ingenieria Industrial","19","Tercero","Si","6","3","2","8","5","6","Si","5","95","5","1","7","7","6","Hibrido"
"2022/09/24 6:54:59 p. m. GMT-5","william.sime@utec.edu.pe","Masculino","Ingenieria Mecatronica","23","Quinto","Si","5","5","2","5","6","5","No","7","90","3","2","4","8","4","Presencial"
"2022/09/24 9:06:12 p. m. GMT-5","cristopher.rojas@utec.edu.pe","Masculino","Ingenieria Mecatronica","17","Segundo","No","6","8","2","6","8","7","No","4","25","3","4","6","8","2","Hibrido"
"2022/09/24 10:54:54 p. m. GMT-5","","Masculino","Ingenieria Industrial","19","Quinto","Si","5","2","2","7","6","6","Si","7","20","2","6","7","6","6","Presencial"
"2022/09/24 10:57:46 p. m. GMT-5","","Masculino","Ingenieria de la Energia","20","Sexto","Si","7","1","4","7","6","7","Si","8","3","3","2","7","5","8","Presencial"
"2022/09/24 11:00:47 p. m. GMT-5","","Masculino","Ingenieria Electronica","20","Quinto","Si","6","2","2","7","5","6","Si","6","20","2","2","6","6","6","Hibrido"
"2022/09/24 11:05:05 p. m. GMT-5","","Masculino","Ingenieria de la Energia","20","Quinto","No","4","3","1","6","6","5","Si","7","40","2","2","7","5","7","Presencial"
"2022/09/24 11:13:03 p. m. GMT-5","","Masculino","Ingenieria Mecanica","21","Sexto","No","5","3","2","7","5","4","Si","6","30","2","1","6","5","7","Presencial"
"2022/09/24 11:14:05 p. m. GMT-5","","Masculino","Ingenieria Ambiental","20","Quinto","Si","5","2","2","7","5","6","Si","7","45","3","2","7","5","7","Presencial"
"2022/09/24 11:15:27 p. m. GMT-5","","Masculino","Ingenieria Mecatronica","20","Sexto","Si","6","3","2","5","7","6","Si","5","35","2","1","7","3","6","Presencial"
"2022/09/24 11:50:35 p. m. GMT-5","","Masculino","Bioingenieria","19","Quinto","No","6","6","2","6","5","6","Si","7","90","8","2","8","6","6","Presencial"
"2022/09/24 11:51:50 p. m. GMT-5","","Masculino","Ciencia de Datos","20","Tercero","Si","5","4","4","7","6","6","Si","7","90","5","4","7","7","5","Presencial"
"2022/09/24 11:53:04 p. m. GMT-5","","Masculino","Ciencia de la Computacion","19","Cuarto","No","4","4","2","7","5","6","Si","7","50","4","2","5","5","6","Presencial"
"2022/09/25 12:08:42 a. m. GMT-5","","Masculino","Ingenieria Civil","20","Cuarto","Si","5","4","2","6","5","5","Si","5","20","3","1","7","5","5","Presencial"
"2022/09/25 12:10:09 a. m. GMT-5","","Masculino","Ingenieria Industrial","22","Sexto","Si","6","2","2","5","6","7","Si","5","45","1","2","7","6","6","Hibrido"
"2022/09/25 12:11:43 a. m. GMT-5","","Masculino","Ingenieria Civil","20","Quinto","No","4","2","3","6","6","6","Si","7","25","2","3","7","5","7","Presencial"
"2022/09/25 3:57:16 p. m. GMT-5","jose.chachi@utec.edu.pe","Masculino","Ciencia de la Computacion","18","Cuarto","No","8","2","3","7","3","6","Si","7","120","2","1","6","6","6","Hibrido"
"2022/09/25 4:49:20 p. m. GMT-5","rafael.solier@utec.edu.pe","Masculino","Ingenieria Electronica","18","Tercero","Si","7","1","3","7","6","6","No","6","60","3","2","7","5","5","Hibrido"
"2022/09/26 1:08:18 a. m. GMT-5","","Masculino","Ingenieria de la Energia","23","Tercero","No","3","8","2","6","7","4","No","8","2","8","2","6","7","7","Hibrido"
"2022/09/26 1:33:53 a. m. GMT-5","","Masculino","Ingenieria de la Energia","23","Tercero","No","3","8","4","6","8","7","Si","7","120","8","4","6","6","7","Hibrido"
"2022/09/26 2:46:33 p. m. GMT-5","","Femenino","Ingenieria Civil","19","Cuarto","No","6","2","2","5","6","3","Si","6","30","3","2","6","6","5","Presencial"
"2022/09/26 10:49:06 p. m. GMT-5","","Masculino","Ciencia de la Computacion","18","Cuarto","Si","6","4","1","7","2","7","Si","6","18","5","3","6","2","8","Hibrido"
"2022/09/26 10:50:57 p. m. GMT-5","","Femenino","Ingenieria Industrial","18","Tercero","No","4","5","1","6","7","7","Si","7","30","7","2","5","6","7","Presencial"
"2022/09/26 10:52:45 p. m. GMT-5","","Masculino","Ciencia de Datos","22","Cuarto","Si","7","2","2","6","6","6","Si","6","30","4","2","6","5","5","Presencial"
"2022/09/26 10:54:15 p. m. GMT-5","","Femenino","Ingenieria Quimica","18","Tercero","No","3","2","2","7","3","6","Si","6","25","2","3","5","4","6","Presencial"
"2022/09/26 10:55:46 p. m. GMT-5","","Femenino","Ingenieria Civil","22","Cuarto","Si","6","4","4","8","4","7","No","6","25","8","2","6","6","5","Hibrido"
"2022/09/26 10:58:49 p. m. GMT-5","","Femenino","Ingenieria Mecatronica","19","Cuarto","No","5","1","1","7","5","6","No","5","15","2","2","6","6","4","Hibrido"
"2022/09/26 11:00:07 p. m. GMT-5","","Femenino","Ingenieria Industrial","19","Cuarto","Si","5","5","1","6","5","5","Si","6","45","3","2","6","6","6","Presencial"
"2022/09/26 11:01:42 p. m. GMT-5","","Femenino","Ingenieria Civil","20","Quinto","Si","6","3","2","5","8","6","Si","5","45","3","3","7","6","6","Hibrido"
"2022/09/26 11:04:30 p. m. GMT-5","","Femenino","Ingenieria Industrial","21","Sexto","No","5","6","1","5","6","5","Si","7","20","4","1","5","6","5","Presencial"
"2022/09/26 11:11:34 p. m. GMT-5","","Masculino","Bioingenieria","22","Cuarto","Si","5","2","1","7","5","6","Si","7","40","2","2","6","6","6","Presencial"
"2022/09/26 11:12:50 p. m. GMT-5","","Femenino","Ingenieria Industrial","21","Quinto","No","5","3","3","7","7","5","Si","6","45","2","2","6","6","6","Presencial"
"2022/09/26 11:13:55 p. m. GMT-5","","Masculino","Ingenieria Mecanica","22","Sexto","Si","5","1","3","7","6","6","No","5","40","2","3","6","6","5","Hibrido"
"2022/09/26 11:15:23 p. m. GMT-5","","Femenino","Ingenieria de la Energia","18","Tercero","No","6","2","1","8","5","6","Si","6","15","3","4","6","6","4","Hibrido"
"2022/09/26 11:16:35 p. m. GMT-5","","Masculino","Ingenieria de la Energia","18","Cuarto","No","3","3","2","6","3","5","Si","5","30","2","5","6","4","6","Presencial"
"2022/09/26 11:39:30 p. m. GMT-5","","Masculino","Ciencia de Datos","20","Tercero","Si","6","5","1","8","6","5","Si","5","35","4","2","6","6","6","Hibrido"
"2022/09/26 11:40:37 p. m. GMT-5","","Masculino","Ingenieria Civil","25","Quinto","Si","5","2","3","7","5","6","No","6","30","3","1","7","5","7","Hibrido"
"2022/09/26 11:41:38 p. m. GMT-5","","Femenino","Ingenieria Mecatronica","19","Segundo","No","5","1","1","8","6","4","No","5","100","2","2","7","6","6","Hibrido"
"2022/09/26 11:42:43 p. m. GMT-5","","Femenino","Ciencia de la Computacion","18","Tercero","No","5","3","3","6","8","5","Si","5","100","3","4","7","5","7","Presencial"
"2022/09/26 11:43:49 p. m. GMT-5","","Femenino","Ingenieria de la Energia","19","Cuarto","Si","7","2","2","8","8","5","No","4","60","2","5","6","7","5","Hibrido"
"2022/09/26 11:45:18 p. m. GMT-5","","Femenino","Bioingenieria","18","Tercero","No","7","4","1","7","5","5","Si","7","45","3","2","7","4","7","Presencial"
"2022/09/26 11:46:24 p. m. GMT-5","","Masculino","Ingenieria Mecanica","20","Quinto","No","5","3","5","7","7","5","Si","7","20","3","2","8","5","5","Presencial"
"2022/09/26 11:47:30 p. m. GMT-5","","Masculino","Ingenieria Ambiental","19","Quinto","Si","7","4","3","8","6","7","Si","6","80","4","4","7","7","6","Hibrido"
"2022/09/26 11:48:41 p. m. GMT-5","","Masculino","Ingenieria Industrial","20","Cuarto","No","5","2","2","7","5","4","Si","5","25","4","2","3","7","5","Hibrido"
"2022/09/27 12:02:26 a. m. GMT-5","","Masculino","Ingenieria de la Energia","18","Cuarto","No","6","1","2","7","6","4","Si","7","25","2","3","7","7","5","Presencial"
"2022/09/27 12:03:35 a. m. GMT-5","","Femenino","Ingenieria Electronica","18","Segundo","No","4","2","3","6","5","5","Si","5","80","3","2","6","5","6","Presencial"
"2022/09/27 12:04:33 a. m. GMT-5","","Masculino","Ingenieria de la Energia","18","Segundo","Si","5","4","3","8","6","7","Si","6","80","4","4","7","5","6","Hibrido"
"2022/09/27 12:05:42 a. m. GMT-5","","Femenino","Ingenieria Ambiental","19","Cuarto","Si","7","30","4","6","7","6","Si","4","1","4","5","7","8","5","Hibrido"
"2022/09/27 12:06:54 a. m. GMT-5","","Femenino","Ingenieria Industrial","20","Tercero","Si","5","3","4","7","7","5","No","6","18","2","4","6","5","6","Hibrido"
"2022/09/27 12:07:59 a. m. GMT-5","","Masculino","Ingenieria Mecatronica","20","Cuarto","No","6","2","3","7","5","6","Si","7","25","2","2","7","5","6","Presencial"
"2022/09/27 12:09:08 a. m. GMT-5","","Masculino","Ingenieria Ambiental","20","Cuarto","Si","5","2","1","6","4","6","No","4","3","4","2","6","8","4","Hibrido"
"2022/09/27 12:10:23 a. m. GMT-5","","Masculino","Ingenieria Civil","18","Tercero","Si","5","1","1","9","7","5","Si","7","25","1","1","9","7","7","Hibrido"
"2022/09/27 12:11:51 a. m. GMT-5","","Masculino","Ingenieria Industrial","18","Tercero","Si","4","1","3","7","4","7","Si","7","40","4","2","9","5","7","Hibrido"
"2022/09/27 12:13:05 a. m. GMT-5","","Femenino","Ingenieria Electronica","21","Tercero","Si","7","4","5","4","6","5","Si","4","4","3","1","7","5","6","Hibrido"
"2022/09/27 12:14:18 a. m. GMT-5","","Femenino","Ciencia de la Computacion","18","Tercero","No","6","3","4","8","6","4","Si","7","40","5","5","5","5","6","Presencial"
"2022/09/27 12:15:30 a. m. GMT-5","","Femenino","Ingenieria Electronica","20","Tercero","Si","7","4","5","5","5","6","Si","5","30","1","1","7","2","7","Hibrido"
"2022/09/27 12:16:43 a. m. GMT-5","","Femenino","Ingenieria Civil","20","Quinto","Si","6","7","5","4","8","5","Si","7","90","4","2","7","7","7","Hibrido"
"2022/09/27 12:17:47 a. m. GMT-5","","Femenino","Ingenieria Civil","21","Cuarto","Si","6","4","2","9","5","6","Si","7","15","4","2","2","6","6","Hibrido"
"2022/09/27 12:18:34 a. m. GMT-5","","Masculino","Ingenieria Electronica","18","Tercero","Si","5","2","4","8","4","6","Si","4","15","2","1","7","7","5","Hibrido"
"2022/09/27 12:19:23 a. m. GMT-5","","Masculino","Ingenieria Industrial","26","Quinto","No","4","4","4","5","7","5","Si","7","15","2","1","7","6","5","Presencial"
"2022/09/27 12:20:49 a. m. GMT-5","","Masculino","Ingenieria Industrial","20","Cuarto","Si","7","1","1","9","6","5","Si","4","40","1","1","7","6","5","Hibrido"
"2022/09/27 12:21:48 a. m. GMT-5","","Masculino","Ingenieria Industrial","18","Tercero","Si","6","1","1","10","4","7","No","5","120","4","4","5","7","5","Hibrido"
"2022/09/27 12:23:05 a. m. GMT-5","","Masculino","Ingenieria Mecanica","20","Cuarto","No","5","1","1","5","7","6","Si","6","20","2","1","6","7","4","Hibrido"
"2022/09/27 12:23:51 a. m. GMT-5","","Femenino","Ciencia de Datos","20","Cuarto","Si","7","2","2","8","5","7","Si","5","25","4","4","6","7","6","Hibrido"
"2022/09/27 12:24:37 a. m. GMT-5","","Femenino","Ingenieria Civil","22","Quinto","No","5","4","4","5","7","5","Si","7","15","2","2","8","6","7","Presencial"
"2022/09/27 12:25:39 a. m. GMT-5","","Femenino","Ingenieria Industrial","20","Quinto","No","4","1","1","8","7","6","No","3","80","2","2","5","6","6","Presencial"
"2022/09/27 12:26:38 a. m. GMT-5","","Masculino","Ingenieria Quimica","19","Quinto","Si","8","1","1","8","5","5","Si","5","20","1","1","7","5","5","Presencial"
"2022/09/27 12:27:38 a. m. GMT-5","","Femenino","Ingenieria Quimica","17","Tercero","Si","5","4","3","5","7","5","Si","7","35","4","1","6","5","7","Presencial"
"2022/09/27 12:28:38 a. m. GMT-5","","Masculino","Ingenieria Electronica","21","Cuarto","Si","7","1","0","7","5","7","Si","5","80","2","2","6","6","5","Hibrido"
"2022/09/27 12:29:58 a. m. GMT-5","","Femenino","Ingenieria de la Energia","21","Cuarto","No","4","2","1","7","5","4","Si","7","40","2","0","7","6","7","Presencial"
"2022/09/27 2:22:01 a. m. GMT-5","","Femenino","Bioingenieria","18","Tercero","Si","8","12","1","5","8","6","Si","8","5","12","1","5","8","6","Hibrido"
"2022/09/27 2:26:31 a. m. GMT-5","","Femenino","Bioingenieria","18","Tercero","Si","8","18","1","5","8","7","Si","7","5","18","1","5","8","8","Hibrido"
"2022/09/27 12:27:30 p. m. GMT-5","","Masculino","Ingenieria Mecanica","20","Cuarto","Si","6","3","0","7","4","7","No","5","40","1","2","7","7","5","Hibrido"
"2022/09/27 12:28:40 p. m. GMT-5","","Masculino","Ingenieria Quimica","20","Cuarto","Si","4","4","0","5","7","5","Si","7","10","2","2","6","7","6","Presencial"
"2022/09/27 12:29:48 p. m. GMT-5","","Masculino","Ingenieria Mecatronica","22","Sexto","No","4","5","1","6","7","4","No","6","15","2","2","6","7","7","Presencial"
"2022/09/27 12:31:03 p. m. GMT-5","","Femenino","Ingenieria Civil","23","Quinto","Si","5","2","1","8","6","6","Si","5","10","2","2","7","6","5","Hibrido"
"2022/09/27 12:32:13 p. m. GMT-5","","Femenino","Ingenieria Industrial","20","Cuarto","Si","5","2","0","8","6","5","Si","6","20","4","2","6","6","5","Presencial"
"2022/09/27 12:33:28 p. m. GMT-5","","Femenino","Bioingenieria","22","Cuarto","Si","6","2","3","5","6","6","Si","5","25","4","0","7","6","7","Presencial"
"2022/09/27 12:34:28 p. m. GMT-5","","Femenino","Ingenieria Civil","22","Sexto","No","4","2","1","8","5","5","Si","5","25","4","0","7","6","7","Hibrido"
"2022/09/27 2:06:07 p. m. GMT-5","","Femenino","Ingenieria Quimica","20","Cuarto","No","6","4","4","6","5","5","Si","6","20","3","3","7","6","7","Hibrido"
"2022/09/27 2:07:15 p. m. GMT-5","","Femenino","Ingenieria Civil","19","Cuarto","Si","5","3","0","8","6","7","Si","5","20","4","2","7","6","7","Hibrido"
"2022/09/27 2:08:43 p. m. GMT-5","","Masculino","Bioingenieria","20","Cuarto","Si","5","3","0","8","5","4","Si","7","40","4","0","7","5","7","Presencial"
"2022/09/27 2:10:00 p. m. GMT-5","","Femenino","Ciencia de la Computacion","22","Cuarto","No","6","2","1","8","6","6","No","4","15","3","0","7","7","5","Presencial"
"2022/09/27 2:11:17 p. m. GMT-5","","Masculino","Ingenieria Ambiental","23","Quinto","No","7","2","4","7","5","6","Si","7","100","1","1","8","6","5","Hibrido"
"2022/09/27 2:12:21 p. m. GMT-5","","Masculino","Ingenieria Mecatronica","20","Cuarto","Si","7","2","2","8","6","7","Si","6","20","2","4","6","5","6","Presencial"
"2022/09/27 2:13:22 p. m. GMT-5","","Masculino","Ingenieria Electronica","21","Tercero","Si","6","4","3","7","5","6","Si","6","90","3","2","7","5","6","Presencial"
"2022/09/27 2:14:35 p. m. GMT-5","","Femenino","Ingenieria Quimica","18","Tercero","No","6","3","2","8","6","7","Si","5","30","2","1","8","6","5","Hibrido"
"2022/09/27 2:15:48 p. m. GMT-5","","Masculino","Ingenieria Industrial","20","Cuarto","Si","6","1","0","9","4","5","Si","8","20","2","2","8","5","7","Hibrido"
"2022/09/27 2:17:04 p. m. GMT-5","","Masculino","Ingenieria Civil","19","Tercero","Si","8","4","2","6","5","6","Si","6","30","4","2","6","2","6","Presencial"
"2022/09/27 3:22:37 p. m. GMT-5","","Femenino","Ingenieria de la Energia","20","Tercero","Si","6","4","0","6","5","6","Si","5","25","4","2","5","4","5","Presencial"
"2022/09/27 3:24:02 p. m. GMT-5","","Femenino","Ingenieria Mecanica","20","Cuarto","No","5","3","1","6","5","6","Si","5","25","2","2","5","5","6","Presencial"
"2022/09/27 3:25:22 p. m. GMT-5","","Masculino","Ingenieria Electronica","20","Cuarto","Si","5","4","0","7","6","7","Si","5","60","4","1","5","6","4","Hibrido"
"2022/09/27 3:26:35 p. m. GMT-5","","Femenino","Ingenieria Ambiental","19","Tercero","Si","6","2","1","9","4","6","No","4","80","2","1","7","6","4","Hibrido"
"2022/09/27 3:28:30 p. m. GMT-5","","Masculino","Ingenieria de la Energia","20","Cuarto","Si","5","4","2","8","4","6","Si","5","20","4","3","5","3","6","Hibrido"
"2022/09/27 3:29:36 p. m. GMT-5","","Masculino","Ingenieria Quimica","21","Quinto","No","5","3","2","6","6","5","Si","5","10","2","2","6","6","6","Presencial"
"2022/09/27 3:31:10 p. m. GMT-5","","Femenino","Bioingenieria","20","Quinto","No","3","4","0","6","6","7","No","4","10","2","0","8","6","7","Presencial"
"2022/09/27 3:32:10 p. m. GMT-5","","Masculino","Ingenieria Industrial","18","Tercero","No","6","4","0","7","5","6","Si","5","20","4","0","6","6","7","Presencial"
"2022/09/27 3:34:56 p. m. GMT-5","","Masculino","Ingenieria de la Energia","18","Tercero","Si","5","4","0","7","5","6","Si","5","15","3","0","7","6","5","Presencial"
"2022/09/27 3:36:09 p. m. GMT-5","","Masculino","Ingenieria Ambiental","20","Cuarto","Si","5","3","0","7","6","5","Si","6","40","3","1","7","5","6","Presencial"
"2022/09/27 3:51:50 p. m. GMT-5","","Masculino","Ingenieria Mecanica","18","Tercero","Si","5","3","0","7","5","5","Si","6","20","1","1","10","4","7","Presencial"
"2022/09/27 3:52:50 p. m. GMT-5","","Masculino","Ciencia de la Computacion","20","Cuarto","Si","6","5","2","5","6","5","Si","4","35","4","4","5","6","5","Hibrido"
"2022/09/27 3:53:56 p. m. GMT-5","","Femenino","Ingenieria Industrial","20","Cuarto","Si","6","4","4","6","4","7","Si","6","20","4","2","7","7","5","Hibrido"
"2022/09/27 3:55:02 p. m. GMT-5","","Femenino","Ingenieria Mecatronica","20","Quinto","Si","4","4","0","8","5","6","Si","6","80","2","0","9","5","6","Hibrido"
"2022/09/27 3:56:26 p. m. GMT-5","","Masculino","Ingenieria de la Energia","18","Cuarto","Si","6","2","2","7","3","4","Si","6","40","2","2","6","3","6","Hibrido"
"2022/09/27 3:57:30 p. m. GMT-5","","Masculino","Ingenieria Industrial","18","Tercero","No","4","4","0","7","5","6","Si","7","12","4","4","6","6","6","Presencial"
"2022/09/27 3:58:45 p. m. GMT-5","","Femenino","Ingenieria Ambiental","19","Cuarto","Si","6","5","2","5","6","7","Si","7","35","4","3","6","5","6","Hibrido"
"2022/09/27 4:03:02 p. m. GMT-5","","Masculino","Ingenieria Civil","20","Tercero","Si","5","2","1","9","4","6","Si","7","30","3","2","7","6","7","Hibrido"
"2022/09/27 4:03:58 p. m. GMT-5","","Masculino","Bioingenieria","19","Cuarto","Si","4","2","4","7","3","4","Si","5","20","2","2","6","4","6","Presencial"
"2022/09/27 4:06:39 p. m. GMT-5","","Masculino","Ingenieria Quimica","20","Quinto","Si","7","4","4","7","4","7","No","4","12","9","2","6","7","4","Hibrido"
"2022/09/27 4:07:46 p. m. GMT-5","","Masculino","Ingenieria Mecanica","19","Cuarto","No","6","2","1","7","6","5","Si","6","26","2","1","7","6","7","Presencial"
"2022/09/27 4:14:52 p. m. GMT-5","","Masculino","Ingenieria Industrial","20","Cuarto","No","7","3","0","7","5","6","Si","7","30","2","2","7","6","7","Presencial"
"2022/09/27 4:15:56 p. m. GMT-5","","Femenino","Bioingenieria","20","Cuarto","Si","5","5","2","6","8","6","No","6","30","4","2","7","6","7","Hibrido"
"2022/09/27 4:17:22 p. m. GMT-5","","Femenino","Ingenieria Quimica","20","Cuarto","Si","5","8","2","6","6","5","Si","5","16","9","1","5","7","5","Hibrido"
"2022/09/27 4:18:16 p. m. GMT-5","","Masculino","Ciencia de Datos","19","Tercero","Si","6","2","2","7","6","5","Si","6","8","2","1","9","4","6","Presencial"
"2022/09/27 4:19:18 p. m. GMT-5","","Masculino","Ciencia de la Computacion","20","Cuarto","No","5","4","2","7","6","6","Si","5","90","3","2","5","6","5","Presencial"
"2022/09/27 4:20:30 p. m. GMT-5","","Masculino","Ingenieria de la Energia","19","Tercero","No","6","2","0","7","4","3","Si","6","25","1","0","8","4","6","Presencial"
"2022/09/27 4:21:37 p. m. GMT-5","","Masculino","Ingenieria Civil","18","Tercero","No","5","4","4","5","4","6","Si","5","15","2","0","5","8","4","Hibrido"
"2022/09/27 4:22:42 p. m. GMT-5","","Masculino","Ingenieria Civil","19","Tercero","Si","7","4","5","7","7","6","Si","7","85","4","3","6","7","5","Hibrido"
"2022/09/27 4:23:49 p. m. GMT-5","","Masculino","Ingenieria Electronica","18","Segundo","No","5","2","2","8","8","4","Si","6","20","2","0","8","6","6","Presencial"
"2022/09/27 4:26:08 p. m. GMT-5","","Femenino","Ciencia de Datos","22","Quinto","No","6","3","2","7","7","5","Si","8","25","2","2","8","4","8","Presencial"
"2022/09/27 4:27:06 p. m. GMT-5","","Femenino","Bioingenieria","20","Cuarto","Si","5","2","4","7","4","8","Si","4","80","1","2","6","7","6","Hibrido"
"2022/09/27 4:28:18 p. m. GMT-5","","Masculino","Ingenieria Quimica","19","Quinto","Si","5","1","1","7","5","7","Si","6","18","1","1","7","6","6","Presencial"
"2022/09/27 4:29:18 p. m. GMT-5","","Femenino","Ingenieria Ambiental","21","Sexto","Si","5","2","2","7","6","6","Si","7","45","3","2","7","5","6","Presencial"
"2022/09/27 4:30:12 p. m. GMT-5","","Masculino","Ingenieria Mecatronica","22","Sexto","Si","5","4","2","5","6","5","Si","6","100","6","0","5","6","5","Hibrido"
"2022/09/27 4:31:01 p. m. GMT-5","","Masculino","Ingenieria Ambiental","19","Tercero","Si","6","2","3","6","6","5","Si","7","20","2","2","7","5","6","Presencial"
"2022/09/27 4:31:52 p. m. GMT-5","","Femenino","Bioingenieria","20","Quinto","No","4","4","2","6","6","5","Si","7","14","3","4","6","5","7","Presencial"
"2022/09/27 5:00:34 p. m. GMT-5","","Femenino","Ingenieria Ambiental","18","Tercero","Si","7","4","4","6","4","6","Si","6","45","4","2","7","4","7","Presencial"
"2022/09/27 5:01:19 p. m. GMT-5","","Masculino","Ingenieria Mecatronica","18","Tercero","Si","4","2","2","7","5","5","Si","6","15","2","2","7","4","6","Hibrido"
"2022/09/27 5:01:58 p. m. GMT-5","","Femenino","Ingenieria Quimica","20","Cuarto","Si","5","4","0","7","6","6","Si","5","15","4","0","6","6","6","Hibrido"
"2022/09/27 5:02:40 p. m. GMT-5","","Femenino","Ciencia de Datos","20","Cuarto","Si","6","2","0","8","5","6","Si","6","10","2","1","7","4","6","Presencial"
"2022/09/28 2:47:45 p. m. GMT-5","","Masculino","Ingenieria Civil","19","Tercero","No","4","8","7","5","8","5","Si","3","30","7","7","5","8","3","Hibrido"