{"chunk_definitions":[{"row":16,"row_count":1,"visible":true,"expansion_state":0,"options":{"engine":"r","label":"setup","include":false},"document_id":"A9E372DA","chunk_id":"csetup_chunk","chunk_label":"setup"},{"row":412,"row_count":1,"visible":true,"expansion_state":0,"options":{"engine":"r","eval":false,"echo":false,"message":false,"warning":false,"label":"unnamed-chunk-9"},"document_id":"A9E372DA","chunk_id":"chxiwykehk7ju","chunk_label":"unnamed-chunk-32"},{"row":451,"row_count":1,"visible":true,"expansion_state":0,"options":{"engine":"r","eval":true,"echo":false,"message":false,"warning":false,"label":"unnamed-chunk-11"},"document_id":"A9E372DA","chunk_id":"c47tms2g84nq7","chunk_label":"unnamed-chunk-33"},{"row":460,"row_count":1,"visible":true,"expansion_state":0,"options":{"engine":"r","label":"unnamed-chunk-1"},"document_id":"A9E372DA","chunk_id":"ckud6z5ie7v7f","chunk_label":"unnamed-chunk-34"},{"row":466,"row_count":1,"visible":true,"expansion_state":0,"options":{"engine":"r","label":"unnamed-chunk-2"},"document_id":"A9E372DA","chunk_id":"cceom9szezpsn","chunk_label":"unnamed-chunk-35"},{"row":469,"row_count":1,"visible":true,"expansion_state":0,"options":{"engine":"r","label":"unnamed-chunk-3"},"document_id":"A9E372DA","chunk_id":"cv6zrthda0ub2","chunk_label":"unnamed-chunk-36"},{"row":485,"row_count":1,"visible":true,"expansion_state":0,"options":{"engine":"r","label":"unnamed-chunk-4"},"document_id":"A9E372DA","chunk_id":"cwpsbdey2r47x","chunk_label":"unnamed-chunk-37"},{"row":491,"row_count":1,"visible":true,"expansion_state":0,"options":{"engine":"r","label":"unnamed-chunk-6"},"document_id":"A9E372DA","chunk_id":"cwi1zaiq9t6m0","chunk_label":"unnamed-chunk-38"}],"doc_write_time":1638552646,"working_dir":null,"default_chunk_options":{"echo":false}}