País;Año;Mes;Pan MIN USD/KG;Papa MIN USD/KG;Papa MAY USD/KG;Arroz MIN USD/Kg;Arroz MAY USD/Kg;Maiz MIN USD/Kg;Maiz MAY USD/Kg;Trigo MIN USD/Kg;Trigo MAY USD/Kg;Moneda nacional a $
Perú;2021;Marzo;1.83;0.46;0.22;1.12;0.61;1.62;0.4;1.34;0.5;3.7
Perú;2021;Febrero;1.86;0.45;0.17;1.13;0.65;1.64;0.42;1.38;0.5;3.64
Perú;2021;Enero;1.87;0.46;0.19;1.13;0.62;1.69;0.41;1.39;0.5;3.6
Perú;2020;Diciembre;1.89;0.45;0.18;1.13;0.62;1.69;0.41;1.4;0.5;3.62
Perú;2020;Noviembre;1.88;0.44;0.14;1.12;0.58;1.67;0.4;1.42;0.5;3.6
Perú;2020;Octubre;1.89;0.45;0.15;1.13;0.57;1.68;0.38;1.53;0.5;3.61
Perú;2020;Setiembre;1.91;0.45;0.17;1.14;0.61;1.72;0.36;1.56;0.5;3.59
Perú;2020;Agosto;1.91;0.46;0.15;1.14;0.62;1.76;0.34;1.51;0.5;3.54
Perú;2020;Julio;1.93;0.47;0.14;1.16;0.63;1.79;0.34;1.54;0.51;3.51
Perú;2020;Junio;1.96;0.49;0.15;1.16;0.65;1.82;0.34;1.47;0.52;3.52
Perú;2020;Mayo;1.99;0.51;0.15;1.18;0.74;1.86;0.36;1.47;0.52;3.42
Perú;2020;Abril;2;0.52;0.2;1.18;0.73;1.85;0.37;1.36;0.52;3.4
Perú;2020;Marzo;1.94;0.52;0.18;1.12;0.64;1.78;0.33;1.32;0.51;3.49
Perú;2020;Febrero;2;0.55;0.19;1.15;0.6;1.81;0.34;1.35;0.52;3.39
Perú;2020;Enero;2.04;0.58;0.23;1.17;0.61;1.84;0.35;1.38;0.53;3.32
Perú;2019;Diciembre;2.02;0.6;0.36;1.16;0.6;1.82;0.34;1.36;0.53;3.36
Perú;2019;Noviembre;2.01;0.6;0.45;1.15;0.61;1.82;0.34;1.35;0.53;3.37
Perú;2019;Octubre;2.02;0.59;0.44;1.16;0.61;1.82;0.35;1.35;0.53;3.36
Perú;2019;Setiembre;2.02;0.59;0.44;1.16;0.61;1.82;0.36;1.35;0.53;3.36
Perú;2019;Agosto;2.01;0.56;0.33;1.15;0.55;1.81;0.36;1.34;0.53;3.37
Perú;2019;Julio;2.05;0.57;0.34;1.17;0.53;1.86;0.37;1.36;0.54;3.29
Perú;2019;Junio;2.03;0.56;0.31;1.15;0.52;1.84;0.37;1.34;0.53;3.33
Perú;2019;Mayo;2.02;0.56;0.28;1.15;0.52;1.83;0.37;1.33;0.53;3.33
Perú;2019;Abril;2.04;0.58;0.35;1.16;0.53;1.85;0.38;1.34;0.54;3.3
Perú;2019;Marzo;2.04;0.57;0.41;1.17;0.54;1.85;0.37;1.34;0.54;3.3
Perú;2019;Febrero;2.03;0.55;0.38;1.16;0.53;1.83;0.36;1.33;0.54;3.42
Perú;2019;Enero;2;0.54;0.36;1.15;0.54;1.82;0.36;1.32;0.53;3.46
Perú;2018;Diciembre;1.99;0.51;0.27;1.14;0.53;1.82;0.36;1.31;0.53;3.36
Perú;2018;Noviembre;1.99;0.51;0.23;1.14;0.53;1.81;0.39;1.31;0.53;3.37
Perú;2018;Octubre;2.01;0.52;0.3;1.15;0.55;1.83;0.39;1.32;0.53;3.35
Perú;2018;Setiembre;2.02;0.5;0.31;1.15;0.56;1.84;0.37;1.32;0.54;3.33
Perú;2018;Agosto;2.04;0.46;0.28;1.16;0.55;1.84;0.39;1.33;0.54;3.31
Perú;2018;Julio;2.03;0.46;0.23;1.17;0.56;1.83;0.43;1.33;0.56;3.29
Perú;2018;Junio;2.03;0.46;0.22;1.17;0.56;1.83;0.42;1.33;0.54;3.28
Perú;2018;Mayo;2.03;0.45;0.23;1.17;0.56;1.79;0.36;1.33;0.54;3.27
Perú;2018;Abril;2.06;0.46;0.22;1.2;0.57;1.8;0.33;1.34;0.54;3.27
Perú;2018;Marzo;2.04;0.44;0.22;1.2;0.58;1.78;0.32;1.33;0.54;3.25
Perú;2018;Febrero;2.04;0.44;0.17;1.22;0.61;1.78;0.31;1.33;0.54;3.25
Perú;2018;Enero;2.06;0.44;0.13;1.23;0.62;1.79;0.34;1.34;0.55;3.22
Perú;2017;Diciembre;2.05;0.44;0.13;1.23;0.62;1.74;0.35;1.33;0.55;3.25
Perú;2017;Noviembre;2.05;0.44;0.16;1.23;0.63;1.73;0.36;1.33;0.56;3.24
Perú;2017;Octubre;2.03;0.45;0.15;1.23;0.64;1.74;0.38;1.34;0.55;3.25
Perú;2017;Setiembre;2.03;0.48;0.17;1.23;0.66;1.74;0.36;1.34;0.56;3.25
Perú;2017;Agosto;2.04;0.5;0.19;1.23;0.68;1.73;0.37;1.34;0.56;3.24
Perú;2017;Julio;2.03;0.5;0.21;1.23;0.66;1.71;0.37;1.34;0.55;3.25
Perú;2017;Junio;2.02;0.52;0.2;1.23;0.7;1.68;0.39;1.33;0.53;3.27
Perú;2017;Mayo;2.02;0.54;0.21;1.22;0.72;1.66;0.38;1.33;0.53;3.27
Perú;2017;Abril;2.02;0.56;0.19;1.23;0.73;1.64;0.39;1.33;0.53;3.25
Perú;2017;Marzo;2.01;0.63;0.25;1.23;0.71;1.58;0.38;1.33;0.53;3.27
Perú;2017;Febrero;2.02;0.65;0.29;1.23;0.69;1.56;0.39;1.33;0.53;3.26
Perú;2017;Enero;1.97;0.69;0.3;1.19;0.67;1.48;0.41;1.29;0.52;3.34
Perú;2016;Diciembre;1.94;0.73;0.42;1.16;0.66;1.4;0.4;1.26;0.51;3.4
Perú;2016;Noviembre;1.94;0.73;0.41;1.16;0.63;1.39;0.41;1.26;0.5;3.4
Perú;2016;Octubre;1.94;0.76;0.47;1.14;0.63;1.4;0.42;1.26;0.5;3.39
Perú;2016;Setiembre;1.94;0.7;0.53;1.14;0.63;1.4;0.42;1.26;0.51;3.38
Perú;2016;Agosto;1.97;0.59;0.36;1.16;0.62;1.41;0.43;1.27;0.52;3.33
Perú;2016;Julio;1.99;0.55;0.35;1.17;0.63;1.42;0.44;1.27;0.52;3.3
Perú;2016;Junio;1.98;0.5;0.25;1.16;0.62;1.41;0.43;1.26;0.52;3.32
Perú;2016;Mayo;1.97;0.5;0.21;1.15;0.61;1.4;0.43;1.24;0.52;3.33
Perú;2016;Abril;1.98;0.52;0.22;1.16;0.61;1.41;0.4;1.25;0.52;3.3
Perú;2016;Marzo;1.92;0.6;0.26;1.12;0.6;1.36;0.35;1.2;0.51;3.42
Perú;2016;Febrero;1.87;0.7;0.42;1.09;0.59;1.31;0.33;1.17;0.49;3.51
Perú;2016;Enero;1.9;0.78;0.49;1.11;0.61;1.33;0.34;1.18;0.5;3.44
Perú;2015;Diciembre;1.93;0.74;0.54;1.13;0.62;1.35;0.33;1.19;0.51;3.38
Perú;2015;Noviembre;1.96;0.65;0.51;1.14;0.63;1.37;0.34;1.2;0.51;3.33
Perú;2015;Octubre;2.01;0.53;0.37;1.17;0.64;1.42;0.35;1.22;0.54;3.29
Perú;2015;Setiembre;2.03;0.48;0.28;1.17;0.64;1.44;0.37;1.24;0.54;3.24
Perú;2015;Agosto;2.02;0.47;0.23;1.16;0.63;1.46;0.36;1.23;0.54;3.26
Perú;2015;Julio;2.05;0.47;0.22;1.18;0.64;1.49;0.38;1.25;0.55;3.19
Perú;2015;Junio;2.07;0.49;0.19;1.17;0.64;1.51;0.38;1.25;0.55;3.17
Perú;2015;Mayo;2.07;0.53;0.2;1.17;0.64;1.51;0.39;1.25;0.56;3.16
Perú;2015;Abril;2.09;0.59;0.26;1.18;0.67;1.53;0.39;1.27;0.56;3.12
Perú;2015;Marzo;2.11;0.61;0.36;1.19;0.68;1.54;0.38;1.28;0.57;3.1
Perú;2015;Febrero;2.12;0.58;0.37;1.19;0.69;1.55;0.38;1.28;0.57;3.1
Perú;2015;Enero;2.17;0.57;0.34;1.21;0.71;1.59;0.41;1.31;0.59;3.06
Perú;2014;Diciembre;2.2;0.48;0.26;1.23;0.72;1.61;0.43;1.33;0.59;2.99
Perú;2014;Noviembre;2.23;0.46;0.21;1.24;0.73;1.63;0.44;1.34;0.61;2.92
Perú;2014;Octubre;2.24;0.47;0.22;1.25;0.73;1.65;0.45;1.35;0.61;2.92
Perú;2014;Setiembre;2.27;0.47;0.17;1.26;0.72;1.68;0.43;1.37;0.62;2.89
Perú;2014;Agosto;2.31;0.5;0.2;1.28;0.72;1.71;0.45;1.39;0.63;2.84
Perú;2014;Julio;2.33;0.52;0.24;1.29;0.73;1.72;0.45;1.4;0.64;2.8
Perú;2014;Junio;2.33;0.53;0.29;1.29;0.73;1.71;0.45;1.4;0.64;2.79
Perú;2014;Mayo;2.33;0.52;0.29;1.29;0.74;1.71;0.43;1.4;0.64;2.77
Perú;2014;Abril;2.32;0.49;0.27;1.28;0.74;1.71;0.4;1.4;0.64;2.81
Perú;2014;Marzo;2.31;0.48;0.26;1.27;0.74;1.7;0.38;1.39;0.64;2.81
Perú;2014;Febrero;2.3;0.47;0.22;1.26;0.7;1.7;0.36;1.38;0.64;2.8
Perú;2014;Enero;2.3;0.48;0.17;1.24;0.69;1.7;0.36;1.38;0.64;2.82
Perú;2013;Diciembre;2.32;0.52;0.2;1.25;0.69;1.71;0.37;1.39;0.65;2.8
Perú;2013;Noviembre;2.31;0.58;0.25;1.24;0.68;1.7;0.4;1.38;0.65;2.81
Perú;2013;Octubre;2.32;0.66;0.36;1.25;0.64;1.72;0.42;1.39;0.66;2.77
Perú;2013;Setiembre;2.31;0.71;0.44;1.22;0.62;1.7;0.44;1.39;0.64;2.78
Perú;2013;Agosto;2.29;0.67;0.46;1.21;0.59;1.68;0.44;1.38;0.64;2.81
Perú;2013;Julio;2.31;0.64;0.44;1.21;0.57;1.7;0.44;1.38;0.64;2.79
Perú;2013;Junio;2.33;0.51;0.34;1.23;0.56;1.72;0.43;1.4;0.64;2.78
Perú;2013;Mayo;2.42;0.53;0.28;1.27;0.57;1.78;0.43;1.45;0.67;2.74
Perú;2013;Abril;2.46;0.53;0.24;1.29;0.6;1.79;0.42;1.48;0.67;2.65
Perú;2013;Marzo;2.47;0.54;0.27;1.31;0.61;1.79;0.41;1.48;0.68;2.59
Perú;2013;Febrero;2.48;0.56;0.29;1.32;0.61;1.79;0.43;1.49;0.69;2.59
Perú;2013;Enero;2.51;0.58;0.34;1.36;0.63;1.84;0.43;1.49;0.7;2.58
Perú;2012;Diciembre;2.49;0.55;0.32;1.39;0.64;1.85;0.42;1.48;0.7;2.55
Perú;2012;Noviembre;2.46;0.54;0.3;1.37;0.65;1.85;0.45;1.46;0.7;2.58
Perú;2012;Octubre;2.47;0.53;0.3;1.41;0.64;1.91;0.45;1.47;0.7;2.59
Perú;2012;Setiembre;2.44;0.53;0.29;1.43;0.61;1.89;0.44;1.47;0.66;2.6
Perú;2012;Agosto;2.42;0.49;0.23;1.42;0.6;1.95;0.42;1.46;0.65;2.61
Perú;2012;Julio;2.38;0.5;0.24;1.4;0.57;2.01;0.38;1.43;0.63;2.63
Perú;2012;Junio;2.35;0.5;0.23;1.37;0.54;2;0.38;1.41;0.61;2.67
Perú;2012;Mayo;2.35;0.51;0.23;1.37;0.52;1.81;0.38;1.41;0.61;2.7
Perú;2012;Abril;2.35;0.53;0.27;1.38;0.58;1.6;0.38;1.42;0.61;2.64
Perú;2012;Marzo;2.34;0.53;0.29;1.37;0.66;1.54;0.35;1.41;0.61;2.67
Perú;2012;Febrero;2.33;0.53;0.33;1.37;0.68;1.49;0.37;1.39;0.61;2.68
Perú;2012;Enero;2.31;0.5;0.26;1.37;0.71;1.46;0.38;1.4;0.64;2.69
Perú;2011;Diciembre;2.31;0.51;0.29;1.39;0.72;1.44;0.4;1.4;0.65;2.7
Perú;2011;Noviembre;2.3;0.5;0.31;1.39;0.71;1.42;0.43;1.39;0.66;2.71
Perú;2011;Octubre;2.28;0.47;0.29;1.38;0.7;1.4;0.45;1.37;0.66;2.71
Perú;2011;Setiembre;2.27;0.44;0.26;1.37;0.73;1.39;0.45;1.36;0.65;2.77
Perú;2011;Agosto;2.27;0.44;0.23;1.37;0.73;1.39;0.45;1.36;0.65;2.73
Perú;2011;Julio;2.27;0.45;0.25;1.37;0.7;1.4;0.46;1.35;0.66;2.73
Perú;2011;Junio;2.25;0.44;0.26;1.35;0.66;1.37;0.46;1.33;0.65;2.76
Perú;2011;Mayo;2.24;0.44;0.23;1.34;0.67;1.34;0.46;1.33;0.65;2.74
Perú;2011;Abril;2.18;0.42;0.23;1.3;0.74;1.31;0.44;1.3;0.64;2.83
Perú;2011;Marzo;2.19;0.44;0.21;1.27;0.74;1.32;0.4;1.32;0.65;2.81
Perú;2011;Febrero;2.18;0.45;0.24;1.26;0.7;1.32;0.39;1.31;0.66;2.78
Perú;2011;Enero;2.05;0.46;0.2;1.25;0.71;1.31;0.39;1.29;0.63;2.78
Perú;2010;Diciembre;2.09;0.49;0.2;1.22;0.63;1.3;0.39;1.27;0.59;2.81
Perú;2010;Noviembre;2.1;0.52;0.24;1.22;0.61;1.3;0.41;1.28;0.6;2.82
Perú;2010;Octubre;2.11;0.53;0.26;1.24;0.54;1.33;0.42;1.28;0.6;2.8
Perú;2010;Setiembre;2.1;0.57;0.33;1.23;0.52;1.34;0.39;1.29;0.58;2.79
Perú;2010;Agosto;2.08;0.56;0.37;1.23;0.52;1.34;0.36;1.28;0.55;2.8
Perú;2010;Julio;2.07;0.46;0.38;1.23;0.44;1.33;0.34;1.28;0.52;2.82
Perú;2010;Junio;2.06;0.42;0.28;1.23;0.42;1.33;0.35;1.27;0.52;2.82
Perú;2010;Mayo;2.05;0.41;0.24;1.22;0.43;1.33;0.34;1.27;0.53;2.87
Perú;2010;Abril;2.06;0.41;0.23;1.23;0.44;1.33;0.33;1.27;0.54;2.85
Perú;2010;Marzo;2.06;0.41;0.22;1.21;0.48;1.34;0.32;1.27;0.55;2.84
Perú;2010;Febrero;2.05;0.4;0.24;1.19;0.49;1.32;0.32;1.25;0.55;2.83
Perú;2010;Enero;2.04;0.4;0.22;1.2;0.49;1.31;0.32;1.25;0.55;2.88
Perú;2009;Diciembre;2.03;0.39;0.22;1.14;0.46;1.32;0.32;1.25;0.54;2.89
Perú;2009;Noviembre;2.02;0.38;0.19;1.19;0.46;1.32;0.32;1.25;0.54;2.88
Perú;2009;Octubre;2.03;0.41;0.19;1.2;0.44;1.33;0.32;1.26;0.55;2.89
Perú;2009;Setiembre;2.01;0.41;0.23;1.2;0.41;1.33;0.32;1.23;0.54;2.89
Perú;2009;Agosto;1.98;0.4;0.22;1.2;0.41;1.32;0.32;1.22;0.55;2.94
Perú;2009;Julio;1.94;0.4;0.21;1.2;0.4;1.3;0.33;1.19;0.54;2.99
Perú;2009;Junio;1.96;0.42;0.21;1.23;0.39;1.32;0.34;1.2;0.55;3
Perú;2009;Mayo;1.95;0.45;0.23;1.25;0.4;1.31;0.32;1.2;0.55;3
Perú;2009;Abril;1.89;0.48;0.28;1.24;0.41;1.26;0.29;1.17;0.53;3.04
Perú;2009;Marzo;1.84;0.47;0.29;1.23;0.38;1.23;0.26;1.12;0.52;3.14
Perú;2009;Febrero;1.82;0.46;0.29;1.25;0.42;1.2;0.27;1.11;0.53;3.25
Perú;2009;Enero;1.88;0.5;0.32;1.29;0.49;1.22;0.28;1.14;0.57;3.19
Perú;2008;Diciembre;1.9;0.48;0.34;1.31;0.52;1.25;0.3;1.15;0.62;3.14
Perú;2008;Noviembre;1.91;0.49;0.31;1.32;0.64;1.23;0.33;1.16;0.63;3.11
Perú;2008;Octubre;1.93;0.47;0.34;1.32;0.64;1.23;0.36;1.18;0.65;3.06
Perú;2008;Setiembre;2;0.43;0.32;1.36;0.66;1.25;0.37;1.22;0.71;2.97
Perú;2008;Agosto;2.05;0.4;0.27;1.37;0.72;1.24;0.38;1.25;0.71;2.96
Perú;2008;Julio;2.08;0.4;0.27;1.36;0.73;1.22;0.38;1.27;0.72;2.83
Perú;2008;Junio;2.05;0.35;0.24;1.3;0.7;1.17;0.36;1.27;0.71;2.96
Perú;2008;Mayo;2.11;0.35;0.21;1.27;0.69;1.16;0.35;1.29;0.77;2.86
Perú;2008;Abril;2.15;0.36;0.2;1.21;0.59;1.17;0.35;1.33;0.81;2.82
Perú;2008;Marzo;2.09;0.37;0.21;1.16;0.62;1.13;0.34;1.28;0.78;2.76
Perú;2008;Febrero;2.02;0.35;0.22;1.11;0.61;1.07;0.33;1.22;0.73;2.89
Perú;2008;Enero;1.99;0.33;0.17;1.09;0.68;1.04;0.33;1.18;0.71;2.94
Perú;2007;Diciembre;1.97;0.32;0.16;1.05;0.72;1.02;0.34;1.16;0.69;2.99
Perú;2007;Noviembre;1.96;0.32;0.15;1.02;0.62;1.02;0.33;1.11;0.68;3
Perú;2007;Octubre;1.93;0.32;0.14;1;0.6;1.01;0.33;1.07;0.67;3.01
Perú;2007;Setiembre;1.74;0.33;0.16;0.93;0.57;0.97;0.31;0.99;0.58;3.08
Perú;2007;Agosto;1.67;0.34;0.19;0.91;0.52;0.97;0.27;0.98;0.52;3.17
Perú;2007;Julio;1.65;0.34;0.22;0.9;0.5;0.96;0.27;0.96;0.52;3.16
Perú;2007;Junio;1.58;0.33;0.2;0.9;0.45;0.96;0.28;0.94;0.46;3.17
Perú;2007;Mayo;1.57;0.33;0.21;0.9;0.44;0.94;0.29;0.94;0.46;3.18
Perú;2007;Abril;1.57;0.33;0.2;0.9;0.45;0.88;0.29;0.93;0.45;3.18
Perú;2007;Marzo;1.56;0.33;0.2;0.9;0.44;0.79;0.28;0.93;0.45;3.19
Perú;2007;Febrero;1.56;0.33;0.18;0.9;0.43;0.78;0.26;0.93;0.45;3.19
Perú;2007;Enero;1.56;0.33;0.17;0.9;0.43;0.78;0.27;0.93;0.44;3.2
Perú;2006;Diciembre;1.54;0.32;0.19;0.9;0.42;0.79;0.26;0.92;0.44;3.19
Perú;2006;Noviembre;1.52;0.32;0.18;0.9;0.38;0.77;0.24;0.92;0.42;3.22
Perú;2006;Octubre;1.51;0.33;0.19;0.9;0.39;0.77;0.23;0.91;0.4;3.22
Perú;2006;Setiembre;1.51;0.33;0.22;0.89;0.35;0.76;0.23;0.91;0.4;3.25
Perú;2006;Agosto;1.51;0.32;0.19;0.89;0.33;0.76;0.23;0.91;0.4;3.24
Perú;2006;Julio;1.51;0.31;0.17;0.9;0.34;0.76;0.24;0.91;0.39;3.22
Perú;2006;Junio;1.5;0.32;0.17;0.91;0.35;0.76;0.24;0.9;0.38;3.26
Perú;2006;Mayo;1.49;0.34;0.17;0.91;0.36;0.75;0.22;0.9;0.38;3.29
Perú;2006;Abril;1.46;0.36;0.21;0.92;0.35;0.74;;0.89;0.37;3.31
Perú;2006;Marzo;1.43;0.36;0.24;0.93;0.34;0.73;;0.89;;3.34
Perú;2006;Febrero;1.45;0.36;0.26;0.95;0.36;0.74;;0.9;;3.28
Perú;2006;Enero;1.4;0.31;0.21;0.93;0.35;0.71;;0.87;;3.32
Perú;2005;Diciembre;1.39;0.28;0.17;0.93;0.38;0.7;;0.86;;3.43
Perú;2005;Noviembre;1.42;0.28;0.17;0.95;0.35;0.7;;0.88;;3.42
Perú;2005;Octubre;1.41;0.27;0.16;0.95;0.35;0.7;;0.88;;3.38
Perú;2005;Setiembre;1.45;0.27;0.17;0.97;0.35;0.71;;0.89;;3.34
Perú;2005;Agosto;1.47;0.26;0.16;0.99;0.37;0.72;;0.91;;3.29
Perú;2005;Julio;1.47;0.26;0.15;1;0.38;0.73;;0.91;;3.25
Perú;2005;Junio;1.47;0.25;0.15;1;0.36;0.72;;0.91;;3.25
Perú;2005;Mayo;1.47;0.25;0.14;1;0.36;0.7;;0.91;;3.25
Perú;2005;Abril;1.47;0.24;0.12;1.01;0.43;0.7;;0.91;;3.26
Perú;2005;Marzo;1.47;0.24;0.11;1;0.47;0.69;;0.91;;3.26
Perú;2005;Febrero;1.47;0.25;0.12;1;0.5;0.7;;0.91;;3.26
Perú;2005;Enero;1.46;0.24;0.09;1;0.61;0.71;;0.91;;3.26
Perú;2004;Diciembre;1.46;0.26;0.1;1;0.64;0.7;;0.9;;3.29
Perú;2004;Noviembre;1.44;0.27;0.11;1;0.62;0.69;;0.9;;3.3
Perú;2004;Octubre;1.44;0.28;0.14;1;0.6;0.69;;0.91;;3.33
Perú;2004;Setiembre;1.42;0.29;0.17;0.98;0.55;0.67;;0.89;;3.34
Perú;2004;Agosto;1.41;0.3;0.19;0.97;0.53;0.65;;0.88;;3.36
Perú;2004;Julio;1.39;0.28;0.17;0.96;0.51;0.65;;0.87;;3.42
Perú;2004;Junio;1.37;0.28;0.17;0.95;0.51;0.65;;0.85;;3.47
Perú;2004;Mayo;1.36;0.28;0.15;0.94;0.5;0.64;;0.84;;3.49
Perú;2004;Abril;1.37;0.29;0.17;0.93;0.5;0.65;;0.84;;3.49
Perú;2004;Marzo;1.38;0.31;0.18;0.92;0.52;0.63;;0.83;;3.46
Perú;2004;Febrero;1.38;0.32;0.21;0.91;0.44;0.62;;0.83;;3.47
Perú;2004;Enero;1.32;0.33;0.22;0.91;0.44;0.62;;0.83;;3.49
Perú;2003;Diciembre;1.2;0.31;0.21;0.89;;0.61;;0.82;;3.48
Perú;2003;Noviembre;1.2;0.28;0.18;0.87;;0.62;;0.81;;3.48
Perú;2003;Octubre;1.2;0.29;0.18;0.86;;0.65;;0.81;;3.47
Perú;2003;Setiembre;1.2;0.28;0.18;0.86;;0.7;;0.81;;3.48
Perú;2003;Agosto;1.19;0.28;0.19;0.88;;0.71;;0.79;;3.48
Perú;2003;Julio;1.2;0.26;0.16;0.87;;0.72;;0.78;;3.48
Perú;2003;Junio;1.19;0.27;0.14;0.88;;0.72;;0.78;;3.47
Perú;2003;Mayo;1.19;0.29;0.18;0.89;;0.72;;0.78;;3.49
Perú;2003;Abril;1.2;0.31;0.2;0.89;;0.75;;0.78;;3.46
Perú;2003;Marzo;1.19;0.31;0.22;0.9;;0.75;;0.78;;3.48
Perú;2003;Febrero;1.2;0.29;0.21;0.91;;0.77;;0.78;;3.48
Perú;2003;Enero;1.2;0.24;0.14;0.91;;0.77;;0.78;;3.5
Perú;2002;Diciembre;1.2;0.22;0.11;0.92;;0.75;;0.77;;3.52
Perú;2002;Noviembre;1.2;0.2;0.1;0.92;;0.77;;0.75;;3.51
Perú;2002;Octubre;1.23;0.2;0.09;0.93;;0.75;;0.75;;3.6
Perú;2002;Setiembre;1.16;0.2;0.08;0.93;;0.78;;0.73;;3.64
Perú;2002;Agosto;1.03;0.22;0.1;0.95;;0.8;;0.73;;3.63
Perú;2002;Julio;1.04;0.22;0.11;0.96;;0.82;;0.74;;3.53
Perú;2002;Junio;1.05;0.22;0.11;0.98;;0.82;;0.75;;3.5
Perú;2002;Mayo;1.06;0.23;0.11;0.99;;0.82;;0.76;;3.47
Perú;2002;Abril;1.07;0.23;0.1;0.99;;0.81;;0.76;;3.44
Perú;2002;Marzo;1.06;0.23;0.1;0.99;;0.8;;0.75;;3.44
Perú;2002;Febrero;1.06;0.24;0.11;1;;0.79;;0.75;;3.47
Perú;2002;Enero;1.06;0.24;0.1;1.02;;0.78;;0.76;;3.47
Perú;2001;Diciembre;1.07;0.25;0.1;1.02;;0.77;;0.76;;3.44
Perú;2001;Noviembre;1.07;0.27;0.13;1.02;;0.76;;0.76;;3.43
Perú;2001;Octubre;1.06;0.28;0.17;1.02;;0.75;;0.75;;3.44
Perú;2001;Setiembre;1.05;0.28;0.17;0.98;;0.74;;0.75;;3.49
Perú;2001;Agosto;1.05;0.28;0.19;0.95;;0.75;;0.75;;3.48
Perú;2001;Julio;1.05;0.28;0.19;0.95;;0.75;;0.75;;3.49
Perú;2001;Junio;1.04;0.27;0.17;0.93;;0.74;;0.73;;3.51
Perú;2001;Mayo;1.02;0.27;0.16;0.92;;0.73;;0.72;;3.62
Perú;2001;Abril;1.03;0.28;0.17;0.92;;0.73;;0.72;;3.59
Perú;2001;Marzo;1.04;0.3;0.2;0.93;;0.74;;0.73;;3.52
Perú;2001;Febrero;1.04;0.3;0.22;0.93;;0.75;;0.74;;3.52
Perú;2001;Enero;1.04;0.3;0.21;0.94;;0.74;;0.73;;3.54
Perú;2000;Diciembre;1.04;0.26;;0.94;;0.74;;0.73;;3.53
Perú;2000;Noviembre;1.04;0.26;;0.94;;0.75;;0.71;;3.53
Perú;2000;Octubre;1.05;0.29;;0.95;;0.77;;0.72;;3.51
Perú;2000;Setiembre;1.05;0.28;;0.95;;0.79;;0.72;;3.51
Perú;2000;Agosto;1.05;0.23;;0.93;;0.83;;0.72;;3.47
Perú;2000;Julio;1.05;0.22;;0.93;;0.83;;0.71;;3.47
Perú;2000;Junio;1.05;0.21;;0.9;;0.83;;0.69;;3.49
Perú;2000;Mayo;1.05;0.22;;0.89;;0.82;;0.69;;3.51
Perú;2000;Abril;1.05;0.23;;0.9;;0.83;;0.69;;3.48
Perú;2000;Marzo;1.07;0.23;;0.91;;0.84;;0.7;;3.49
Perú;2000;Febrero;1.06;0.23;;0.9;;0.83;;0.75;;3.45
Perú;2000;Enero;1.05;0.23;;0.89;;0.82;;0.79;;3.49
Argentina;2021;Marzo;1.73;0.61;0.51;0.93;0.9;0.3;0.2;0.5;0.21;91.98
Argentina;2021;Febrero;1.7;0.67;0.51;0.92;0.88;0.3;0.2;0.51;0.21;89.82
Argentina;2021;Enero;1.69;0.69;0.45;0.95;0.89;0.27;0.2;0.51;0.22;87.3
Argentina;2020;Diciembre;1.7;0.74;0.47;0.99;0.89;0.29;0.2;0.51;0.22;84.08
Argentina;2020;Noviembre;1.73;0.72;0.46;1.01;0.99;0.35;0.2;0.57;0.22;81.3
Argentina;2020;Octubre;1.7;0.63;0.45;1.04;1.02;0.34;0.19;0.61;0.23;78.32
Argentina;2020;Setiembre;1.69;0.49;0.49;1.01;0.91;0.34;0.16;0.61;0.22;76.17
Argentina;2020;Agosto;1.6;0.52;0.58;1.01;0.81;0.34;0.14;0.63;0.21;74
Argentina;2020;Julio;1.63;0.51;0.65;1.02;0.78;0.32;0.13;0.64;0.21;72.31
Argentina;2020;Junio;1.67;0.49;0.57;1.04;0.86;0.29;0.12;0.64;0.21;70
Argentina;2020;Mayo;1.68;0.51;0.48;1.04;0.85;0.29;0.12;0.65;0.21;68
Argentina;2020;Abril;1.77;0.56;0.53;1.07;0.83;0.3;0.13;0.66;0.21;66.77
Argentina;2020;Marzo;1.84;0.52;0.41;1.07;0.91;0.3;0.14;0.69;0.21;64
Argentina;2020;Febrero;1.84;0.54;0.4;1.08;0.8;0.31;0.15;0.71;0.21;62.12
Argentina;2020;Enero;1.85;0.52;0.4;1.06;0.88;0.27;0.15;0.7;0.2;60.27
Argentina;2019;Diciembre;1.8;0.46;0.35;0.96;0.93;0.26;0.15;0.67;0.18;59.86
Argentina;2019;Noviembre;1.78;0.47;0.36;0.92;0.92;0.36;0.15;0.66;0.19;59.91
Argentina;2019;Octubre;1.72;0.47;0.37;0.86;0.86;0.4;0.13;0.66;0.22;59.56
Argentina;2019;Setiembre;1.75;0.5;0.3;0.88;0.88;0.39;0.13;0.68;0.21;57.59
Argentina;2019;Agosto;1.75;0.48;0.35;0.92;0.83;0.37;0.13;0.68;0.21;59
Argentina;2019;Julio;2.08;0.57;0.33;1.08;0.8;0.34;0.15;0.82;0.22;44
Argentina;2019;Junio;2;0.52;0.33;1.04;0.87;0.31;0.15;0.78;0.22;42.47
Argentina;2019;Mayo;1.87;0.47;0.38;0.99;0.86;0.29;0.14;0.74;0.2;45
Argentina;2019;Abril;1.89;0.48;0.39;0.98;0.89;0.3;0.13;0.73;0.19;44
Argentina;2019;Marzo;1.93;0.51;0.4;0.99;0.88;0.25;0.14;0.76;0.2;43
Argentina;2019;Febrero;2;0.53;0.37;1.06;0.88;0.24;0.14;0.81;0.2;39
Argentina;2019;Enero;2.01;0.6;0.4;1.05;0.94;0.24;0.15;0.82;0.21;37
Argentina;2018;Diciembre;1.94;0.62;0.4;1.02;0.97;0.25;0.15;0.8;0.2;38
Argentina;2018;Noviembre;1.99;0.79;0.41;1.03;0.89;0.26;0.13;0.83;0.2;38
Argentina;2018;Octubre;1.94;0.59;0.4;0.96;0.89;0.25;0.14;0.79;0.23;35.89
Argentina;2018;Setiembre;1.74;0.42;0.42;0.87;0.84;0.25;0.14;0.7;0.22;41.28
Argentina;2018;Agosto;1.91;0.53;0.49;0.95;0.79;0.25;0.16;0.8;0.24;36.8
Argentina;2018;Julio;2.07;0.57;0.49;0.97;0.84;0.27;0.16;0.85;0.24;27
Argentina;2018;Junio;2.08;0.58;0.5;0.98;0.88;0.27;0.16;0.79;0.24;29
Argentina;2018;Mayo;2.1;0.66;0.5;1.04;0.88;0.28;0.18;0.71;0.26;25
Argentina;2018;Abril;2.26;0.76;0.53;1.2;0.96;0.25;0.18;0.63;0.23;21
Argentina;2018;Marzo;2.19;0.77;0.47;1.18;0.99;0.25;0.17;0.59;0.2;20.11
Argentina;2018;Febrero;2.15;0.84;0.44;1.17;1;0.24;0.16;0.59;0.18;20.11
Argentina;2018;Enero;2.17;0.93;0.41;1.2;1;0.24;0.15;0.59;0.17;19.63
Argentina;2017;Diciembre;2.29;1.05;0.42;1.25;0.98;0.22;0.15;0.62;0.16;19
Argentina;2017;Noviembre;2.3;1.07;0.37;1.24;0.89;0.23;0.14;0.62;0.17;17.3
Argentina;2017;Octubre;2.28;0.88;0.39;1.24;0.84;0.32;0.14;0.61;0.17;17.63
Argentina;2017;Setiembre;2.3;0.83;0.37;1.25;0.85;0.36;0.14;0.62;0.16;17
Argentina;2017;Agosto;2.26;0.82;0.41;1.22;0.84;0.4;0.14;0.61;0.17;17.32
Argentina;2017;Julio;2.27;0.84;0.49;1.23;0.81;0.35;0.14;0.62;0.18;17.64
Argentina;2017;Junio;2.4;0.86;0.42;1.3;0.82;0.33;0.14;0.66;0.17;17
Argentina;2017;Mayo;2.43;0.94;0.39;1.3;0.87;0.29;0.15;0.67;0.17;16
Argentina;2017;Abril;2.49;0.96;0.38;1.32;0.87;0.26;0.15;0.68;0.17;15
Argentina;2017;Marzo;2.42;0.9;0.37;1.3;0.89;0.27;0.15;0.68;0.17;15
Argentina;2017;Febrero;2.28;0.88;0.34;1.28;0.95;0.22;0.16;0.67;0.17;15.47
Argentina;2017;Enero;2.19;0.78;0.29;1.23;0.94;0.21;0.17;0.66;0.16;16
Argentina;2016;Diciembre;2.18;0.74;0.28;1.24;0.92;0.21;0.17;0.66;0.15;16
Argentina;2016;Noviembre;2.21;0.77;0.28;1.23;0.88;0.24;0.17;0.68;0.15;16
Argentina;2016;Octubre;2.24;0.83;0.33;1.22;0.88;0.25;0.17;0.69;0.15;15.14
Argentina;2016;Setiembre;2.27;0.79;0.42;1.2;0.84;0.26;0.16;0.69;0.15;15
Argentina;2016;Agosto;2.29;0.79;0.45;1.16;0.84;0.25;0.16;0.68;0.16;15
Argentina;2016;Julio;2.22;0.8;0.43;1.13;0.89;0.23;0.18;0.64;0.18;15
Argentina;2016;Junio;2.3;0.78;0.44;1.17;0.87;0.22;0.19;0.65;0.19;15
Argentina;2016;Mayo;2.18;0.67;0.43;1.16;0.9;0.22;0.18;0.61;0.18;14
Argentina;2016;Abril;2.07;0.64;0.45;1.13;0.94;0.21;0.17;0.57;0.16;14.28
Argentina;2016;Marzo;;;0.5;;1.1;0.22;0.15;;0.14;15
Argentina;2016;Febrero;;;0.47;;0.93;0.22;0.15;;0.14;16
Argentina;2016;Enero;;;0.47;;0.82;0.22;0.14;;0.14;14
Argentina;2015;Diciembre;;;0.48;;0.68;0.22;0.14;;0.15;12.9359
Argentina;2015;Noviembre;;;0.5;;0.64;0.22;0.13;;0.16;9.6584
Argentina;2015;Octubre;;;0.36;;0.66;0.21;0.12;;0.14;9.5154
Argentina;2015;Setiembre;;;0.53;;0.69;0.23;0.1;;0.13;9.4217
Argentina;2015;Agosto;;;0.53;;0.68;0.23;0.1;;0.13;9.2967
Argentina;2015;Julio;;;0.48;;0.72;0.24;0.1;;0.12;9.1935
Argentina;2015;Junio;;;;;0.77;0.25;0.1;;0.11;9.0967
Argentina;2015;Mayo;;;0.5;;0.78;0.21;0.11;;0.13;9.0015
Argentina;2015;Abril;;;0.42;;0.83;0.21;0.12;;0.13;8.9179
Argentina;2015;Marzo;;;0.46;;0.85;0.22;0.11;;0.11;8.8155
Argentina;2015;Febrero;;;0.47;;0.83;0.22;0.11;;0.12;8.72
Argentina;2015;Enero;;;0.43;;0.86;0.23;0.11;;0.13;9
Argentina;2014;Diciembre;;;0.44;;0.89;0.25;0.12;;0.13;8.5402
Argentina;2014;Noviembre;;;0.47;;0.87;0.24;0.12;;0.14;9
Argentina;2014;Octubre;;;0.5;;0.94;0.23;0.11;;0.15;9
Argentina;2014;Setiembre;;;0.55;;0.95;0.25;0.11;;0.17;8.43
Argentina;2014;Agosto;;;0.59;;0.93;0.26;0.12;;0.18;8.4003
Argentina;2014;Julio;;;0.62;;0.91;0.28;0.14;;0.22;8.2125
Argentina;2014;Junio;;;0.58;;0.89;0.27;0.15;;0.25;8.1305
Argentina;2014;Mayo;;;0.52;;0.96;0.26;0.16;;0.25;8
Argentina;2014;Abril;;;0.56;;0.95;0.27;0.17;;0.24;7.9998
Argentina;2014;Marzo;;;0.63;;0.95;0.25;0.17;;0.24;8
Argentina;2014;Febrero;;;0.63;;0.97;0.24;0.16;;0.24;7.8845
Argentina;2014;Enero;;;0.46;;0.94;0.24;0.15;;0.23;8.0178
Argentina;2013;Diciembre;;;0.62;;0.98;0.24;0.17;;0.23;7
Argentina;2013;Noviembre;;;0.58;;0.96;0.41;0.18;;0.29;6.1398
Argentina;2013;Octubre;;;0.58;;0.96;0.41;0.16;;0.56;5.9072
Argentina;2013;Setiembre;;;0.58;;1;0.37;0.15;;0.46;5.7898
Argentina;2013;Agosto;;;0.57;;0.98;0.34;0.16;;0.44;5.67
Argentina;2013;Julio;;;0.49;;0.93;0.31;0.17;;0.45;6
Argentina;2013;Junio;;;0.48;;0.96;0.31;0.2;;0.45;5
Argentina;2013;Mayo;;;0.43;;0.94;0.28;0.19;;0.35;5.2825
Argentina;2013;Abril;;;0.4;;1.02;0.27;0.17;;0.27;5.1875
Argentina;2013;Marzo;;;0.52;;1.05;0.26;0.17;;0.26;5.1195
Argentina;2013;Febrero;;;0.47;;1.05;0.26;0.18;;0.26;5
Argentina;2013;Enero;;;0.45;;;0.26;0.19;;0.25;5
Argentina;2012;Diciembre;;;0.49;;1.12;0.25;0.2;;0.21;5
Argentina;2012;Noviembre;;;0.48;;1.11;0.3;0.19;;0.22;5
Argentina;2012;Octubre;;;0.47;;1.09;0.29;0.18;;0.23;4.7625
Argentina;2012;Setiembre;;;0.47;;1.02;0.3;0.18;;0.24;5
Argentina;2012;Agosto;;;0.43;;1.01;0.29;0.17;;0.2;4.6375
Argentina;2012;Julio;;;0.57;;1;0.3;0.16;;0.18;4.5849
Argentina;2012;Junio;;;0.6;;1.07;0.29;0.15;;0.16;4.5269
Argentina;2012;Mayo;;;0.57;;1.07;0.27;0.15;;0.16;4.4679
Argentina;2012;Abril;;;0.64;;1.11;0.27;0.16;;0.15;4.4095
Argentina;2012;Marzo;;;0.64;;1.15;0.27;0.16;;0.14;4.3769
Argentina;2012;Febrero;;;0.6;;1.21;0.28;0.16;;0.13;4
Argentina;2012;Enero;;;0.56;;1.22;0.25;0.17;;0.13;4.33
Argentina;2011;Diciembre;;;0.55;;1.17;0.26;0.14;;0.11;4
Argentina;2011;Noviembre;;;0.6;;1.19;0.31;0.13;;0.13;4
Argentina;2011;Octubre;;;0.55;;1.17;0.35;0.14;;0.15;4.2334
Argentina;2011;Setiembre;;;0.55;;1.24;0.37;0.16;;0.16;4
Argentina;2011;Agosto;;;0.54;;1.23;0.36;0.16;;0.16;4
Argentina;2011;Julio;;;0.58;;1.29;0.29;0.17;;0.17;4
Argentina;2011;Junio;;;0.54;;1.38;0.26;0.18;;0.16;4
Argentina;2011;Mayo;;;0.61;;1.39;0.27;0.18;;0.18;4
Argentina;2011;Abril;;;0.56;;1.36;0.24;0.19;;0.19;4
Argentina;2011;Marzo;;;0.51;;1.31;0.2;0.19;;0.19;4
Argentina;2011;Febrero;;;0.49;;1.27;0.16;0.19;;0.18;4.0235
Argentina;2011;Enero;;;0.42;;1.13;0.16;0.19;;0.18;4
Argentina;2010;Diciembre;;;0.39;;1.23;0.15;0.17;;0.17;4
Argentina;2010;Noviembre;;;0.32;;1.23;0.15;0.17;;0.17;4
Argentina;2010;Octubre;;;0.37;;1.27;0.14;0.16;;0.18;4
Argentina;2010;Setiembre;;;0.46;;1.36;0.15;0.15;;0.19;4
Argentina;2010;Agosto;;;0.45;;1.37;0.18;0.14;;0.18;4
Argentina;2010;Julio;;;0.48;;1.31;0.2;0.13;;0.16;4
Argentina;2010;Junio;;;0.46;;1.21;0.2;0.12;;0.15;3.9322
Argentina;2010;Mayo;;;0.45;;1.18;0.2;0.12;;0.15;3.9135
Argentina;2010;Abril;;;0.42;;1.2;0.2;0.12;;0.14;4
Argentina;2010;Marzo;;;0.49;;1.21;0.2;0.11;;0.14;3.8735
Argentina;2010;Febrero;;;0.47;;1.23;0.2;0.11;;0.12;4
Argentina;2010;Enero;;;0.42;;1.2;0.24;0.13;;0.14;3.8235
Argentina;2009;Diciembre;;;0.48;;1.31;0.24;0.13;;0.14;4
Argentina;2009;Noviembre;;;0.55;;1.29;0.23;0.12;;0.14;3.8085
Argentina;2009;Octubre;;;0.5;;1.31;0.23;0.12;;0.14;3.8165
Argentina;2009;Setiembre;;;0.5;;1.37;0.26;0.11;;0.15;4
Argentina;2009;Agosto;;;0.51;;1.28;0.29;0.11;;0.16;3.8505
Argentina;2009;Julio;;;0.63;;1.1;0.32;0.11;;0.15;3.8285
Argentina;2009;Junio;;;0.6;;1.07;0.33;0.12;;0.15;3.7975
Argentina;2009;Mayo;;;0.56;;1.1;0.28;0.11;;0.15;4
Argentina;2009;Abril;;;0.52;;1.06;0.31;0.11;;0.14;3.7135
Argentina;2009;Marzo;;;0.5;;0.96;0.31;0.11;;0.13;4
Argentina;2009;Febrero;;;0.44;;0.85;0.32;0.12;;0.12;4
Argentina;2009;Enero;;;0.47;;0.93;0.34;0.12;;0.12;3.4855
Argentina;2008;Diciembre;;;0.49;;1.02;0.34;0.09;;0.12;3
Argentina;2008;Noviembre;;;0.48;;0.8;0.45;0.09;;0.12;3
Argentina;2008;Octubre;;;0.39;;0.72;0.46;0.11;;0.15;3.3865
Argentina;2008;Setiembre;;;0.4;;0.72;0.6;0.14;;0.19;3.1335
Argentina;2008;Agosto;;;0.59;;0.86;0.6;0.14;;0.2;3.0313
Argentina;2008;Julio;;;0.59;;0.88;0.57;0.16;;0.22;3
Argentina;2008;Junio;;;0.61;;0.92;0.52;0.17;;0.22;3.0235
Argentina;2008;Mayo;;;0.5;;0.92;0.44;0.16;;0.22;3.0985
Argentina;2008;Abril;;;0.43;;0.95;0.32;0.17;;0.22;3.1635
Argentina;2008;Marzo;;;0.44;;0.97;0.3;0.16;;0.2;3.1683
Argentina;2008;Febrero;;;0.41;;0.92;0.26;0.15;;0.19;3.1605
Argentina;2008;Enero;;;0.42;;;0.25;0.15;;0.18;3
Argentina;2007;Diciembre;;;0.37;;;0.21;0.11;;0.17;3.15
Argentina;2007;Noviembre;;;0.34;;;0.2;0.11;;0.18;3
Argentina;2007;Octubre;;;0.36;;;0.25;0.12;;0.19;3.1413
Argentina;2007;Setiembre;;;0.38;;;0.25;0.12;;0.19;3.1488
Argentina;2007;Agosto;;;0.36;;;0.24;0.12;;0.17;3.1562
Argentina;2007;Julio;;;0.36;;;0.2;0.11;;0.15;3.1235
Argentina;2007;Junio;;;0.35;;;0.19;0.12;;0.14;3
Argentina;2007;Mayo;;;0.37;;;0.16;0.12;;0.13;3.0762
Argentina;2007;Abril;;;0.35;;;0.16;0.12;;0.12;3.0895
Argentina;2007;Marzo;;;0.36;;;0.16;0.12;;0.12;3.0987
Argentina;2007;Febrero;;;0.35;;;0.16;0.13;;0.12;3.1002
Argentina;2007;Enero;;;0.33;;;0.16;0.12;;0.12;3.1088
Argentina;2006;Diciembre;;;0.36;;;0.17;0.13;;0.12;3.0588
Argentina;2006;Noviembre;;;0.36;;;0.17;0.13;;0.13;3.0715
Argentina;2006;Octubre;;;0.39;;;0.16;0.1;;0.12;3.0885
Argentina;2006;Setiembre;;;0.36;;;0.18;0.09;;0.11;3.1037
Argentina;2006;Agosto;;;0.39;;;0.18;0.09;;0.11;3.0963
Argentina;2006;Julio;;;0.43;;;0.18;0.09;;0.1;3
Argentina;2006;Junio;;;0.44;;;0.18;0.09;;0.1;3.0838
Argentina;2006;Mayo;;;0.39;;;0.17;0.09;;0.11;3.0862
Argentina;2006;Abril;;;0.39;;;0.16;0.08;;0.11;3
Argentina;2006;Marzo;;;0.53;;;0.16;0.08;;0.11;3.0812
Argentina;2006;Febrero;;;0.31;;;0.16;0.08;;0.11;3.0713
Argentina;2006;Enero;;;0.25;;;0.16;0.08;;0.11;3.0665
Argentina;2005;Diciembre;;;0.33;;;0.15;0.07;;0.1;3.0315
Argentina;2005;Noviembre;;;0.3;;0.82;0.15;0.07;;0.11;2.9662
Argentina;2005;Octubre;;;0.31;;0.76;0.17;0.07;;0.11;3.0012
Argentina;2005;Setiembre;;;0.33;;0.76;0.19;0.07;;0.11;2.9088
Argentina;2005;Agosto;;;0.48;;0.77;0.19;0.08;;0.11;2.9112
Argentina;2005;Julio;;;0.57;;0.76;0.19;0.08;;0.11;3
Argentina;2005;Junio;;;0.59;;0.72;0.19;0.07;;0.1;2.8862
Argentina;2005;Mayo;;;0.55;;0.78;0.18;0.07;;0.11;3
Argentina;2005;Abril;;;0.51;;0.79;0.16;0.07;;0.11;2.9088
Argentina;2005;Marzo;;;0.52;;0.81;0.16;0.06;;0.11;2.9162
Argentina;2005;Febrero;;;0.48;;0.85;0.15;0.06;;0.09;2.9387
Argentina;2005;Enero;;;0.43;;0.82;0.14;0.06;;0.08;2.9213
Bolivia;2021;Marzo;0.56;0.54;0.4;1.25;0.89;0.45;0.41;0.86;0.51;6.915
Bolivia;2021;Febrero;0.56;0.55;0.39;1.26;0.95;0.45;0.41;0.87;0.51;6.905
Bolivia;2021;Enero;0.56;0.56;;1.25;;;;0.87;0.51;6.895
Bolivia;2020;Diciembre;0.56;0.58;0.41;1.24;0.99;0.35;0.41;0.87;0.51;6.895
Bolivia;2020;Noviembre;0.56;0.57;0.4;1.24;0.99;0.35;0.41;0.87;0.51;6.905
Bolivia;2020;Octubre;0.56;0.6;0.46;1.24;0.96;0.32;0.42;0.87;0.53;6.92
Bolivia;2020;Setiembre;0.56;0.6;0.48;1.25;0.96;0.34;0.43;0.87;0.54;6.905
Bolivia;2020;Agosto;0.56;0.64;0.54;1.25;0.99;0.35;0.43;0.88;0.55;6.905
Bolivia;2020;Julio;0.56;0.58;0.49;1.26;0.97;0.33;0.41;0.88;0.56;6.905
Bolivia;2020;Junio;0.56;0.55;0.45;1.27;0.96;0.32;0.41;0.88;0.56;6.905
Bolivia;2020;Mayo;0.56;0.53;;1.28;;;;0.89;;6.905
Bolivia;2020;Abril;0.56;0.54;;1.28;;;;0.89;;6.895
Bolivia;2020;Marzo;0.56;0.56;0.42;1.28;1.02;0.38;0.41;0.88;0.53;6.895
Bolivia;2020;Febrero;0.56;0.59;0.44;1.28;1.01;0.37;0.41;0.88;0.53;6.915
Bolivia;2020;Enero;0.56;0.65;0.47;1.27;0.98;0.32;0.49;0.87;0.52;6.915
Bolivia;2019;Diciembre;0.56;0.75;0.51;1.27;0.97;0.32;0.49;0.88;0.53;6.905
Bolivia;2019;Noviembre;0.56;0.99;0.7;1.27;1.02;0.32;0.35;0.89;0.55;6.915
Bolivia;2019;Octubre;0.56;0.89;0.75;1.26;1;0.32;0.36;0.88;0.52;6.915
Bolivia;2019;Setiembre;0.56;0.75;0.58;1.26;0.99;0.31;0.37;0.87;0.52;6.915
Bolivia;2019;Agosto;0.56;0.64;0.52;1.26;0.99;0.28;0.37;0.87;0.53;6.935
Bolivia;2019;Julio;0.56;0.57;0.43;1.27;1;0.26;0.36;0.87;0.52;6.915
Bolivia;2019;Junio;0.56;0.56;0.4;1.26;1;0.25;0.32;0.87;0.52;6.925
Bolivia;2019;Mayo;0.56;0.56;0.41;1.26;1;0.25;0.31;0.87;0.52;6.915
Bolivia;2019;Abril;0.56;0.57;0.44;1.27;1;0.25;0.32;0.87;0.53;6.93
Bolivia;2019;Marzo;0.56;0.59;0.44;1.28;1;0.26;0.32;0.87;0.55;6.935
Bolivia;2019;Febrero;0.56;0.6;0.49;1.28;0.99;0.25;0.33;0.87;0.55;6.93
Bolivia;2019;Enero;0.56;0.58;0.49;1.28;0.99;0.25;0.36;0.87;0.55;6.925
Bolivia;2018;Diciembre;0.56;0.55;0.46;1.28;0.99;0.25;0.32;0.87;0.54;6.935
Bolivia;2018;Noviembre;0.56;0.49;0.42;1.28;1;0.26;0.29;0.9;0.57;6.925
Bolivia;2018;Octubre;0.56;0.46;0.37;1.28;1;0.27;0.29;0.88;0.6;6.925
Bolivia;2018;Setiembre;0.56;0.45;0.32;1.28;0.99;0.28;0.3;0.87;0.57;6.925
Bolivia;2018;Agosto;0.56;0.43;0.32;1.28;1;0.29;0.3;0.87;0.54;6.925
Bolivia;2018;Julio;0.56;0.42;0.32;1.28;1.02;0.29;0.39;0.86;0.57;6.915
Bolivia;2018;Junio;0.56;0.44;0.32;1.28;1.02;0.29;0.38;0.86;0.59;6.935
Bolivia;2018;Mayo;0.56;0.46;0.33;1.3;1.01;0.29;0.35;0.86;0.6;6.92
Bolivia;2018;Abril;0.56;0.5;0.36;1.3;0.99;0.29;0.28;0.85;0.52;6.935
Bolivia;2018;Marzo;0.56;0.56;0.39;1.29;0.99;0.31;0.29;0.86;0.46;6.935
Bolivia;2018;Febrero;0.56;0.59;0.41;1.28;0.87;0.32;0.29;0.86;0.47;6.935
Bolivia;2018;Enero;0.56;0.61;0.42;1.27;0.86;0.32;0.3;0.85;0.44;6.935
Bolivia;2017;Diciembre;0.56;0.61;0.47;1.27;0.86;0.32;0.31;0.87;0.45;6.935
Bolivia;2017;Noviembre;0.56;0.58;0.45;1.28;0.93;0.32;0.41;0.87;0.46;6.925
Bolivia;2017;Octubre;0.56;0.6;0.43;1.29;0.95;0.32;0.41;0.87;0.47;6.925
Bolivia;2017;Setiembre;0.56;0.61;0.45;1.29;0.95;0.34;0.41;0.87;0.48;6.945
Bolivia;2017;Agosto;0.56;0.61;0.45;1.29;0.95;0.35;0.41;0.87;0.48;6.965
Bolivia;2017;Julio;0.56;0.61;0.45;1.29;0.99;0.35;0.41;0.87;0.48;6.975
Bolivia;2017;Junio;0.56;0.62;0.43;1.29;1.02;0.35;0.41;0.87;0.5;6.975
Bolivia;2017;Mayo;0.56;0.64;0.41;1.29;1.02;0.35;0.41;0.87;0.51;6.975
Bolivia;2017;Abril;0.56;0.65;0.42;1.29;1.02;0.39;0.41;0.87;0.51;6.96
Bolivia;2017;Marzo;0.56;0.7;0.5;1.29;1.02;0.4;0.41;0.87;0.52;6.955
Bolivia;2017;Febrero;0.56;0.69;0.48;1.28;1.03;0.38;0.42;0.87;0.51;6.945
Bolivia;2017;Enero;0.56;0.78;0.54;1.28;1;0.38;0.42;0.87;0.49;6.935
Bolivia;2016;Diciembre;0.56;0.92;0.74;1.3;1;0.41;0.42;0.87;0.49;6.935
Bolivia;2016;Noviembre;0.56;0.96;0.83;1.31;0.99;0.45;0.49;0.87;0.51;6.94
Bolivia;2016;Octubre;0.56;0.94;0.79;1.31;1;0.45;0.57;0.88;0.53;6.945
Bolivia;2016;Setiembre;0.56;0.88;0.77;1.32;1;0.45;0.48;0.89;0.57;6.935
Bolivia;2016;Agosto;0.56;0.77;0.66;1.31;1;0.37;0.44;0.89;0.58;6.945
Bolivia;2016;Julio;0.56;0.69;0.59;1.29;1.02;0.37;0.35;0.87;0.57;6.945
Bolivia;2016;Junio;0.56;0.63;0.55;1.28;1.01;0.37;0.33;0.87;0.55;6.885
Bolivia;2016;Mayo;0.56;0.59;0.47;1.29;0.99;0.33;0.31;0.87;0.52;6.895
Bolivia;2016;Abril;0.56;0.56;0.44;1.29;0.98;0.28;0.29;0.86;0.53;6.91
Bolivia;2016;Marzo;0.56;0.58;0.47;1.29;0.96;0.19;0.29;0.87;0.53;6.77
Bolivia;2016;Febrero;0.56;0.62;0.48;1.28;0.96;0.19;0.29;0.87;0.53;6.845
Bolivia;2016;Enero;0.56;0.65;0.49;1.29;0.95;0.2;0.3;0.87;0.51;6.85
Bolivia;2015;Diciembre;0.56;0.7;0.58;1.29;0.93;0.21;0.32;0.86;0.51;6.85
Bolivia;2015;Noviembre;0.56;0.67;0.53;1.3;0.97;0.28;0.29;0.86;0.49;6.86
Bolivia;2015;Octubre;0.56;0.57;0.44;1.32;0.99;0.31;0.29;0.87;0.49;6.85
Bolivia;2015;Setiembre;0.56;0.55;0.39;1.32;0.99;0.25;0.28;0.89;0.51;6.86
Bolivia;2015;Agosto;0.56;0.57;0.4;1.34;0.94;0.34;0.27;0.89;0.52;6.86
Bolivia;2015;Julio;0.56;0.57;0.39;1.36;0.98;0.4;0.27;0.92;0.52;6.85
Bolivia;2015;Junio;0.56;0.56;0.39;1.38;1.06;0.4;0.29;0.94;0.51;6.84
Bolivia;2015;Mayo;0.56;0.56;0.38;1.36;1.15;0.4;0.3;0.95;0.52;6.86
Bolivia;2015;Abril;0.56;0.57;0.4;1.4;1.16;0.4;0.3;1;0.56;6.85
Bolivia;2015;Marzo;0.56;0.58;0.47;1.42;1.19;0.5;0.32;1;0.58;6.85
Bolivia;2015;Febrero;0.56;0.61;0.54;1.43;1.21;0.51;0.32;1;0.6;6.86
Bolivia;2015;Enero;0.56;0.63;0.57;1.43;1.17;0.48;0.32;1.03;0.59;6.86
Bolivia;2014;Diciembre;0.56;0.6;0.48;1.43;1.16;0.48;0.31;1.04;0.6;6.86
Bolivia;2014;Noviembre;0.56;0.59;0.47;1.43;1.2;0.46;0.31;1.05;0.63;6.86
Bolivia;2014;Octubre;0.56;0.64;0.52;1.44;1.18;0.46;0.31;1.07;0.66;6.86
Bolivia;2014;Setiembre;0.56;0.64;0.52;1.43;1.18;0.46;0.34;1.09;0.7;6.86
Bolivia;2014;Agosto;0.56;0.62;0.5;1.43;1.18;0.47;0.35;1.1;0.75;6.86
Bolivia;2014;Julio;0.56;0.6;0.5;1.43;1.18;0.35;0.35;1.11;0.76;6.86
Bolivia;2014;Junio;0.56;0.6;0.5;1.43;1.2;0.36;0.35;1.12;0.74;6.86
Bolivia;2014;Mayo;0.56;0.57;0.48;1.43;1.19;0.37;0.35;1.13;0.76;6.86
Bolivia;2014;Abril;0.56;0.51;0.4;1.43;1.2;0.38;0.37;1.14;0.78;6.86
Bolivia;2014;Marzo;0.56;0.52;0.41;1.41;1.22;0.39;0.38;1.15;0.81;6.86
Bolivia;2014;Febrero;0.56;0.58;0.48;1.4;1.23;0.38;0.42;1.16;0.83;6.86
Bolivia;2014;Enero;0.56;0.64;0.45;1.38;1.2;0.36;0.41;1.16;0.84;6.86
Bolivia;2013;Diciembre;0.56;0.74;0.54;1.37;1.19;0.33;0.36;1.15;0.88;6.86
Bolivia;2013;Noviembre;0.56;0.81;0.66;1.36;1.19;0.33;0.36;1.15;0.98;6.86
Bolivia;2013;Octubre;0.56;0.82;0.82;1.36;1.19;0.32;0.33;1.15;0.95;6.86
Bolivia;2013;Setiembre;0.56;0.66;0.64;1.35;1.19;0.32;0.34;1.15;0.9;6.86
Bolivia;2013;Agosto;0.56;0.53;0.51;1.34;1.19;0.32;0.34;1.14;0.92;6.86
Bolivia;2013;Julio;0.28;0.47;0.44;1.32;1.19;0.31;0.35;1.13;0.94;6.86
Bolivia;2013;Junio;0.28;0.43;0.34;1.31;1.21;0.31;0.36;0.99;0.83;6.86
Bolivia;2013;Mayo;0.28;0.41;0.32;1.33;1.2;0.32;0.37;0.92;0.68;6.96
Bolivia;2013;Abril;0.28;0.41;0.32;1.16;0.99;0.27;0.31;0.92;0.7;6.96
Bolivia;2013;Marzo;0.28;0.44;0.34;1.14;0.92;0.28;0.3;0.91;0.71;6.96
Bolivia;2013;Febrero;0.28;0.5;0.4;1.13;0.89;0.29;0.29;0.87;0.71;6.96
Bolivia;2013;Enero;0.28;0.56;0.45;1.13;0.89;0.28;0.28;0.83;0.68;6.96
Bolivia;2012;Diciembre;0.28;0.58;0.55;1.13;0.9;0.28;0.27;0.84;0.63;6.96
Bolivia;2012;Noviembre;0.28;0.53;0.51;1.13;0.91;0.27;0.27;0.85;0.63;6.96
Bolivia;2012;Octubre;0.28;0.48;0.43;1.14;0.91;0.29;0.26;0.85;0.62;6.96
Bolivia;2012;Setiembre;0.28;0.45;0.34;1.13;0.9;0.3;0.25;0.83;0.61;6.96
Bolivia;2012;Agosto;0.28;0.46;0.32;1.12;0.89;0.3;0.25;0.81;0.6;6.94
Bolivia;2012;Julio;0.28;0.44;0.33;1.13;0.9;0.3;0.26;0.81;0.55;6.94
Bolivia;2012;Junio;0.28;0.43;0.3;1.13;0.89;0.32;0.27;0.81;0.55;6.96
Bolivia;2012;Mayo;0.28;0.42;0.3;1.14;0.89;0.32;0.27;0.81;0.55;6.96
Bolivia;2012;Abril;0.28;0.41;0.31;1.14;0.89;0.32;0.3;0.81;0.56;6.96
Bolivia;2012;Marzo;0.28;0.44;0.33;1.14;0.89;0.33;0.3;0.81;0.56;6.96
Bolivia;2012;Febrero;0.28;0.46;0.38;1.14;0.9;0.35;0.3;0.8;0.56;6.86
Bolivia;2012;Enero;0.28;0.5;0.37;1.14;0.9;0.39;0.3;0.8;0.56;6.86
Bolivia;2011;Diciembre;0.28;0.56;0.47;1.15;0.9;0.39;0.31;0.81;0.57;6.86
Bolivia;2011;Noviembre;0.28;0.58;0.51;1.16;0.9;0.4;0.32;0.81;0.58;6.86
Bolivia;2011;Octubre;0.28;0.58;0.53;1.15;0.89;0.39;0.33;0.82;0.58;6.96
Bolivia;2011;Setiembre;0.28;0.55;0.49;1.15;0.89;0.42;0.34;0.81;0.6;6.96
Bolivia;2011;Agosto;0.28;0.53;0.46;1.15;0.9;0.42;0.35;0.8;0.6;6.96
Bolivia;2011;Julio;0.28;0.48;0.43;1.13;0.89;0.43;0.36;0.8;0.6;6.96
Bolivia;2011;Junio;0.28;0.48;0.42;1.16;0.89;0.44;0.38;0.81;0.65;6.96
Bolivia;2011;Mayo;0.28;0.47;0.41;1.16;0.9;0.5;0.41;0.8;0.65;6.96
Bolivia;2011;Abril;0.28;0.48;0.37;1.17;0.91;0.54;0.44;0.8;0.64;6.96
Bolivia;2011;Marzo;0.28;0.55;0.45;1.18;0.96;0.56;0.51;0.78;0.61;6.96
Bolivia;2011;Febrero;0.28;0.6;0.51;1.18;0.97;0.48;0.54;0.79;0.59;6.96
Bolivia;2011;Enero;0.28;0.59;0.46;1.19;0.98;0.42;0.5;0.79;0.6;6.96
Bolivia;2010;Diciembre;0.28;0.64;0.58;1.15;0.94;;0.43;0.76;0.61;6.96
Bolivia;2010;Noviembre;0.28;0.61;0.51;1.13;0.94;;0.37;0.76;0.61;6.96
Bolivia;2010;Octubre;0.28;0.58;0.54;1.13;0.97;;0.37;0.76;0.62;6.97
Bolivia;2010;Setiembre;0.28;0.52;0.51;1.14;0.97;;0.35;0.75;0.63;6.97
Bolivia;2010;Agosto;0.28;0.44;0.4;1.15;0.94;;0.34;0.69;0.58;6.97
Bolivia;2010;Julio;0.28;0.38;0.32;1.12;0.92;;0.32;0.67;0.54;7.02
Bolivia;2010;Junio;0.28;0.34;0.27;1.14;;;0.3;0.67;0.52;7.02
Bolivia;2010;Mayo;0.28;0.33;0.26;1.16;;;0.27;0.67;0.51;7.02
Bolivia;2010;Abril;0.28;0.35;0.24;1.16;;;0.26;0.67;0.5;7.02
Bolivia;2010;Marzo;0.28;0.36;0.24;1.16;;;0.27;0.67;0.51;7.02
Bolivia;2010;Febrero;0.28;0.41;0.32;1.16;;;0.29;0.68;0.51;7.02
Bolivia;2010;Enero;0.28;0.45;0.39;1.16;;;0.25;0.68;0.5;7.02
Bolivia;2009;Diciembre;0.28;0.47;0.38;1.16;;0.22;0.25;0.67;0.5;7.02
Bolivia;2009;Noviembre;0.28;0.45;0.38;1.16;;0.18;0.22;0.68;0.5;7.02
Bolivia;2009;Octubre;0.28;0.4;0.36;1.18;;0.2;0.19;0.7;0.49;7.02
Bolivia;2009;Setiembre;0.28;0.37;0.31;1.21;;0.2;0.19;0.7;0.48;7.02
Bolivia;2009;Agosto;0.28;0.4;0.32;1.23;;0.2;0.18;0.7;0.47;7.02
Bolivia;2009;Julio;0.28;0.39;0.3;1.23;;0.2;0.19;0.72;0.5;7.02
Bolivia;2009;Junio;0.28;0.4;0.3;1.24;;0.22;0.2;0.74;0.48;7.02
Bolivia;2009;Mayo;0.28;0.4;0.31;1.24;;0.24;0.2;0.74;0.48;7.02
Bolivia;2009;Abril;0.28;0.4;0.3;1.25;;0.28;0.2;0.8;0.5;7.01
Bolivia;2009;Marzo;0.28;0.43;0.35;1.27;;;0.21;0.82;0.52;7.02
Bolivia;2009;Febrero;0.28;0.47;0.37;1.28;;;0.21;0.85;0.55;7.05
Bolivia;2009;Enero;;0.52;0.39;1.32;;;0.22;0.86;0.56;7.02
Bolivia;2008;Diciembre;;;0.51;;;0.31;0.22;;0.49;7
Bolivia;2008;Noviembre;;;0.49;;;0.28;0.24;;0.58;7.035
Bolivia;2008;Octubre;;;0.47;;;0.27;0.25;;0.64;7.015
Bolivia;2008;Setiembre;;;0.41;;;0.3;0.25;;0.68;6.985
Bolivia;2008;Agosto;;;0.4;;;0.35;0.25;;0.76;7.005
Bolivia;2008;Julio;;;0.41;;;0.32;0.25;;0.82;7.055
Bolivia;2008;Junio;;;0.39;;;;0.25;;0.79;7.2
Bolivia;2008;Mayo;;;0.4;;;;;;0.8;7.26
Bolivia;2008;Abril;;;0.31;;;;;;0.62;7.35
Bolivia;2008;Marzo;;;0.29;;;;;;0.56;7.47
Bolivia;2008;Febrero;;;0.29;;;;;;0.51;7.61
Bolivia;2008;Enero;;;0.29;;;;;;0.69;7.61
Brasil;2021;Marzo;2.57;0.72;0.7;0.93;0.78;0.26;0.22;0.7;0.51;5.6315
Brasil;2021;Febrero;2.48;0.73;0.69;0.99;0.73;0.27;0.23;0.73;0.54;5.5986
Brasil;2021;Enero;2.44;0.67;0.58;1.01;0.82;0.26;0.23;0.74;0.47;5.4625
Brasil;2020;Diciembre;2.31;0.64;0.58;1.05;0.91;0.27;0.23;0.75;0.5;5.1937
Brasil;2020;Noviembre;2.26;0.68;0.58;1.02;0.86;0.28;0.23;0.71;0.48;5.3319
Brasil;2020;Octubre;2.11;0.71;0.59;0.87;0.8;0.22;0.17;0.67;0.46;5.7446
Brasil;2020;Setiembre;2.2;0.68;0.56;0.87;0.75;0.2;0.16;0.69;0.5;5.6112
Brasil;2020;Agosto;2.19;0.58;0.53;0.69;0.59;0.17;0.14;0.69;0.49;5.4914
Brasil;2020;Julio;2.25;0.61;0.55;0.7;0.61;0.16;0.13;0.73;0.5;5.224
Brasil;2020;Junio;2.32;0.61;0.58;0.7;0.62;0.16;0.13;0.73;0.48;5.4661
Brasil;2020;Mayo;2.18;0.64;0.65;0.62;0.55;0.15;0.13;0.66;0.46;5.3361
Brasil;2020;Abril;2.29;0.68;0.64;0.67;0.56;0.16;0.15;0.67;0.42;5.4858
Brasil;2020;Marzo;2.57;0.63;0.61;0.69;0.51;0.17;0.16;0.73;0.42;5.2046
Brasil;2020;Febrero;2.91;0.61;0.57;0.77;0.58;0.19;0.18;0.82;0.49;4.4733
Brasil;2020;Enero;2.93;0.6;0.55;0.78;0.64;0.19;0.19;0.85;0.51;4.282
Brasil;2019;Diciembre;2.97;0.68;0.62;0.76;0.62;0.19;0.17;0.91;0.52;4.019
Brasil;2019;Noviembre;2.85;0.65;0.64;0.8;0.62;0.17;0.15;0.84;0.51;4.2364
Brasil;2019;Octubre;2.87;0.66;0.63;0.8;0.62;0.16;0.13;0.87;0.51;4.0174
Brasil;2019;Setiembre;2.96;0.68;0.6;0.81;0.53;0.15;0.12;0.86;0.52;4.1551
Brasil;2019;Agosto;3.04;0.64;0.57;0.81;0.65;0.16;0.12;0.88;0.53;4.1445
Brasil;2019;Julio;3.18;0.65;0.6;0.85;0.65;0.17;0.14;0.91;0.57;3.8125
Brasil;2019;Junio;3.18;0.66;0.63;0.83;0.62;0.16;0.13;0.92;0.55;3.8518
Brasil;2019;Mayo;2.99;0.71;0.68;0.8;0.59;0.15;0.12;0.87;0.51;3.9218
Brasil;2019;Abril;3.19;0.71;0.68;0.8;0.71;0.16;0.14;0.9;0.52;3.9207
Brasil;2019;Marzo;3.35;0.73;0.73;0.88;0.68;0.16;0.15;0.9;0.54;3.9238
Brasil;2019;Febrero;3.3;0.69;0.65;0.85;0.67;0.17;0.15;0.93;0.56;3.7511
Brasil;2019;Enero;3.38;0.61;0.56;0.84;0.67;0.17;0.14;0.93;0.51;3.6439
Brasil;2018;Diciembre;3.18;0.63;0.56;0.83;0.64;0.17;0.14;0.88;0.53;3.8804
Brasil;2018;Noviembre;3.37;0.62;0.57;0.85;0.7;0.19;0.13;0.9;0.55;3.8662
Brasil;2018;Octubre;3.21;0.63;0.58;0.88;0.69;0.2;0.14;0.91;0.56;3.7218
Brasil;2018;Setiembre;2.81;0.61;0.54;0.81;0.64;0.19;0.13;0.81;0.51;4.0477
Brasil;2018;Agosto;3.1;0.57;0.51;0.8;0.64;0.19;0.13;0.82;0.54;4.0545
Brasil;2018;Julio;3.01;0.55;0.51;0.82;0.71;0.19;0.13;0.84;0.56;3.7557
Brasil;2018;Junio;3.08;0.58;0.51;0.83;0.74;0.19;0.14;0.8;0.53;3.8765
Brasil;2018;Mayo;3.13;0.6;0.55;0.8;0.64;0.2;0.14;0.77;0.52;3.7225
Brasil;2018;Abril;3.26;0.63;0.59;0.9;0.64;0.21;0.15;0.82;0.53;3.5066
Brasil;2018;Marzo;3.31;0.65;0.61;0.95;0.66;0.19;0.16;0.84;0.54;3.3046
Brasil;2018;Febrero;3.5;0.68;0.64;0.98;0.62;0.17;0.14;0.85;0.54;3.2458
Brasil;2018;Enero;3.51;0.66;0.66;1;0.63;0.17;0.15;0.89;0.57;3.1858
Brasil;2017;Diciembre;3.47;0.69;0.67;0.98;0.64;0.16;0.14;0.88;0.53;3.3121
Brasil;2017;Noviembre;3.46;0.71;0.68;0.98;0.71;0.16;0.14;0.88;0.55;3.2726
Brasil;2017;Octubre;3.67;0.68;0.65;1.02;0.77;0.16;0.14;0.92;0.6;3.2724
Brasil;2017;Setiembre;3.6;0.69;0.63;1.05;0.83;0.15;0.12;0.92;0.61;3.1614
Brasil;2017;Agosto;3.61;0.71;0.64;1;0.89;0.14;0.12;0.95;0.62;3.1474
Brasil;2017;Julio;3.51;0.69;0.66;1;0.8;0.13;0.11;0.91;0.6;3.1259
Brasil;2017;Junio;3.2;0.69;0.69;0.94;0.86;0.14;0.11;0.89;0.58;3.3063
Brasil;2017;Mayo;3.5;0.71;0.69;1.02;0.88;0.14;0.12;0.94;0.6;3.2262
Brasil;2017;Abril;3.37;0.78;0.79;1.02;0.9;0.14;0.15;0.95;0.61;3.1758
Brasil;2017;Marzo;3.77;0.85;0.81;1.08;0.91;0.15;0.18;0.96;0.62;3.123
Brasil;2017;Febrero;3.69;0.75;0.71;1.08;0.91;0.16;0.19;0.98;0.59;3.1086
Brasil;2017;Enero;3.56;0.75;0.72;1.02;0.88;0.16;0.18;0.99;0.58;3.1507
Brasil;2016;Diciembre;3.17;0.81;0.75;0.97;0.85;0.2;0.19;0.96;0.57;3.2532
Brasil;2016;Noviembre;3.25;0.78;0.74;1;0.85;0.24;0.19;0.94;0.58;3.3827
Brasil;2016;Octubre;3.64;0.75;0.73;1.04;0.88;0.26;0.21;0.99;0.61;3.1878
Brasil;2016;Setiembre;3.45;0.75;0.72;1.05;0.87;0.26;0.2;0.97;0.61;3.2589
Brasil;2016;Agosto;3.47;0.81;0.75;1.03;0.88;0.27;0.24;0.97;0.65;3.2266
Brasil;2016;Julio;3.46;0.82;0.79;0.99;0.86;0.26;0.21;0.98;0.64;3.2471
Brasil;2016;Junio;3.28;0.91;0.87;0.93;0.83;0.27;0.23;0.94;0.6;3.2126
Brasil;2016;Mayo;3.08;0.94;0.93;0.86;0.79;0.25;0.22;0.88;0.55;3.6105
Brasil;2016;Abril;2.9;0.95;0.9;0.84;0.79;0.21;0.2;0.86;0.55;3.4352
Brasil;2016;Marzo;2.97;0.91;0.87;0.85;0.75;0.19;0.19;0.83;0.53;3.5925
Brasil;2016;Febrero;2.8;0.83;0.8;0.74;0.69;0.17;0.17;0.78;0.51;4.0156
Brasil;2016;Enero;2.78;0.8;0.77;0.74;0.67;0.15;0.15;0.75;0.5;3.9973
Brasil;2015;Diciembre;2.79;0.76;0.75;0.75;0.67;0.16;0.13;0.76;0.53;3.9593
Brasil;2015;Noviembre;2.78;0.78;0.78;0.76;;0.15;0.13;0.78;0.53;3.8675
Brasil;2015;Octubre;2.69;0.73;0.74;0.73;;0.14;0.12;0.72;0.46;3.8562
Brasil;2015;Setiembre;2.73;0.75;0.74;0.7;;0.13;;0.74;0.48;3.9478
Brasil;2015;Agosto;2.9;0.71;0.67;0.76;;0.14;;0.8;0.56;3.6187
Brasil;2015;Julio;3.44;0.67;0.62;0.82;;0.14;;0.88;0.59;3.4204
Brasil;2015;Junio;3.28;0.65;0.62;0.84;;0.14;;0.9;0.66;3.102
Brasil;2015;Mayo;3.3;0.7;0.68;0.89;;0.15;;0.93;0.65;3.1788
Brasil;2015;Abril;3.43;0.76;0.74;0.89;;0.15;;0.9;0.6;3.014
Brasil;2015;Marzo;2.99;0.85;0.77;0.87;;0.15;;0.9;0.61;3.1947
Brasil;2015;Febrero;3.38;0.77;0.69;0.98;;0.16;;1.01;0.68;2.838
Brasil;2015;Enero;3.71;0.68;0.62;1.04;;0.18;;1.09;0.72;2.6814
Brasil;2014;Diciembre;3.43;0.71;0.63;1.01;;0.18;;1.06;0.79;2.657
Brasil;2014;Noviembre;3.76;0.72;0.64;1.04;;0.18;;1.08;0.76;2.5651
Brasil;2014;Octubre;3.6;0.72;0.62;1.07;;0.18;;1.15;0.79;2.4779
Brasil;2014;Setiembre;3.94;0.74;0.66;1.11;;0.18;;1.2;0.86;2.4449
Brasil;2014;Agosto;4.04;0.74;0.7;1.13;;0.2;;1.21;0.9;2.2355
Brasil;2014;Julio;4.08;0.78;0.73;1.12;;0.2;;1.26;0.92;2.2634
Brasil;2014;Junio;4.19;0.82;0.78;1.13;;0.2;;1.24;0.89;2.2137
Brasil;2014;Mayo;4.02;0.84;0.8;1.13;;0.21;;1.28;0.92;2.2403
Brasil;2014;Abril;4.03;0.84;0.79;1.13;;0.21;;1.25;0.89;2.232
Brasil;2014;Marzo;3.96;0.83;0.79;1.04;;0.2;;1.22;0.88;2.2714
Brasil;2014;Febrero;3.59;0.84;0.76;1.04;;0.19;;1.15;0.85;2.3381
Brasil;2014;Enero;3.78;0.77;0.72;0.96;;0.19;;1.13;0.86;2.4122
Brasil;2013;Diciembre;3.64;0.71;0.68;1.02;;;;1.2;0.84;2.3618
Brasil;2013;Noviembre;3.73;0.74;0.7;1.07;;;;1.25;0.85;2.3355
Brasil;2013;Octubre;3.98;0.74;0.69;1.11;;;;1.28;0.88;2.239
Brasil;2013;Setiembre;3.85;0.74;0.7;1.08;;;;1.18;0.88;2.2156
Brasil;2013;Agosto;3.58;0.73;0.72;1.03;;;;1.09;0.79;2.3859
Brasil;2013;Julio;3.69;0.75;0.78;1.03;;;;1.12;0.78;2.2764
Brasil;2013;Junio;3.86;0.75;0.77;1.1;;;;1.21;0.79;2.2315
Brasil;2013;Mayo;4.05;0.77;0.77;1.17;;;;1.28;0.8;2.1418
Brasil;2013;Abril;4.06;0.8;0.8;1.21;;;;1.32;0.82;2.001
Brasil;2013;Marzo;4.08;0.9;0.84;1.24;;;;1.26;0.84;2.0235
Brasil;2013;Febrero;4;0.87;0.78;1.26;;;;1.25;0.82;1.9795
Brasil;2013;Enero;3.82;0.79;0.77;1.26;;;;1.16;0.75;1.9902
Brasil;2012;Diciembre;3.7;0.79;0.76;1.19;;;;1.1;0.69;2.0475
Brasil;2012;Noviembre;3.56;0.82;0.77;1.24;;;;1.04;0.8;2.135
Brasil;2012;Octubre;3.71;0.85;0.82;1.23;;;;1.02;0.76;2.0306
Brasil;2012;Setiembre;3.75;0.85;0.82;1.11;;;;1.03;0.74;2.0255
Brasil;2012;Agosto;3.63;0.83;0.82;1.04;;;;1.04;0.66;2.028
Brasil;2012;Julio;3.51;0.88;0.83;0.98;;;;0.99;0.66;2.0563
Brasil;2012;Junio;3.47;0.88;0.86;0.95;;;;1.01;0.67;2.0092
Brasil;2012;Mayo;3.56;0.89;0.86;0.98;;;;1.02;0.63;2.0221
Brasil;2012;Abril;3.93;0.93;0.89;1.02;;;;1.08;0.68;1.908
Brasil;2012;Marzo;3.88;;;1.08;;;;1.15;0.68;1.8257
Brasil;2012;Febrero;4.18;;;1.1;;;;1.17;0.71;1.7167
Brasil;2012;Enero;3.94;;;1.05;;;;1.16;0.75;1.7463
Brasil;2011;Diciembre;3.89;;;1.03;;;;1.14;0.66;1.8627
Brasil;2011;Noviembre;3.7;;;1.07;;;;1.18;0.74;1.8078
Brasil;2011;Octubre;3.71;0.99;0.95;1.03;;;;1.17;0.69;1.7167
Brasil;2011;Setiembre;3.87;1.04;0.96;1.06;;;;1.19;0.7;1.8785
Brasil;2011;Agosto;4.11;1.01;0.95;1.16;;;;1.27;0.79;1.5887
Brasil;2011;Julio;4.41;1.02;0.99;1.16;;;;1.31;0.84;1.5485
Brasil;2011;Junio;4.08;1.07;1.02;1.08;;;;1.27;0.78;1.5617
Brasil;2011;Mayo;4.11;1.09;1.04;1.13;;;;1.3;0.85;1.5795
Brasil;2011;Abril;4.16;1.08;1.03;1.16;;;;1.36;0.83;1.5765
Brasil;2011;Marzo;3.93;1.17;1.12;1.13;;;;1.24;0.8;1.6315
Brasil;2011;Febrero;4.08;1.12;1.07;1.16;;;;1.24;0.82;1.6635
Brasil;2011;Enero;4.14;1.06;1.02;1.17;;;;1.19;0.77;1.667
Brasil;2010;Diciembre;3.89;1.1;1.02;1.12;;;;1.17;0.8;1.6593
Brasil;2010;Noviembre;4.01;1.17;1.09;1.16;;;;1.1;0.77;1.7145
Brasil;2010;Octubre;4.04;1.13;1.1;1.17;;;;1.13;0.82;1.7007
Brasil;2010;Setiembre;3.82;1.04;1.02;1.17;;;;1.07;0.73;1.6871
Brasil;2010;Agosto;3.65;0.98;0.93;1.17;;;;0.96;0.62;1.7548
Brasil;2010;Julio;3.64;1.02;0.94;1.13;;;;0.96;0.64;1.754
Brasil;2010;Junio;3.56;1.15;1.07;1.12;;;;0.95;0.59;1.8039
Brasil;2010;Mayo;3.2;1.13;1.09;1.16;;;;0.94;0.6;1.82
Brasil;2010;Abril;3.54;1.08;1.07;1.15;;;;1;0.62;1.7375
Brasil;2010;Marzo;3.09;1.04;1.06;1.15;;;;0.96;0.62;1.7836
Brasil;2010;Febrero;3.28;0.97;0.99;1.31;;;;0.96;0.59;1.8072
Brasil;2010;Enero;2.93;0.98;0.98;1.27;;;;0.96;0.63;1.885
Brasil;2009;Diciembre;3.23;0.95;0.96;1.12;;;;0.97;0.61;1.743
Brasil;2009;Noviembre;3.1;0.9;0.92;1.22;;;;1.06;0.63;1.7555
Brasil;2009;Octubre;3.14;0.77;0.78;1.24;;;;1;0.66;1.7635
Brasil;2009;Setiembre;3.07;0.81;0.8;1.19;;;;1.01;0.64;1.7715
Brasil;2009;Agosto;3;0.8;0.79;1.17;;;;1.01;0.62;1.8802
Brasil;2009;Julio;3.23;0.75;0.75;1.1;;;;0.99;0.65;1.865
Brasil;2009;Junio;2.55;0.75;0.75;1.09;;;;0.94;0.62;1.9525
Brasil;2009;Mayo;2.79;0.76;0.73;1.06;;;;0.9;0.56;1.9715
Brasil;2009;Abril;2.41;0.75;0.74;1.05;;;;0.86;0.53;2.1898
Brasil;2009;Marzo;2.35;0.72;0.71;0.99;;;;0.78;0.57;2.3169
Brasil;2009;Febrero;2.61;0.64;0.65;1;;;;0.87;0.53;2.3914
Brasil;2009;Enero;2.39;0.63;0.63;0.96;;;;0.83;0.54;2.32
Brasil;2008;Diciembre;2.03;0.6;0.6;0.93;;;;0.79;0.57;2.3145
Brasil;2008;Noviembre;2.16;0.64;0.62;1.03;;;;0.84;0.69;2.3035
Brasil;2008;Octubre;2.59;0.66;0.66;1.05;;;;0.88;0.75;2.1642
Brasil;2008;Setiembre;3.16;0.68;0.66;1.35;;;;1.12;0.98;1.9066
Brasil;2008;Agosto;3.66;0.69;0.67;1.46;;;;1.33;1.08;1.63
Brasil;2008;Julio;3.28;0.63;0.63;1.5;;;;1.38;1.1;1.567
Brasil;2008;Junio;3.1;0.66;0.7;1.45;;;;1.43;1.13;1.6041
Brasil;2008;Mayo;3.39;0.7;0.67;1.22;;;;1.33;1;1.6265
Brasil;2008;Abril;2.82;0.74;0.66;1.08;;;;1.17;0.82;1.6622
Brasil;2008;Marzo;2.57;0.66;0.59;1;;;;1.05;0.77;1.7564
Brasil;2008;Febrero;2.59;0.67;0.58;1.04;;;;1.02;0.72;1.6914
Brasil;2008;Enero;2.7;0.67;0.62;1.09;;;;0.93;0.65;1.7588
Brasil;2007;Diciembre;2.53;0.64;0.62;0.96;;;;0.86;0.65;1.78
Brasil;2007;Noviembre;2.41;0.63;0.61;0.93;;;;0.9;0.66;1.7982
Brasil;2007;Octubre;2.46;0.63;0.6;0.89;;;;0.87;0.61;1.7368
Brasil;2007;Setiembre;2.46;0.58;0.54;0.92;;;;0.83;0.57;1.833
Brasil;2007;Agosto;2.19;0.57;0.5;0.84;;;;0.79;0.55;1.9681
Brasil;2007;Julio;2.33;0.57;0.47;0.87;;;;0.82;0.57;1.882
Brasil;2007;Junio;1.98;0.58;0.48;0.87;;;;0.79;0.54;1.929
Brasil;2007;Mayo;2.22;0.71;0.55;0.84;;;;0.76;0.52;1.9205
Brasil;2007;Abril;1.82;0.75;0.68;0.84;;;;0.72;0.51;2.0348
Brasil;2007;Marzo;1.78;0.71;0.64;0.81;;;;0.71;0.5;2.059
Brasil;2007;Febrero;1.85;0.68;0.61;0.81;;;;0.72;0.52;2.1204
Brasil;2007;Enero;1.79;0.61;0.56;0.8;;;;0.72;0.51;2.124
Brasil;2006;Diciembre;1.86;0.58;0.5;0.8;;;;0.68;0.51;2.1365
Brasil;2006;Noviembre;1.76;0.64;0.53;0.76;;;;0.67;0.5;2.165
Brasil;2006;Octubre;1.77;0.74;0.67;0.75;;;;0.66;0.47;2.1428
Brasil;2006;Setiembre;1.75;0.61;0.55;0.71;;;;0.62;0.46;2.1743
Brasil;2006;Agosto;1.76;0.59;0.53;0.71;;;;0.65;0.44;2.1434
Brasil;2006;Julio;1.74;0.65;0.56;0.71;;;;0.65;0.44;2.1775
Brasil;2006;Junio;1.69;0.75;0.73;0.66;;;;0.59;0.39;2.1659
Brasil;2006;Mayo;1.75;0.71;0.68;0.69;;;;0.61;0.4;2.3051
Brasil;2006;Abril;1.79;0.64;0.58;0.71;;;;0.64;0.43;2.087
Brasil;2006;Marzo;1.77;0.71;0.65;0.7;;;;0.65;0.41;2.164
Brasil;2006;Febrero;1.85;0.71;0.7;0.7;;;;0.68;0.4;2.1235
Brasil;2006;Enero;1.76;0.62;0.57;0.65;;;;0.63;0.38;2.212
Brasil;2005;Diciembre;1.75;0.58;0.57;0.64;;;;0.62;;2.3383
Brasil;2005;Noviembre;1.81;0.64;0.55;0.65;;;;0.63;;2.2035
Brasil;2005;Octubre;1.86;0.57;0.54;0.63;;;;0.64;;2.2518
Brasil;2005;Setiembre;1.83;0.51;0.44;0.63;;;;0.62;;2.2275
Brasil;2005;Agosto;1.78;0.52;0.47;0.62;;;;0.59;;2.3555
Brasil;2005;Julio;1.85;0.51;0.51;0.62;;;;0.61;;2.38
Brasil;2005;Junio;1.82;0.51;0.5;0.64;;;;0.61;;2.3364
Brasil;2005;Mayo;1.71;0.51;0.5;0.64;;;;0.62;;2.4095
Brasil;2005;Abril;1.55;0.51;0.49;0.62;;;;0.59;;2.5282
Brasil;2005;Marzo;1.48;0.5;0.48;0.59;;;;0.54;;2.68
Brasil;2005;Febrero;1.54;0.47;0.45;0.63;;;;0.56;;2.5895
Brasil;2005;Enero;1.49;0.47;0.46;0.59;;;;0.6;;2.6088
Brasil;2004;Diciembre;1.47;0.47;0.45;0.63;;;;0.54;;2.656
Brasil;2004;Noviembre;1.44;0.47;0.43;0.64;;;;0.54;;2.72
Brasil;2004;Octubre;1.4;0.46;0.39;0.67;;;;0.56;;2.8592
Brasil;2004;Setiembre;1.38;0.46;0.38;0.63;;;;0.56;;2.8595
Brasil;2004;Agosto;1.33;0.44;0.42;0.63;;;;0.54;;2.927
Brasil;2004;Julio;1.32;0.43;0.42;0.66;;;;0.54;;1.97
Brasil;2004;Junio;1.28;0.44;0.38;0.66;;;;0.49;;3.086
Brasil;2004;Mayo;1.23;0.43;0.35;0.66;;;;0.48;;1.97
Brasil;2004;Abril;1.31;0.42;0.33;0.73;;;;0.51;;2.931
Brasil;2004;Marzo;1.31;0.44;0.33;0.72;;;;0.51;;2.896
Brasil;2004;Febrero;1.23;0.45;0.37;0.75;;;;0.51;;2.906
Brasil;2004;Enero;1.33;0.44;0.37;0.77;;;;0.52;;2.9345
Brasil;2003;Diciembre;1.3;0.42;0.36;0.72;;;;0.53;;2.8915
Brasil;2003;Noviembre;1.3;0.42;0.38;0.69;;;;0.52;;2.9465
Brasil;2003;Octubre;1.33;0.42;0.39;0.71;;;;0.54;;2.8665
Brasil;2003;Setiembre;1.37;0.41;0.37;0.69;;;;0.53;;2.8925
Brasil;2003;Agosto;1.33;0.4;0.34;0.66;;;;0.54;;2.9785
Brasil;2003;Julio;1.39;0.41;0.36;0.68;;;;0.57;;2.9675
Brasil;2003;Junio;1.39;0.41;0.35;0.67;;;;0.58;;2.837
Brasil;2003;Mayo;1.35;0.43;0.36;0.65;;;;0.57;;2.9735
Brasil;2003;Abril;1.28;0.44;0.37;0.55;;;;0.55;;2.911
Brasil;2003;Marzo;1.16;0.44;0.41;0.48;;;;0.49;;3.364
Brasil;2003;Febrero;1.06;0.44;0.39;0.47;;;;0.5;;3.57
Brasil;2003;Enero;1.11;0.44;0.39;0.49;;;;0.53;;3.504
Brasil;2002;Diciembre;1.05;0.44;0.41;0.47;;;;0.52;;3.54
Brasil;2002;Noviembre;1.01;0.44;0.44;0.43;;;;0.5;;3.653
Brasil;2002;Octubre;0.89;0.41;0.41;0.34;;;;0.39;;3.65
Brasil;2002;Setiembre;0.96;0.42;0.39;0.37;;;;0.4;;3.76
Brasil;2002;Agosto;0.96;0.41;0.39;0.37;;;;0.39;;3.0075
Brasil;2002;Julio;0.95;0.42;0.4;0.39;;;;0.39;;3.46
Brasil;2002;Junio;0.96;0.44;0.42;0.41;;;;0.41;;2.8175
Brasil;2002;Mayo;1.05;0.47;0.45;0.43;;;;0.44;;2.518
Brasil;2002;Abril;1.12;0.5;0.47;0.46;;;;0.48;;2.361
Brasil;2002;Marzo;1.11;0.51;0.48;0.46;;;;0.46;;2.325
Brasil;2002;Febrero;1.07;0.53;0.5;0.48;;;;0.45;;2.365
Brasil;2002;Enero;1.09;0.52;0.51;0.49;;;;0.47;;2.413
Brasil;2001;Diciembre;1.1;0.51;0.51;0.5;;;;0.48;;2.311
Brasil;2001;Noviembre;1.02;0.51;0.5;0.47;;;;0.45;;2.495
Brasil;2001;Octubre;0.95;0.51;0.49;0.41;;;;0.4;;2.696
Brasil;2001;Setiembre;0.97;0.5;0.5;0.38;;;;0.41;;2.67
Brasil;2001;Agosto;1.04;0.5;0.49;0.41;;;;0.43;;2.564
Brasil;2001;Julio;0.97;0.5;0.5;0.41;;;;0.41;;2.473
Brasil;2001;Junio;1.01;0.52;0.51;0.4;;;;0.4;;2.3105
Brasil;2001;Mayo;0.96;0.52;0.52;0.41;;;;0.39;;2.381
Brasil;2001;Abril;1;0.52;0.52;0.42;;;;0.4;;2.201
Brasil;2001;Marzo;1.05;0.49;0.48;0.43;;;;0.41;;2.153
Brasil;2001;Febrero;1.1;0.49;0.47;0.44;;;;0.41;;2.0463
Brasil;2001;Enero;1.13;0.5;0.48;0.45;;;;0.43;;1.971
Brasil;2000;Diciembre;1.22;0.51;0.49;0.43;;;;0.42;;1.95
Brasil;2000;Noviembre;1.13;0.5;0.5;0.44;;;;0.45;;1.9795
Brasil;2000;Octubre;1.17;0.5;0.49;0.46;;;;0.45;;1.9
Brasil;2000;Setiembre;1.2;0.5;0.49;0.46;;;;0.47;;1.8435
Brasil;2000;Agosto;1.33;0.49;0.47;0.48;;;;0.46;;1.8235
Brasil;2000;Julio;1.22;0.47;0.47;0.48;;;;0.47;;1.7835
Brasil;2000;Junio;1.22;0.46;0.45;0.47;;;;0.46;;1.807
Brasil;2000;Mayo;1.2;0.45;0.45;0.48;;;;0.47;;1.824
Brasil;2000;Abril;1.24;0.45;0.45;0.51;;;;0.49;;1.805
Brasil;2000;Marzo;1.15;0.41;0.4;0.52;;;;0.49;;1.7395
Brasil;2000;Febrero;1.13;0.41;0.39;0.55;;;;0.47;;1.768
Brasil;2000;Enero;1.11;0.42;0.39;0.52;;;;0.49;;1.784
Chile;2021;Marzo;2.02;1.76;1.68;1.63;1.43;0.35;0.29;0.34;0.28;726.37
Chile;2021;Febrero;2.02;1.77;1.67;1.64;1.42;0.34;;0.3;0.28;722.63
Chile;2021;Enero;1.98;1.81;1.52;1.61;1.33;0.33;;0.3;0.26;723.56
Chile;2020;Diciembre;1.93;1.67;1.58;1.57;1.41;0.4;;0.31;0.28;734.73
Chile;2020;Noviembre;1.87;1.58;1.53;1.52;1.31;0.35;0.25;0.34;0.28;762.88
Chile;2020;Octubre;1.79;1.48;1.41;1.47;1.4;0.33;0.23;0.36;0.26;788.27
Chile;2020;Setiembre;1.82;1.53;1.37;1.49;1.38;0.34;0.21;0.35;0.26;773.4
Chile;2020;Agosto;1.79;1.49;1.54;1.47;1.32;0.34;0.2;0.34;0.26;784.66
Chile;2020;Julio;1.77;1.46;1.7;1.48;1.23;0.35;0.2;0.36;0.24;784.73
Chile;2020;Junio;1.78;1.42;1.76;1.47;1.21;0.35;0.2;0.35;0.24;793.72
Chile;2020;Mayo;1.72;1.42;1.75;1.41;1.2;0.35;0.19;0.34;0.24;821.81
Chile;2020;Abril;1.66;1.41;1.71;1.37;1.14;0.34;0.19;0.33;0.24;853.38
Chile;2020;Marzo;1.7;1.39;1.66;1.36;1.45;0.34;0.18;0.34;0.22;839.38
Chile;2020;Febrero;1.74;1.43;1.8;1.41;1.4;0.39;0.19;0.39;0.23;796.38
Chile;2020;Enero;1.74;1.5;1.73;1.45;1.46;0.41;0.19;0.42;0.23;772.65
Chile;2019;Diciembre;1.73;1.54;1.86;1.41;1.34;0.41;0.2;0.41;0.23;770.39
Chile;2019;Noviembre;1.68;1.53;1.8;1.47;1.31;0.41;0.2;0.4;0.22;776.53
Chile;2019;Octubre;1.81;1.61;1.81;1.55;1.3;0.4;0.2;0.39;0.23;721.03
Chile;2019;Setiembre;1.83;1.57;1.85;1.57;1.3;0.39;0.2;0.4;0.23;718.44
Chile;2019;Agosto;1.84;1.63;1.82;1.58;1.46;0.36;0.21;0.35;0.24;713.7
Chile;2019;Julio;1.92;1.67;1.9;1.64;1.62;0.5;0.2;0.42;0.25;686.06
Chile;2019;Junio;1.9;1.66;1.89;1.62;1.35;0.46;0.19;0.45;0.25;692.41
Chile;2019;Mayo;1.87;1.65;1.85;1.63;1.48;0.36;0.18;0.42;0.25;692
Chile;2019;Abril;1.94;1.72;1.85;1.69;1.51;0.36;0.19;0.44;0.26;667.4
Chile;2019;Marzo;1.94;1.74;1.81;1.68;1.1;0.36;0.19;0.45;0.25;667.68
Chile;2019;Febrero;1.98;1.89;1.77;1.72;1.14;0.36;;0.4;0.26;656.3
Chile;2019;Enero;1.93;1.97;1.81;1.66;1.14;0.36;0.24;0.4;0.26;677.06
Chile;2018;Diciembre;1.92;2.27;1.83;1.63;1.07;0.36;0.23;0.35;0.26;681.99
Chile;2018;Noviembre;1.89;2.43;1.85;1.67;1.18;0.32;0.21;0.33;0.27;677.61
Chile;2018;Octubre;1.89;2.03;1.96;1.7;1.07;0.33;0.2;0.35;0.26;676.84
Chile;2018;Setiembre;1.84;1.5;2.03;1.69;1.14;0.36;0.2;0.37;0.25;680.91
Chile;2018;Agosto;1.89;1.51;2.14;1.75;1.19;0.35;0.2;0.39;0.25;656.25
Chile;2018;Julio;1.89;1.51;2.2;1.75;1.39;0.4;0.2;0.4;0.24;652.41
Chile;2018;Junio;1.95;1.64;2.13;1.79;1.37;0.39;0.21;0.39;0.24;636.15
Chile;2018;Mayo;1.99;1.75;1.97;1.84;1.56;0.39;0.21;0.34;0.24;626.12
Chile;2018;Abril;2.07;1.86;1.85;1.92;1.31;0.37;0.21;0.32;0.23;600.55
Chile;2018;Marzo;2.04;1.85;1.9;1.89;1.28;0.34;0.22;0.32;0.23;603.45
Chile;2018;Febrero;2.05;1.85;1.98;1.92;1.28;0.35;0.21;0.3;0.23;596.84
Chile;2018;Enero;1.99;1.78;1.97;1.92;1.11;0.45;0.21;0.31;0.23;605.53
Chile;2017;Diciembre;1.92;1.6;2.04;1.79;1.11;0.43;0.19;0.29;0.22;636.92
Chile;2017;Noviembre;1.9;1.51;1.96;1.82;1.03;0.4;0.19;0.27;0.21;633.77
Chile;2017;Octubre;1.87;1.42;1.91;1.82;1.14;0.4;0.2;0.28;0.22;629.55
Chile;2017;Setiembre;1.87;1.52;1.88;1.85;1.11;0.37;0.2;0.3;0.22;625.54
Chile;2017;Agosto;1.79;1.42;1.39;1.78;1.02;0.37;0.2;0.35;0.21;644.24
Chile;2017;Julio;1.76;1.39;2.09;1.75;1.15;0.36;0.19;0.36;0.2;658.17
Chile;2017;Junio;1.71;1.46;1.85;1.73;1.17;0.35;0.19;0.36;0.2;665.15
Chile;2017;Mayo;1.68;1.59;1.97;1.7;1.14;0.35;0.19;0.35;0.19;671.54
Chile;2017;Abril;1.71;1.66;1.96;1.71;1.12;0.35;0.19;0.37;0.2;655.74
Chile;2017;Marzo;1.69;1.73;1.95;1.67;1.16;0.34;0.21;0.34;0.19;661.2
Chile;2017;Febrero;1.74;1.7;1.94;1.72;1.1;0.41;0.23;0.43;0.19;643.21
Chile;2017;Enero;1.7;1.65;1.91;1.65;1.07;0.41;0.22;0.42;0.2;661.19
Chile;2016;Diciembre;1.67;1.62;1.7;1.64;1.05;0.41;0.21;0.41;0.2;667.17
Chile;2016;Noviembre;1.66;1.7;1.36;1.63;1.12;0.38;0.21;0.38;0.21;666.12
Chile;2016;Octubre;1.66;1.57;1.63;1.6;1.12;0.4;0.21;0.41;0.21;663.92
Chile;2016;Setiembre;1.64;1.55;1.72;1.58;1.09;0.42;0.21;0.42;0.21;668.63
Chile;2016;Agosto;1.66;1.58;1.54;1.62;1.11;0.44;0.21;0.44;0.21;658.89
Chile;2016;Julio;1.65;1.62;1.46;1.62;0.98;0.47;0.2;0.43;0.21;657.57
Chile;2016;Junio;1.59;1.67;1.31;1.56;0.94;0.41;0.2;0.41;0.21;681.07
Chile;2016;Mayo;1.6;1.6;1.43;1.56;0.83;0.4;0.18;0.4;0.2;681.87
Chile;2016;Abril;1.64;1.67;1.51;1.6;0.87;0.4;0.18;0.39;0.21;669.93
Chile;2016;Marzo;1.6;;;1.57;0.83;0.38;0.2;0.36;0.19;682.07
Chile;2016;Febrero;1.55;1.98;1.56;1.51;0.96;0.37;0.19;0.35;0.18;704.08
Chile;2016;Enero;1.5;1.95;1.55;1.47;0.92;0.4;0.19;0.38;0.2;721.95
Chile;2015;Diciembre;1.52;2.15;1.59;1.5;0.95;0.41;0.19;0.39;0.23;704.24
Chile;2015;Noviembre;1.51;2.13;1.65;1.51;1.01;0.42;0.19;0.43;0.23;704
Chile;2015;Octubre;1.54;2.07;1.64;1.55;1.05;0.4;0.19;0.4;0.24;685.31
Chile;2015;Setiembre;1.53;1.89;1.63;1.53;1.42;0.38;0.19;0.38;0.24;691.73
Chile;2015;Agosto;1.52;1.56;1.62;1.53;1.36;0.37;0.19;0.38;0.23;688.12
Chile;2015;Julio;1.6;1.47;1.69;1.58;1.41;0.41;0.19;0.42;0.25;650.14
Chile;2015;Junio;1.62;;;1.62;1.1;0.44;0.18;0.45;0.25;629.99
Chile;2015;Mayo;1.69;;;1.65;1.47;0.45;0.19;0.48;0.26;607.6
Chile;2015;Abril;1.67;;;1.56;1.47;0.4;0.2;0.44;0.26;614.73
Chile;2015;Marzo;1.64;1.59;1.79;1.52;1.46;0.4;0.21;0.39;0.25;628.5
Chile;2015;Febrero;1.63;1.57;1.8;1.51;1.52;0.43;0.22;0.41;0.26;623.62
Chile;2015;Enero;1.63;1.7;1.86;1.49;1.5;0.42;0.22;0.4;0.27;620.91
Chile;2014;Diciembre;1.65;1.73;1.85;1.49;1.51;0.45;0.22;0.41;0.28;612.92
Chile;2014;Noviembre;1.7;1.83;1.85;1.53;1.56;0.47;0.22;0.43;0.29;592.46
Chile;2014;Octubre;1.7;1.61;1.92;1.53;1.56;0.49;0.22;0.42;0.28;589.98
Chile;2014;Setiembre;1.66;1.55;1.9;1.51;1.58;0.5;0.22;0.45;0.28;593.47
Chile;2014;Agosto;1.71;1.54;1.86;1.55;1.58;0.5;0.22;0.48;0.29;579.05
Chile;2014;Julio;1.71;1.5;1.82;1.58;1.57;0.47;0.22;0.49;0.29;558.21
Chile;2014;Junio;1.78;1.59;1.82;1.57;1.58;0.45;0.24;0.48;0.3;553.06
Chile;2014;Mayo;1.77;1.51;1.93;1.54;1.64;0.45;0.24;0.49;0.3;555.4
Chile;2014;Abril;1.76;1.6;1.96;1.53;1.53;0.44;0.24;0.47;0.29;554.64
Chile;2014;Marzo;1.73;1.58;1.51;1.48;1.5;0.41;0.24;0.41;0.28;563.84
Chile;2014;Febrero;1.75;1.58;1.51;1.5;1.47;0.42;0.24;0.44;0.28;554.41
Chile;2014;Enero;1.84;1.74;1.58;1.55;1.42;0.43;0.25;0.44;0.29;537.03
Chile;2013;Diciembre;1.85;;;1.57;1.54;0.38;0.24;0.42;0.31;529.45
Chile;2013;Noviembre;1.89;;;1.61;1.56;0.45;0.23;0.43;0.31;519.25
Chile;2013;Octubre;1.95;;;1.7;1.56;0.44;0.25;0.41;0.32;500.81
Chile;2013;Setiembre;1.94;;;1.63;1.53;0.46;0.24;0.5;0.32;504.57
Chile;2013;Agosto;1.89;;;1.64;1.51;0.44;0.25;0.49;0.32;512.59
Chile;2013;Julio;1.94;;;1.62;1.4;0.47;0.25;0.51;0.32;504.96
Chile;2013;Junio;1.94;;;1.65;1.39;0.47;0.25;0.5;0.32;502.89
Chile;2013;Mayo;2.07;;;1.73;1.3;0.46;0.26;0.49;0.33;479.58
Chile;2013;Abril;2.07;;;1.75;1.54;0.45;0.27;0.48;0.34;472.14
Chile;2013;Marzo;2.07;;;1.75;1.53;0.45;0.3;0.48;0.35;472.48
Chile;2013;Febrero;2;;;1.74;1.3;0.46;0.31;0.46;0.35;472.34
Chile;2013;Enero;1.99;;;1.73;1.32;0.48;0.31;0.47;0.35;472.67
Chile;2012;Diciembre;1.97;;;1.75;1.79;0.49;0.3;0.44;0.36;477.13
Chile;2012;Noviembre;1.85;;;1.74;1.58;0.48;0.29;0.45;0.37;480.57
Chile;2012;Octubre;1.88;;;;;0.46;0.31;0.42;0.35;475.36
Chile;2012;Setiembre;1.88;;;1.82;1.3;0.49;0.32;0.47;0.35;474.97
Chile;2012;Agosto;1.84;;;1.76;1.4;0.48;0.32;0.47;0.35;480.99
Chile;2012;Julio;1.78;;;;;0.46;0.27;0.5;0.31;491.93
Chile;2012;Junio;1.73;;;1.69;1.58;0.48;0.25;0.51;0.28;505.63
Chile;2012;Mayo;1.72;;;1.72;1.58;;0.26;;0.28;497.09
Chile;2012;Abril;1.8;;;;4.4;;0.27;;0.28;486
Chile;2012;Marzo;1.78;;;1.77;1.32;;0.27;;0.28;485.4
Chile;2012;Febrero;1.82;;;1.73;1.3;;0.28;;0.28;481.49
Chile;2012;Enero;1.79;;;;;;0.28;;0.27;501.34
Chile;2011;Diciembre;1.7;;;1.59;1.97;;0.27;;0.27;517.17
Chile;2011;Noviembre;1.71;;;1.58;1.98;0.5;0.28;0.49;0.3;508.44
Chile;2011;Octubre;1.68;;;;;0.48;0.27;0.44;0.29;511.74
Chile;2011;Setiembre;1.77;;;1.61;1.47;0.52;0.29;0.49;0.33;483.69
Chile;2011;Agosto;1.79;;;1.71;1.42;0.52;0.3;0.58;0.33;466.79
Chile;2011;Julio;1.8;;;1.76;1.54;0.59;0.31;0.67;0.32;462.94
Chile;2011;Junio;1.7;;;1.75;1.56;0.6;0.3;0.69;0.32;469.41
Chile;2011;Mayo;1.76;;;;;0.58;0.31;0.69;0.32;467.73
Chile;2011;Abril;1.7;;;1.75;1.47;0.53;0.31;0.6;0.32;471.32
Chile;2011;Marzo;1.65;;;1.75;1.42;0.49;0.3;0.51;0.3;479.65
Chile;2011;Febrero;1.59;;;1.77;1.54;0.45;0.3;0.5;0.28;475.69
Chile;2011;Enero;1.51;;;;;0.44;0.28;0.52;0.27;489.44
Chile;2010;Diciembre;1.55;;;;;0.4;0.29;0.51;0.26;474.78
Chile;2010;Noviembre;1.58;;;;;0.4;0.27;0.51;0.24;482.32
Chile;2010;Octubre;1.59;;;;;0.39;0.24;0.45;0.24;484.04
Chile;2010;Setiembre;1.58;;;;;0.39;0.23;0.46;0.22;493.93
Chile;2010;Agosto;1.54;;;;;0.38;0.21;0.5;0.21;509.32
Chile;2010;Julio;1.49;;;;;0.42;0.19;0.53;0.2;531.72
Chile;2010;Junio;1.47;;;;;0.41;0.19;0.54;0.2;536.67
Chile;2010;Mayo;1.47;;;;;0.39;0.19;0.5;0.2;533.21
Chile;2010;Abril;1.48;;;;;0.38;0.2;0.46;0.2;520.62
Chile;2010;Marzo;1.5;;;;;0.37;0.21;0.44;0.2;523.16
Chile;2010;Febrero;1.54;;;;;0.36;0.23;0.43;0.21;532.56
Chile;2010;Enero;1.63;;;;;0.36;0.22;0.41;0.23;500.66
Chile;2009;Diciembre;1.6;;;;;0.37;0.21;0.34;0.23;501.45
Chile;2009;Noviembre;1.59;;;;;0.35;0.21;0.34;0.22;507.78
Chile;2009;Octubre;1.49;;;;;0.35;0.19;0.35;0.21;545.83
Chile;2009;Setiembre;1.54;;;;;0.34;0.19;0.36;0.21;549.07
Chile;2009;Agosto;1.55;;;;;0.36;0.19;0.39;0.23;546.88
Chile;2009;Julio;1.6;;;;;0.39;0.19;0.41;0.25;540.42
Chile;2009;Junio;1.56;;;;;0.41;0.19;0.46;0.25;553.08
Chile;2009;Mayo;1.5;;;;;0.36;0.18;0.45;0.25;565.72
Chile;2009;Abril;1.49;;;;;0.32;0.18;0.4;0.24;583.18
Chile;2009;Marzo;1.45;;;;;0.3;0.2;0.39;0.24;592.93
Chile;2009;Febrero;1.5;;;;;0.3;0.21;0.4;0.22;606
Chile;2009;Enero;1.49;;;;;0.35;0.21;0.44;0.21;623.01
Chile;2008;Diciembre;1.44;;;;;0.36;0.22;0.51;0.23;649.32
Chile;2008;Noviembre;1.43;;;;;0.35;0.23;0.46;0.26;651.51
Chile;2008;Octubre;1.5;;;;;0.34;0.24;0.44;0.31;618.39
Chile;2008;Setiembre;1.73;;;;;0.4;0.28;0.46;0.38;530.17
Chile;2008;Agosto;1.78;;;;;0.46;0.29;0.49;0.4;516.7
Chile;2008;Julio;1.82;;;;;0.54;0.3;0.48;0.4;502.24
Chile;2008;Junio;1.82;;;;;0.52;0.28;0.49;0.39;493.61
Chile;2008;Mayo;1.91;;;;;0.45;0.29;0.42;0.43;470.1
Chile;2008;Abril;1.98;;;;;0.44;0.3;0.36;0.47;446.43
Chile;2008;Marzo;1.83;;;;;0.41;0.29;0.33;0.47;442.94
Chile;2008;Febrero;1.64;;;;;0.41;0.28;0.31;0.42;467.22
Chile;2008;Enero;1.59;;;;;0.38;0.27;0.29;0.35;480.9
Ecuador;2021;Marzo;1.82;0.48;0.37;0.8;0.55;0.34;0.36;0.49;0.23;1
Ecuador;2021;Febrero;1.82;0.43;0.37;0.81;0.53;0.35;0.36;0.49;0.23;1
Ecuador;2021;Enero;1.82;0.33;0.27;0.81;0.54;0.35;0.33;0.49;0.23;1
Ecuador;2020;Diciembre;1.82;0.31;0.18;0.81;0.55;0.3;0.31;0.49;0.23;1
Ecuador;2020;Noviembre;1.82;0.29;0.18;0.86;0.54;0.29;0.3;0.49;0.23;1
Ecuador;2020;Octubre;1.82;0.28;0.17;0.86;0.56;0.29;;0.49;0.23;1
Ecuador;2020;Setiembre;1.82;0.32;0.19;0.85;0.59;0.29;;0.49;0.23;1
Ecuador;2020;Agosto;1.82;0.36;0.2;0.88;0.63;0.3;0.26;0.49;0.23;1
Ecuador;2020;Julio;1.82;0.37;0.21;0.89;0.65;0.3;0.26;0.49;0.23;1
Ecuador;2020;Junio;1.82;0.35;0.22;0.87;0.67;0.31;0.26;0.48;0.23;1
Ecuador;2020;Mayo;1.82;0.35;0.21;0.88;0.67;0.31;0.28;0.48;0.23;1
Ecuador;2020;Abril;1.82;0.41;0.21;0.85;0.66;0.29;0.3;0.48;0.23;1
Ecuador;2020;Marzo;1.82;0.41;0.26;0.87;0.65;0.31;0.32;0.48;0.23;1
Ecuador;2020;Febrero;1.82;0.4;0.25;0.86;0.64;0.29;0.33;0.51;0.22;1
Ecuador;2020;Enero;1.82;0.42;0.27;0.85;0.6;0.3;0.3;0.51;0.22;1
Ecuador;2019;Diciembre;1.82;0.44;0.31;0.85;0.59;0.3;0.29;0.51;0.22;1
Ecuador;2019;Noviembre;1.82;0.48;0.37;0.86;0.6;0.29;;0.51;0.22;1
Ecuador;2019;Octubre;1.82;0.59;0.49;0.86;0.59;0.29;0.27;0.51;0.22;1
Ecuador;2019;Setiembre;1.82;0.56;0.44;0.85;0.61;0.3;0.26;0.51;0.22;1
Ecuador;2019;Agosto;1.82;0.52;0.35;0.85;0.62;0.29;0.25;0.51;0.22;1
Ecuador;2019;Julio;1.82;0.52;0.35;0.86;0.62;0.3;0.25;0.51;0.22;1
Ecuador;2019;Junio;1.82;0.52;0.39;0.85;0.6;0.29;0.27;0.51;0.22;1
Ecuador;2019;Mayo;1.82;0.47;0.32;0.85;0.56;0.29;0.29;0.51;0.22;1
Ecuador;2019;Abril;1.82;0.45;0.3;0.85;0.57;0.32;0.36;0.51;0.22;1
Ecuador;2019;Marzo;1.8;0.44;0.27;0.85;0.55;0.31;;0.51;0.22;1
Ecuador;2019;Febrero;1.8;0.47;0.33;0.85;0.49;0.31;;0.51;0.22;1
Ecuador;2019;Enero;1.78;0.49;0.43;0.85;0.5;0.29;0.28;0.51;0.22;1
Ecuador;2018;Diciembre;1.76;0.44;0.34;0.89;0.5;0.3;0.27;0.52;0.22;1
Ecuador;2018;Noviembre;1.82;0.45;0.36;0.87;0.51;0.3;0.25;0.54;0.22;1
Ecuador;2018;Octubre;1.78;0.39;0.31;0.89;0.56;0.31;0.25;0.54;0.22;1
Ecuador;2018;Setiembre;1.76;0.42;0.28;0.91;0.61;0.31;0.25;0.53;0.22;1
Ecuador;2018;Agosto;1.76;0.41;0.27;0.92;0.6;0.32;0.25;0.54;0.22;1
Ecuador;2018;Julio;1.8;0.36;0.23;0.95;0.58;0.31;0.27;0.54;0.22;1
Ecuador;2018;Junio;1.8;0.35;0.17;0.92;0.57;0.31;0.27;0.54;0.22;1
Ecuador;2018;Mayo;1.84;0.34;0.18;0.89;0.57;0.31;0.28;0.54;0.22;1
Ecuador;2018;Abril;1.84;0.31;0.19;0.91;0.56;0.3;0.28;0.54;0.21;1
Ecuador;2018;Marzo;1.84;0.35;0.22;0.9;0.59;0.3;0.27;0.54;0.21;1
Ecuador;2018;Febrero;1.84;0.44;0.27;0.93;0.58;0.3;0.28;0.54;0.21;1
Ecuador;2018;Enero;1.84;0.45;0.3;0.93;0.59;0.31;0.28;0.54;0.21;1
Ecuador;2017;Diciembre;1.84;0.46;0.38;0.93;0.6;0.33;0.29;0.54;0.22;1
Ecuador;2017;Noviembre;1.84;0.5;0.37;0.96;0.63;0.34;0.29;0.54;0.22;1
Ecuador;2017;Octubre;1.84;0.41;0.35;0.96;0.64;0.33;0.28;0.54;0.22;1
Ecuador;2017;Setiembre;1.84;0.36;0.24;0.96;0.68;0.33;0.27;0.54;0.21;1
Ecuador;2017;Agosto;1.84;0.35;0.24;0.99;0.69;0.33;0.27;0.54;0.21;1
Ecuador;2017;Julio;1.84;0.35;0.24;1;0.69;0.33;0.28;0.54;0.21;1
Ecuador;2017;Junio;1.84;0.33;0.21;1;0.68;0.31;0.27;0.55;0.22;1
Ecuador;2017;Mayo;1.84;0.38;0.26;0.99;0.66;0.34;0.39;0.55;0.22;1
Ecuador;2017;Abril;1.84;0.42;0.29;0.98;0.66;0.4;0.39;0.55;0.22;1
Ecuador;2017;Marzo;1.84;0.44;0.38;0.96;0.64;0.32;0.4;0.55;0.22;1
Ecuador;2017;Febrero;1.84;0.43;0.33;0.97;0.67;0.34;0.44;0.55;0.22;1
Ecuador;2017;Enero;1.84;0.44;0.34;0.96;0.69;0.33;;0.55;0.22;1
Ecuador;2016;Diciembre;1.84;0.42;0.3;0.93;0.71;0.34;;0.56;0.22;1
Ecuador;2016;Noviembre;1.84;0.44;0.28;0.94;0.71;0.34;0.34;0.56;0.22;1
Ecuador;2016;Octubre;1.84;0.41;0.27;0.99;0.72;0.33;;0.56;0.22;1
Ecuador;2016;Setiembre;1.84;0.43;0.28;1;0.72;0.32;;0.56;0.22;1
Ecuador;2016;Agosto;1.84;0.43;0.33;1.01;0.79;0.3;;0.56;0.22;1
Ecuador;2016;Julio;1.84;0.44;0.34;1.02;0.81;0.32;;0.56;0.22;1
Ecuador;2016;Junio;1.84;0.45;0.35;1.02;0.77;0.31;;0.55;0.22;1
Ecuador;2016;Mayo;1.84;0.43;0.36;1.04;0.74;0.33;;0.56;0.22;1
Ecuador;2016;Abril;1.84;0.41;0.33;1.03;0.79;0.32;;0.56;0.22;1
Ecuador;2016;Marzo;1.84;0.41;0.29;0.99;0.81;0.33;0.3;0.56;0.22;1
Ecuador;2016;Febrero;1.84;0.4;0.26;0.98;0.8;0.38;;0.56;0.22;1
Ecuador;2016;Enero;1.84;0.42;0.28;0.97;0.77;0.36;;0.56;0.22;1
Ecuador;2015;Diciembre;1.84;0.46;0.34;0.99;0.78;0.35;;0.56;0.23;1
Ecuador;2015;Noviembre;1.84;0.45;0.36;1;0.78;0.32;0.27;0.56;0.23;1
Ecuador;2015;Octubre;1.84;0.44;0.36;1;0.83;0.31;0.28;0.61;0.29;1
Ecuador;2015;Setiembre;1.84;0.46;0.36;0.99;0.84;0.31;;0.61;0.29;1
Ecuador;2015;Agosto;1.84;0.43;0.34;1;0.84;0.29;0.26;0.61;0.29;1
Ecuador;2015;Julio;1.84;0.43;0.35;0.98;0.83;0.31;0.26;0.61;0.29;1
Ecuador;2015;Junio;1.84;0.37;0.38;0.98;0.82;0.32;0.28;0.61;0.29;1
Ecuador;2015;Mayo;1.84;0.34;0.25;1;0.8;0.4;0.33;0.62;0.29;1
Ecuador;2015;Abril;1.84;0.37;0.24;0.99;0.83;0.39;0.38;0.62;0.29;1
Ecuador;2015;Marzo;1.84;0.35;0.27;0.97;0.81;0.39;0.38;0.62;0.29;1
Ecuador;2015;Febrero;1.84;0.48;0.3;0.93;0.69;0.4;0.34;0.63;0.29;1
Ecuador;2015;Enero;1.84;0.56;0.45;0.94;0.7;0.39;0.33;0.63;0.29;1
Ecuador;2014;Diciembre;1.84;0.6;0.49;0.92;0.72;0.34;;0.63;0.3;1
Ecuador;2014;Noviembre;1.86;0.63;0.54;0.92;0.74;0.33;0.28;0.64;0.33;1
Ecuador;2014;Octubre;1.84;0.6;0.55;0.94;0.75;0.32;;0.64;0.33;1
Ecuador;2014;Setiembre;1.86;0.6;0.48;0.96;0.72;0.33;0.26;0.64;0.33;1
Ecuador;2014;Agosto;1.84;0.47;0.4;0.94;0.73;0.33;0.27;0.65;0.34;1
Ecuador;2014;Julio;1.84;0.48;0.38;0.94;0.72;0.34;0.26;0.65;0.34;1
Ecuador;2014;Junio;1.86;0.45;0.33;0.94;0.7;;;0.67;0.33;1
Ecuador;2014;Mayo;2.54;0.61;0.34;0.95;0.69;;;0.7;0.31;1
Ecuador;2014;Abril;2.42;0.44;0.31;0.94;0.7;;;0.73;0.31;1
Ecuador;2014;Marzo;2.42;0.45;0.31;0.91;0.7;;;0.74;0.33;1
Ecuador;2014;Febrero;2.42;0.48;0.3;0.91;0.7;;;0.73;;1
Ecuador;2014;Enero;2.44;0.57;0.42;0.91;0.7;;;0.72;;1
Ecuador;2013;Diciembre;2.42;0.53;0.4;0.92;0.71;;;0.71;;1
Ecuador;2013;Noviembre;2.64;0.4;0.32;0.92;0.68;;;0.81;;1
Ecuador;2013;Octubre;2.42;0.38;0.3;0.92;0.66;;;0.91;;1
Ecuador;2013;Setiembre;2.5;0.33;0.23;0.93;0.71;;;0.94;;1
Ecuador;2013;Agosto;2.36;0.3;0.23;0.93;0.74;;;0.92;;1
Ecuador;2013;Julio;2.48;0.33;0.24;0.94;0.73;;;0.89;;1
Ecuador;2013;Junio;2.36;0.3;0.21;0.93;0.66;;;0.84;;1
Ecuador;2013;Mayo;2.38;0.31;0.23;0.9;0.71;;;0.92;;1
Ecuador;2013;Abril;2.4;0.29;0.19;0.91;0.72;;;0.94;;1
Ecuador;2013;Marzo;2.34;0.31;0.22;0.92;0.7;;;0.86;;1
Ecuador;2013;Febrero;2.36;0.33;0.27;0.93;0.71;;;0.79;;1
Ecuador;2013;Enero;2.34;0.37;0.31;0.94;0.72;;;0.74;;1
Ecuador;2012;Diciembre;2.32;0.4;0.33;0.94;0.73;;;0.73;;1
Ecuador;2012;Noviembre;2.52;;0.38;;0.74;;;0.74;;1
Ecuador;2012;Octubre;2.34;;0.41;;0.76;;;0.79;;1
Ecuador;2012;Setiembre;2.36;;0.41;;0.77;;;0.74;;1
Ecuador;2012;Agosto;2.34;0.57;0.45;0.94;0.8;;;0.72;;1
Ecuador;2012;Julio;2.28;0.61;0.47;0.91;0.78;;;0.74;;1
Ecuador;2012;Junio;2.34;0.71;0.46;0.9;0.71;;;0.75;;1
Ecuador;2012;Mayo;2.36;0.46;0.35;0.9;0.73;;;0.74;;1
Ecuador;2012;Abril;2.06;0.41;0.3;0.89;0.8;;;0.72;;1
Ecuador;2012;Marzo;2.36;0.38;0.29;0.89;0.74;;;0.7;;1
Ecuador;2012;Febrero;2.38;0.38;0.29;0.83;0.7;;;0.69;;1
Ecuador;2012;Enero;2.3;0.35;0.26;0.87;0.71;;;0.72;;1
Ecuador;2011;Diciembre;2.18;0.44;0.39;0.87;0.69;;;0.72;;1
Ecuador;2011;Noviembre;2.2;0.55;0.54;0.86;0.7;;;0.74;;1
Ecuador;2011;Octubre;2.02;0.66;0.64;0.86;0.66;;;0.77;;1
Ecuador;2011;Setiembre;2.06;0.63;0.62;0.85;0.73;;;0.77;;1
Ecuador;2011;Agosto;2.12;0.55;0.51;0.82;;;;0.77;;1
Ecuador;2011;Julio;2;0.42;0.41;;;;;0.79;;1
Ecuador;2011;Junio;2.08;0.36;0.35;;;;;0.73;;1
Ecuador;2011;Mayo;2.14;;0.35;;;;;0.71;;1
Ecuador;2011;Abril;2.26;0.33;0.29;0.85;0.69;;;0.7;;1
Ecuador;2011;Marzo;2.22;0.29;0.26;0.86;0.7;;;0.67;;1
Ecuador;2011;Febrero;2.18;0.29;0.27;0.84;0.64;;;0.66;;1
Ecuador;2011;Enero;2.08;0.39;0.33;0.82;0.66;;;0.69;;1
Ecuador;2010;Diciembre;2.02;0.4;;0.87;;;;0.72;;1
Ecuador;2010;Noviembre;2.08;0.37;0.31;0.84;0.67;;;0.76;;1
Ecuador;2010;Octubre;1.96;0.3;0.31;0.81;0.66;;;0.77;;1
Ecuador;2010;Setiembre;1.84;0.28;0.33;0.79;0.66;;;0.83;;1
Ecuador;2010;Agosto;1.86;0.21;0.23;0.78;0.69;;;0.81;;1
Ecuador;2010;Julio;1.82;0.18;0.22;0.78;0.67;;;0.83;;1
Ecuador;2010;Junio;1.88;0.19;0.22;0.81;0.65;;;0.81;;1
Ecuador;2010;Mayo;1.86;0.2;0.23;0.8;0.67;;;0.84;;1
Ecuador;2010;Abril;1.96;0.23;0.3;0.81;0.68;;;0.82;;1
Ecuador;2010;Marzo;1.9;0.31;0.34;0.84;0.72;;;0.79;;1
Ecuador;2010;Febrero;2.04;0.45;0.51;0.85;0.69;;;0.77;;1
Ecuador;2010;Enero;2.04;0.28;0.55;0.82;;;;0.82;;1
Ecuador;2009;Diciembre;2.1;0.43;0.46;0.84;0.65;;;0.89;;1
Ecuador;2009;Noviembre;2.18;0.34;0.34;0.84;0.67;;;0.95;;1
Ecuador;2009;Octubre;1.94;0.32;0.27;0.84;0.66;;;0.97;;1
Ecuador;2009;Setiembre;2;0.28;0.27;0.84;0.64;;;0.97;;1
Ecuador;2009;Agosto;2.1;0.29;0.28;0.84;0.67;;;0.99;;1
Ecuador;2009;Julio;2.08;0.36;0.34;0.84;0.68;;;1.05;;1
Ecuador;2009;Junio;2.14;0.47;0.46;0.84;0.69;;;1.03;;1
Ecuador;2009;Mayo;2.14;0.52;0.49;0.84;0.71;;;0.96;;1
Ecuador;2009;Abril;2.16;0.52;0.51;0.86;0.74;;;0.92;;1
Ecuador;2009;Marzo;2.14;0.52;0.46;0.87;0.76;;;0.85;;1
Ecuador;2009;Febrero;2.18;0.41;0.39;0.88;0.76;;;0.88;;1
Ecuador;2009;Enero;2.22;0.39;0.33;0.89;0.76;;;0.89;;1
Ecuador;2008;Diciembre;2.06;0.34;0.29;0.9;0.77;;;0.85;;1
Ecuador;2008;Noviembre;2.06;0.35;0.29;0.9;0.77;;;0.87;;1
Ecuador;2008;Octubre;2.04;0.47;0.38;0.92;0.77;;;0.99;;1
Ecuador;2008;Setiembre;2.04;0.62;0.47;0.92;0.79;;;1.18;;1
Ecuador;2008;Agosto;2.04;0.65;0.61;0.93;0.83;;;1.25;;1
Ecuador;2008;Julio;2.1;0.73;0.63;0.89;0.83;;;1.22;;1
Ecuador;2008;Junio;2.06;0.72;0.65;0.89;0.82;;;1.19;;1
Ecuador;2008;Mayo;1.96;0.7;0.61;0.91;0.83;;;1.25;;1
Ecuador;2008;Abril;1.92;0.44;0.47;0.91;0.83;;;1.07;;1
Ecuador;2008;Marzo;1.8;0.35;0.29;0.94;0.84;;;0.93;;1
Ecuador;2008;Febrero;1.74;0.32;0.26;0.86;0.77;;;0.97;;1
Ecuador;2008;Enero;1.66;0.31;0.23;0.87;0.76;;;1;;1
Ecuador;2007;Diciembre;1.6;0.32;0.28;0.87;0.76;;;1.02;;1
Ecuador;2007;Noviembre;1.64;0.35;0.33;0.84;0.73;;;1.06;;1
Ecuador;2007;Octubre;1.62;0.34;0.32;0.81;0.71;;;1.08;;1
Ecuador;2007;Setiembre;1.52;0.34;0.32;0.77;0.71;;;1.05;;1
Ecuador;2007;Agosto;1.54;0.28;0.25;0.74;0.71;;;1.03;;1
Ecuador;2007;Julio;1.4;0.24;0.22;0.73;0.71;;;1.02;;1
Ecuador;2007;Junio;1.36;0.3;0.26;0.71;0.66;;;0.97;;1
Ecuador;2007;Mayo;1.4;0.21;0.18;0.74;0.68;;;0.96;;1
Ecuador;2007;Abril;1.44;0.23;0.19;0.76;0.7;;;1;;1
Ecuador;2007;Marzo;1.42;0.26;0.18;0.75;0.7;;;1.03;;1
Ecuador;2007;Febrero;1.42;0.31;0.21;0.73;0.67;;;1.02;;1
Ecuador;2007;Enero;1.38;0.35;0.27;0.74;0.66;;;1.04;;1
Ecuador;2006;Diciembre;1.4;0.37;0.37;0.71;0.66;;;1.03;;1
Ecuador;2006;Noviembre;1.38;0.44;0.39;0.71;0.62;;;1.06;;1
Ecuador;2006;Octubre;1.38;0.49;0.41;0.71;0.57;;;1.12;;1
Ecuador;2006;Setiembre;1.36;0.44;0.4;0.71;0.54;;;1.16;;1
Ecuador;2006;Agosto;1.3;0.36;0.33;0.71;0.58;;;1.2;;1
Ecuador;2006;Julio;1.36;0.31;0.25;0.71;0.55;;;1.21;;1
Ecuador;2006;Junio;1.3;0.22;0.23;0.71;0.55;;;1.2;;1
Ecuador;2006;Mayo;1.38;0.23;0.23;0.7;0.54;;;1.3;;1
Ecuador;2006;Abril;1.4;0.31;0.3;0.7;0.58;;;1.38;;1
Ecuador;2006;Marzo;1.36;0.5;0.45;0.74;0.59;;;1.34;;1
Ecuador;2006;Febrero;1.36;0.5;0.45;0.75;0.58;;;1.36;;1
Ecuador;2006;Enero;1.34;0.58;0.49;0.78;0.59;;;1.38;;1
Ecuador;2005;Diciembre;1.36;0.56;0.52;0.81;0.58;;;1.36;;1
Ecuador;2005;Noviembre;;0.53;0.51;0.82;0.59;;;1.36;;1
Ecuador;2005;Octubre;;0.55;0.5;0.81;0.58;;;1.34;;1
Ecuador;2005;Setiembre;;0.53;0.42;0.82;0.63;;;1.38;;1
Ecuador;2005;Agosto;;0.44;0.36;0.82;0.61;;;;;1
Ecuador;2005;Julio;;0.4;0.34;0.82;0.59;;;;;1
Ecuador;2005;Junio;;0.32;0.31;0.82;0.59;;;;;1
Ecuador;2005;Mayo;;0.41;0.39;0.82;0.62;;;;;1
Ecuador;2005;Abril;;0.45;0.43;0.81;0.68;;;;;1
Ecuador;2005;Marzo;;0.4;0.33;0.86;0.73;;;1.07;;1
Ecuador;2005;Febrero;;0.37;0.32;0.81;0.7;;;1.14;;1
Ecuador;2005;Enero;;0.29;0.23;0.81;0.65;;;1.13;;1
