{"chunk_definitions":[{"row":16,"row_count":1,"visible":true,"expansion_state":0,"options":{"engine":"r","label":"setup","include":false},"document_id":"A9E372DA","chunk_id":"csetup_chunk","chunk_label":"setup"},{"row":412,"row_count":1,"visible":true,"expansion_state":0,"options":{"engine":"r","eval":false,"echo":false,"message":false,"warning":false,"label":"unnamed-chunk-9"},"document_id":"A9E372DA","chunk_id":"chxiwykehk7ju","chunk_label":"unnamed-chunk-32"},{"row":451,"row_count":1,"visible":true,"expansion_state":0,"options":{"engine":"r","eval":true,"echo":false,"message":false,"warning":false,"label":"unnamed-chunk-11"},"document_id":"A9E372DA","chunk_id":"c47tms2g84nq7","chunk_label":"unnamed-chunk-33"}],"doc_write_time":1638552586,"working_dir":null,"default_chunk_options":{"echo":false}}