"0",""
"0","DFibra <- DFN[DFN$Servicio == 'Fibra óptica',]"
"0",""
"0",""
"0",""
"0","num1 <- nrow(DFN)"
"0","xbarra <- round(mean(DFibra$PING,na.rm = T),2)"
"0",""
"0","stecho1 <- sd(DFibra$PING, na.rm = T)"
"0",""
"0","u1 = round(mean(DFN$PING, na.rm = T),2)"
"0","conf <- 0.95"
"0",""
"0","#Hallamos el zcrit:"
"0","zcrit1 <- qnorm(1-conf, lower.tail = FALSE)"
"0","round(zcrit1,2)"
"1","[1]"
"1"," 1.64"
"1","
"
"0","#Hallamos estadistico(TT):"
"0","TT1 <- (xbarra - u1)/(stecho1/sqrt(num1))"
"0","round(TT1,2)"
"1","[1]"
"1"," -1.87"
"1","
"
"0","#Utilizando t.test:"
"0","t.test(DCentro$Costo, conf.level = 0.95, mu = 110.65, alternative = ""greater"")"
"1","
"
"1","	One Sample t-test"
"1","
"
"1","
"
"1","data:  "
"1",""
"1","DCentro$Costo"
"1",""
"1","
"
"1","t = 0.57435, df = 7, p-value = 0.2919"
"1","
"
"1","alternative hypothesis: "
"1","true "
"1",""
"1","mean"
"1",""
"1"," is "
"1",""
"1","greater than"
"1",""
"1"," "
"1",""
"1","110.65"
"1",""
"1","
"
"1","95"
"1",""
"1"," percent confidence interval:
"
"1",""
"1"," "
"1",""
"1","91.80131      Inf"
"1",""
"1","
"
"1","sample estimates:
"
"1","mean of x "
"1","
"
"1","   118.85 "
"1","
"
"1","
"
"0","Xs1 <- seq(-3, 3, by=0.1)"
"0","plot(Xs1,dnorm(Xs1),type=""l"",lwd=2,col=""blue"",main = ""Prueba de Hipótesis 1"")"
